lesion_id,image_id,dx,label,image_path,dx_type,age,sex,localization
HAM_0000118,ISIC_0027419,bkl,0,HAM10000_images_part_1/ISIC_0027419.jpg,histo,80.0,male,scalp
HAM_0000118,ISIC_0025030,bkl,0,HAM10000_images_part_1/ISIC_0025030.jpg,histo,80.0,male,scalp
HAM_0002730,ISIC_0026769,bkl,0,HAM10000_images_part_1/ISIC_0026769.jpg,histo,80.0,male,scalp
HAM_0002730,ISIC_0025661,bkl,0,HAM10000_images_part_1/ISIC_0025661.jpg,histo,80.0,male,scalp
HAM_0001466,ISIC_0031633,bkl,0,HAM10000_images_part_2/ISIC_0031633.jpg,histo,75.0,male,ear
HAM_0001466,ISIC_0027850,bkl,0,HAM10000_images_part_1/ISIC_0027850.jpg,histo,75.0,male,ear
HAM_0002761,ISIC_0029176,bkl,0,HAM10000_images_part_1/ISIC_0029176.jpg,histo,60.0,male,face
HAM_0002761,ISIC_0029068,bkl,0,HAM10000_images_part_1/ISIC_0029068.jpg,histo,60.0,male,face
HAM_0005132,ISIC_0025837,bkl,0,HAM10000_images_part_1/ISIC_0025837.jpg,histo,70.0,female,back
HAM_0005132,ISIC_0025209,bkl,0,HAM10000_images_part_1/ISIC_0025209.jpg,histo,70.0,female,back
HAM_0001396,ISIC_0025276,bkl,0,HAM10000_images_part_1/ISIC_0025276.jpg,histo,55.0,female,trunk
HAM_0001949,ISIC_0025767,bkl,0,HAM10000_images_part_1/ISIC_0025767.jpg,histo,70.0,male,trunk
HAM_0001949,ISIC_0032417,bkl,0,HAM10000_images_part_2/ISIC_0032417.jpg,histo,70.0,male,trunk
HAM_0007207,ISIC_0031326,bkl,0,HAM10000_images_part_2/ISIC_0031326.jpg,histo,65.0,male,back
HAM_0001601,ISIC_0025915,bkl,0,HAM10000_images_part_1/ISIC_0025915.jpg,histo,75.0,male,upper extremity
HAM_0001601,ISIC_0031029,bkl,0,HAM10000_images_part_2/ISIC_0031029.jpg,histo,75.0,male,upper extremity
HAM_0007571,ISIC_0029836,bkl,0,HAM10000_images_part_2/ISIC_0029836.jpg,histo,70.0,male,chest
HAM_0007571,ISIC_0032129,bkl,0,HAM10000_images_part_2/ISIC_0032129.jpg,histo,70.0,male,chest
HAM_0002521,ISIC_0027828,bkl,0,HAM10000_images_part_1/ISIC_0027828.jpg,histo,40.0,male,upper extremity
HAM_0002521,ISIC_0029291,bkl,0,HAM10000_images_part_1/ISIC_0029291.jpg,histo,40.0,male,upper extremity
HAM_0006574,ISIC_0030698,bkl,0,HAM10000_images_part_2/ISIC_0030698.jpg,histo,40.0,male,back
HAM_0006574,ISIC_0025567,bkl,0,HAM10000_images_part_1/ISIC_0025567.jpg,histo,40.0,male,back
HAM_0005612,ISIC_0024981,bkl,0,HAM10000_images_part_1/ISIC_0024981.jpg,histo,80.0,male,scalp
HAM_0005388,ISIC_0027815,bkl,0,HAM10000_images_part_1/ISIC_0027815.jpg,histo,80.0,male,chest
HAM_0000351,ISIC_0024324,bkl,0,HAM10000_images_part_1/ISIC_0024324.jpg,histo,85.0,male,back
HAM_0000351,ISIC_0029559,bkl,0,HAM10000_images_part_2/ISIC_0029559.jpg,histo,85.0,male,back
HAM_0003847,ISIC_0030661,bkl,0,HAM10000_images_part_2/ISIC_0030661.jpg,histo,85.0,male,upper extremity
HAM_0003847,ISIC_0027053,bkl,0,HAM10000_images_part_1/ISIC_0027053.jpg,histo,85.0,male,upper extremity
HAM_0003847,ISIC_0028560,bkl,0,HAM10000_images_part_1/ISIC_0028560.jpg,histo,85.0,male,upper extremity
HAM_0003847,ISIC_0031650,bkl,0,HAM10000_images_part_2/ISIC_0031650.jpg,histo,85.0,male,upper extremity
HAM_0000164,ISIC_0029161,bkl,0,HAM10000_images_part_1/ISIC_0029161.jpg,histo,60.0,male,chest
HAM_0000164,ISIC_0026273,bkl,0,HAM10000_images_part_1/ISIC_0026273.jpg,histo,60.0,male,chest
HAM_0003670,ISIC_0030105,bkl,0,HAM10000_images_part_2/ISIC_0030105.jpg,histo,80.0,female,unknown
HAM_0007125,ISIC_0025016,bkl,0,HAM10000_images_part_1/ISIC_0025016.jpg,histo,75.0,male,back
HAM_0007125,ISIC_0029147,bkl,0,HAM10000_images_part_1/ISIC_0029147.jpg,histo,75.0,male,back
HAM_0001221,ISIC_0029301,bkl,0,HAM10000_images_part_1/ISIC_0029301.jpg,histo,45.0,male,upper extremity
HAM_0001221,ISIC_0026637,bkl,0,HAM10000_images_part_1/ISIC_0026637.jpg,histo,45.0,male,upper extremity
HAM_0001983,ISIC_0030377,bkl,0,HAM10000_images_part_2/ISIC_0030377.jpg,histo,70.0,male,back
HAM_0000700,ISIC_0028052,bkl,0,HAM10000_images_part_1/ISIC_0028052.jpg,histo,60.0,male,face
HAM_0003021,ISIC_0031468,bkl,0,HAM10000_images_part_2/ISIC_0031468.jpg,histo,75.0,female,face
HAM_0003021,ISIC_0030926,bkl,0,HAM10000_images_part_2/ISIC_0030926.jpg,histo,75.0,female,face
HAM_0000959,ISIC_0029288,bkl,0,HAM10000_images_part_1/ISIC_0029288.jpg,histo,75.0,female,face
HAM_0000959,ISIC_0031008,bkl,0,HAM10000_images_part_2/ISIC_0031008.jpg,histo,75.0,female,face
HAM_0001751,ISIC_0024698,nv,0,HAM10000_images_part_1/ISIC_0024698.jpg,consensus,70.0,male,face
HAM_0004569,ISIC_0031495,bkl,0,HAM10000_images_part_2/ISIC_0031495.jpg,histo,40.0,male,upper extremity
HAM_0004569,ISIC_0026104,bkl,0,HAM10000_images_part_1/ISIC_0026104.jpg,histo,40.0,male,upper extremity
HAM_0004341,ISIC_0031967,bkl,0,HAM10000_images_part_2/ISIC_0031967.jpg,histo,70.0,female,scalp
HAM_0004341,ISIC_0031584,bkl,0,HAM10000_images_part_2/ISIC_0031584.jpg,histo,70.0,female,scalp
HAM_0001469,ISIC_0029289,bkl,0,HAM10000_images_part_1/ISIC_0029289.jpg,histo,60.0,female,trunk
HAM_0001469,ISIC_0029912,bkl,0,HAM10000_images_part_2/ISIC_0029912.jpg,histo,60.0,female,trunk
HAM_0001728,ISIC_0033539,bkl,0,HAM10000_images_part_2/ISIC_0033539.jpg,histo,60.0,male,back
HAM_0003021,ISIC_0032283,bkl,0,HAM10000_images_part_2/ISIC_0032283.jpg,histo,75.0,female,face
HAM_0003021,ISIC_0030005,bkl,0,HAM10000_images_part_2/ISIC_0030005.jpg,histo,75.0,female,face
HAM_0000959,ISIC_0030189,bkl,0,HAM10000_images_part_2/ISIC_0030189.jpg,histo,75.0,female,face
HAM_0000959,ISIC_0026532,bkl,0,HAM10000_images_part_1/ISIC_0026532.jpg,histo,75.0,female,face
HAM_0001773,ISIC_0024832,bkl,0,HAM10000_images_part_1/ISIC_0024832.jpg,histo,40.0,female,face
HAM_0001773,ISIC_0026958,bkl,0,HAM10000_images_part_1/ISIC_0026958.jpg,histo,40.0,female,face
HAM_0002127,ISIC_0030768,bkl,0,HAM10000_images_part_2/ISIC_0030768.jpg,histo,40.0,male,face
HAM_0002127,ISIC_0029837,bkl,0,HAM10000_images_part_2/ISIC_0029837.jpg,histo,40.0,male,face
HAM_0002092,ISIC_0031624,bkl,0,HAM10000_images_part_2/ISIC_0031624.jpg,histo,35.0,female,lower extremity
HAM_0002092,ISIC_0025510,bkl,0,HAM10000_images_part_1/ISIC_0025510.jpg,histo,35.0,female,lower extremity
HAM_0005075,ISIC_0030607,bkl,0,HAM10000_images_part_2/ISIC_0030607.jpg,histo,80.0,male,upper extremity
HAM_0005075,ISIC_0029060,bkl,0,HAM10000_images_part_1/ISIC_0029060.jpg,histo,80.0,male,upper extremity
HAM_0002921,ISIC_0029308,bkl,0,HAM10000_images_part_2/ISIC_0029308.jpg,histo,60.0,female,face
HAM_0004852,ISIC_0028774,bkl,0,HAM10000_images_part_1/ISIC_0028774.jpg,histo,65.0,male,face
HAM_0004852,ISIC_0030565,bkl,0,HAM10000_images_part_2/ISIC_0030565.jpg,histo,65.0,male,face
HAM_0001473,ISIC_0029022,bkl,0,HAM10000_images_part_1/ISIC_0029022.jpg,histo,70.0,male,face
HAM_0003007,ISIC_0025388,bkl,0,HAM10000_images_part_1/ISIC_0025388.jpg,histo,40.0,female,abdomen
HAM_0003007,ISIC_0028080,bkl,0,HAM10000_images_part_1/ISIC_0028080.jpg,histo,40.0,female,abdomen
HAM_0001853,ISIC_0032306,bkl,0,HAM10000_images_part_2/ISIC_0032306.jpg,histo,55.0,male,face
HAM_0006558,ISIC_0032304,bkl,0,HAM10000_images_part_2/ISIC_0032304.jpg,histo,65.0,female,genital
HAM_0006558,ISIC_0031639,bkl,0,HAM10000_images_part_2/ISIC_0031639.jpg,histo,65.0,female,genital
HAM_0001665,ISIC_0027957,bkl,0,HAM10000_images_part_1/ISIC_0027957.jpg,histo,50.0,male,lower extremity
HAM_0001665,ISIC_0031212,bkl,0,HAM10000_images_part_2/ISIC_0031212.jpg,histo,50.0,male,lower extremity
HAM_0001417,ISIC_0032382,bkl,0,HAM10000_images_part_2/ISIC_0032382.jpg,histo,55.0,male,face
HAM_0001417,ISIC_0027533,bkl,0,HAM10000_images_part_1/ISIC_0027533.jpg,histo,55.0,male,face
HAM_0000114,ISIC_0029674,bkl,0,HAM10000_images_part_2/ISIC_0029674.jpg,histo,65.0,male,face
HAM_0000114,ISIC_0028607,bkl,0,HAM10000_images_part_1/ISIC_0028607.jpg,histo,65.0,male,face
HAM_0004673,ISIC_0029418,bkl,0,HAM10000_images_part_2/ISIC_0029418.jpg,histo,50.0,male,back
HAM_0004673,ISIC_0027455,bkl,0,HAM10000_images_part_1/ISIC_0027455.jpg,histo,50.0,male,back
HAM_0007179,ISIC_0025906,bkl,0,HAM10000_images_part_1/ISIC_0025906.jpg,histo,0.0,female,back
HAM_0007179,ISIC_0027151,bkl,0,HAM10000_images_part_1/ISIC_0027151.jpg,histo,0.0,female,back
HAM_0005077,ISIC_0028646,bkl,0,HAM10000_images_part_1/ISIC_0028646.jpg,histo,75.0,male,upper extremity
HAM_0000344,ISIC_0034318,bkl,0,HAM10000_images_part_2/ISIC_0034318.jpg,histo,55.0,male,trunk
HAM_0000344,ISIC_0032972,bkl,0,HAM10000_images_part_2/ISIC_0032972.jpg,histo,55.0,male,trunk
HAM_0003321,ISIC_0032929,bkl,0,HAM10000_images_part_2/ISIC_0032929.jpg,histo,75.0,female,face
HAM_0003321,ISIC_0032963,bkl,0,HAM10000_images_part_2/ISIC_0032963.jpg,histo,75.0,female,face
HAM_0004075,ISIC_0030276,bkl,0,HAM10000_images_part_2/ISIC_0030276.jpg,histo,60.0,male,face
HAM_0006663,ISIC_0033482,bkl,0,HAM10000_images_part_2/ISIC_0033482.jpg,histo,85.0,female,lower extremity
HAM_0006663,ISIC_0033201,bkl,0,HAM10000_images_part_2/ISIC_0033201.jpg,histo,85.0,female,lower extremity
HAM_0003001,ISIC_0032514,bkl,0,HAM10000_images_part_2/ISIC_0032514.jpg,histo,75.0,male,face
HAM_0006654,ISIC_0033691,bkl,0,HAM10000_images_part_2/ISIC_0033691.jpg,histo,75.0,male,back
HAM_0006654,ISIC_0033910,bkl,0,HAM10000_images_part_2/ISIC_0033910.jpg,histo,75.0,male,back
HAM_0006654,ISIC_0032556,bkl,0,HAM10000_images_part_2/ISIC_0032556.jpg,histo,75.0,male,back
HAM_0007101,ISIC_0032842,bkl,0,HAM10000_images_part_2/ISIC_0032842.jpg,histo,60.0,male,lower extremity
HAM_0007101,ISIC_0032618,bkl,0,HAM10000_images_part_2/ISIC_0032618.jpg,histo,60.0,male,lower extremity
HAM_0007101,ISIC_0032513,bkl,0,HAM10000_images_part_2/ISIC_0032513.jpg,histo,60.0,male,lower extremity
HAM_0006938,ISIC_0033716,bkl,0,HAM10000_images_part_2/ISIC_0033716.jpg,histo,45.0,male,face
HAM_0006938,ISIC_0034011,bkl,0,HAM10000_images_part_2/ISIC_0034011.jpg,histo,45.0,male,face
HAM_0006938,ISIC_0033613,bkl,0,HAM10000_images_part_2/ISIC_0033613.jpg,histo,45.0,male,face
HAM_0003770,ISIC_0032877,bkl,0,HAM10000_images_part_2/ISIC_0032877.jpg,histo,80.0,male,face
HAM_0003770,ISIC_0034175,bkl,0,HAM10000_images_part_2/ISIC_0034175.jpg,histo,80.0,male,face
HAM_0003770,ISIC_0033523,bkl,0,HAM10000_images_part_2/ISIC_0033523.jpg,histo,80.0,male,face
HAM_0003768,ISIC_0029929,bkl,0,HAM10000_images_part_2/ISIC_0029929.jpg,histo,80.0,male,upper extremity
HAM_0001385,ISIC_0033280,bkl,0,HAM10000_images_part_2/ISIC_0033280.jpg,histo,50.0,female,neck
HAM_0001385,ISIC_0033212,bkl,0,HAM10000_images_part_2/ISIC_0033212.jpg,histo,50.0,female,neck
HAM_0001385,ISIC_0033770,bkl,0,HAM10000_images_part_2/ISIC_0033770.jpg,histo,50.0,female,neck
HAM_0003845,ISIC_0032829,bkl,0,HAM10000_images_part_2/ISIC_0032829.jpg,histo,40.0,female,trunk
HAM_0003845,ISIC_0033601,bkl,0,HAM10000_images_part_2/ISIC_0033601.jpg,histo,40.0,female,trunk
HAM_0005258,ISIC_0033400,bkl,0,HAM10000_images_part_2/ISIC_0033400.jpg,histo,60.0,female,lower extremity
HAM_0005258,ISIC_0033677,bkl,0,HAM10000_images_part_2/ISIC_0033677.jpg,histo,60.0,female,lower extremity
HAM_0005258,ISIC_0033262,bkl,0,HAM10000_images_part_2/ISIC_0033262.jpg,histo,60.0,female,lower extremity
HAM_0000802,ISIC_0033437,bkl,0,HAM10000_images_part_2/ISIC_0033437.jpg,histo,60.0,female,lower extremity
HAM_0006801,ISIC_0032688,bkl,0,HAM10000_images_part_2/ISIC_0032688.jpg,histo,60.0,female,lower extremity
HAM_0000802,ISIC_0033195,bkl,0,HAM10000_images_part_2/ISIC_0033195.jpg,histo,60.0,female,lower extremity
HAM_0000802,ISIC_0032553,bkl,0,HAM10000_images_part_2/ISIC_0032553.jpg,histo,60.0,female,lower extremity
HAM_0006801,ISIC_0033252,bkl,0,HAM10000_images_part_2/ISIC_0033252.jpg,histo,60.0,female,lower extremity
HAM_0006801,ISIC_0032570,bkl,0,HAM10000_images_part_2/ISIC_0032570.jpg,histo,60.0,female,lower extremity
HAM_0007625,ISIC_0033736,bkl,0,HAM10000_images_part_2/ISIC_0033736.jpg,histo,75.0,male,lower extremity
HAM_0007625,ISIC_0033378,bkl,0,HAM10000_images_part_2/ISIC_0033378.jpg,histo,75.0,male,lower extremity
HAM_0002008,ISIC_0033379,bkl,0,HAM10000_images_part_2/ISIC_0033379.jpg,histo,60.0,female,face
HAM_0002008,ISIC_0033438,bkl,0,HAM10000_images_part_2/ISIC_0033438.jpg,histo,60.0,female,face
HAM_0002008,ISIC_0032983,bkl,0,HAM10000_images_part_2/ISIC_0032983.jpg,histo,60.0,female,face
HAM_0002008,ISIC_0034024,bkl,0,HAM10000_images_part_2/ISIC_0034024.jpg,histo,60.0,female,face
HAM_0004975,ISIC_0033778,bkl,0,HAM10000_images_part_2/ISIC_0033778.jpg,histo,85.0,male,chest
HAM_0004975,ISIC_0032863,bkl,0,HAM10000_images_part_2/ISIC_0032863.jpg,histo,85.0,male,chest
HAM_0004975,ISIC_0034168,bkl,0,HAM10000_images_part_2/ISIC_0034168.jpg,histo,85.0,male,chest
HAM_0004442,ISIC_0033582,bkl,0,HAM10000_images_part_2/ISIC_0033582.jpg,histo,85.0,male,trunk
HAM_0004442,ISIC_0033576,bkl,0,HAM10000_images_part_2/ISIC_0033576.jpg,histo,85.0,male,trunk
HAM_0007384,ISIC_0033410,bkl,0,HAM10000_images_part_2/ISIC_0033410.jpg,histo,65.0,female,face
HAM_0007384,ISIC_0032725,bkl,0,HAM10000_images_part_2/ISIC_0032725.jpg,histo,65.0,female,face
HAM_0000516,ISIC_0033952,bkl,0,HAM10000_images_part_2/ISIC_0033952.jpg,histo,85.0,male,back
HAM_0002327,ISIC_0033606,bkl,0,HAM10000_images_part_2/ISIC_0033606.jpg,histo,60.0,female,neck
HAM_0002327,ISIC_0034103,bkl,0,HAM10000_images_part_2/ISIC_0034103.jpg,histo,60.0,female,neck
HAM_0002327,ISIC_0032883,bkl,0,HAM10000_images_part_2/ISIC_0032883.jpg,histo,60.0,female,neck
HAM_0002928,ISIC_0032665,bkl,0,HAM10000_images_part_2/ISIC_0032665.jpg,histo,80.0,male,trunk
HAM_0002928,ISIC_0033130,bkl,0,HAM10000_images_part_2/ISIC_0033130.jpg,histo,80.0,male,trunk
HAM_0000805,ISIC_0034189,bkl,0,HAM10000_images_part_2/ISIC_0034189.jpg,histo,80.0,male,face
HAM_0000805,ISIC_0033306,bkl,0,HAM10000_images_part_2/ISIC_0033306.jpg,histo,80.0,male,face
HAM_0000527,ISIC_0032757,bkl,0,HAM10000_images_part_2/ISIC_0032757.jpg,histo,45.0,female,face
HAM_0000527,ISIC_0032508,bkl,0,HAM10000_images_part_2/ISIC_0032508.jpg,histo,45.0,female,face
HAM_0000527,ISIC_0034201,bkl,0,HAM10000_images_part_2/ISIC_0034201.jpg,histo,45.0,female,face
HAM_0001954,ISIC_0032776,bkl,0,HAM10000_images_part_2/ISIC_0032776.jpg,histo,55.0,male,trunk
HAM_0001954,ISIC_0033828,bkl,0,HAM10000_images_part_2/ISIC_0033828.jpg,histo,55.0,male,trunk
HAM_0001858,ISIC_0033235,bkl,0,HAM10000_images_part_2/ISIC_0033235.jpg,histo,85.0,male,scalp
HAM_0001858,ISIC_0026085,bkl,0,HAM10000_images_part_1/ISIC_0026085.jpg,histo,85.0,male,scalp
HAM_0000087,ISIC_0034070,bkl,0,HAM10000_images_part_2/ISIC_0034070.jpg,histo,45.0,male,upper extremity
HAM_0000087,ISIC_0033709,bkl,0,HAM10000_images_part_2/ISIC_0033709.jpg,histo,45.0,male,upper extremity
HAM_0000581,ISIC_0032826,bkl,0,HAM10000_images_part_2/ISIC_0032826.jpg,histo,40.0,female,chest
HAM_0000581,ISIC_0034115,bkl,0,HAM10000_images_part_2/ISIC_0034115.jpg,histo,40.0,female,chest
HAM_0002894,ISIC_0033776,bkl,0,HAM10000_images_part_2/ISIC_0033776.jpg,histo,40.0,female,abdomen
HAM_0002894,ISIC_0033056,bkl,0,HAM10000_images_part_2/ISIC_0033056.jpg,histo,40.0,female,abdomen
HAM_0003050,ISIC_0033744,bkl,0,HAM10000_images_part_2/ISIC_0033744.jpg,histo,70.0,male,face
HAM_0003050,ISIC_0033659,bkl,0,HAM10000_images_part_2/ISIC_0033659.jpg,histo,70.0,male,face
HAM_0004091,ISIC_0033587,bkl,0,HAM10000_images_part_2/ISIC_0033587.jpg,histo,75.0,male,back
HAM_0004091,ISIC_0032675,bkl,0,HAM10000_images_part_2/ISIC_0032675.jpg,histo,75.0,male,back
HAM_0001855,ISIC_0033581,bkl,0,HAM10000_images_part_2/ISIC_0033581.jpg,histo,75.0,male,back
HAM_0001855,ISIC_0033913,bkl,0,HAM10000_images_part_2/ISIC_0033913.jpg,histo,75.0,male,back
HAM_0002372,ISIC_0034303,bkl,0,HAM10000_images_part_2/ISIC_0034303.jpg,histo,65.0,male,neck
HAM_0002372,ISIC_0034031,bkl,0,HAM10000_images_part_2/ISIC_0034031.jpg,histo,65.0,male,neck
HAM_0002372,ISIC_0033124,bkl,0,HAM10000_images_part_2/ISIC_0033124.jpg,histo,65.0,male,neck
HAM_0007341,ISIC_0032898,bkl,0,HAM10000_images_part_2/ISIC_0032898.jpg,histo,50.0,female,lower extremity
HAM_0007341,ISIC_0033488,bkl,0,HAM10000_images_part_2/ISIC_0033488.jpg,histo,50.0,female,lower extremity
HAM_0007341,ISIC_0033758,bkl,0,HAM10000_images_part_2/ISIC_0033758.jpg,histo,50.0,female,lower extremity
HAM_0001384,ISIC_0033397,bkl,0,HAM10000_images_part_2/ISIC_0033397.jpg,histo,70.0,male,back
HAM_0001384,ISIC_0033414,bkl,0,HAM10000_images_part_2/ISIC_0033414.jpg,histo,70.0,male,back
HAM_0001384,ISIC_0034113,bkl,0,HAM10000_images_part_2/ISIC_0034113.jpg,histo,70.0,male,back
HAM_0004029,ISIC_0029472,bkl,0,HAM10000_images_part_2/ISIC_0029472.jpg,histo,65.0,male,upper extremity
HAM_0004029,ISIC_0029682,bkl,0,HAM10000_images_part_2/ISIC_0029682.jpg,histo,65.0,male,upper extremity
HAM_0007402,ISIC_0034003,bkl,0,HAM10000_images_part_2/ISIC_0034003.jpg,histo,60.0,female,lower extremity
HAM_0007402,ISIC_0033079,bkl,0,HAM10000_images_part_2/ISIC_0033079.jpg,histo,60.0,female,lower extremity
HAM_0001309,ISIC_0033629,bkl,0,HAM10000_images_part_2/ISIC_0033629.jpg,histo,60.0,female,lower extremity
HAM_0001309,ISIC_0034037,bkl,0,HAM10000_images_part_2/ISIC_0034037.jpg,histo,60.0,female,lower extremity
HAM_0001309,ISIC_0032876,bkl,0,HAM10000_images_part_2/ISIC_0032876.jpg,histo,60.0,female,lower extremity
HAM_0001837,ISIC_0033635,bkl,0,HAM10000_images_part_2/ISIC_0033635.jpg,histo,80.0,male,trunk
HAM_0001837,ISIC_0033868,bkl,0,HAM10000_images_part_2/ISIC_0033868.jpg,histo,80.0,male,trunk
HAM_0004406,ISIC_0034125,bkl,0,HAM10000_images_part_2/ISIC_0034125.jpg,histo,80.0,male,back
HAM_0004406,ISIC_0033060,bkl,0,HAM10000_images_part_2/ISIC_0033060.jpg,histo,80.0,male,back
HAM_0004373,ISIC_0029014,bkl,0,HAM10000_images_part_1/ISIC_0029014.jpg,histo,70.0,female,face
HAM_0002050,ISIC_0032215,bkl,0,HAM10000_images_part_2/ISIC_0032215.jpg,histo,40.0,male,scalp
HAM_0004807,ISIC_0030124,bkl,0,HAM10000_images_part_2/ISIC_0030124.jpg,histo,65.0,male,back
HAM_0001927,ISIC_0029600,bkl,0,HAM10000_images_part_2/ISIC_0029600.jpg,histo,85.0,female,abdomen
HAM_0005862,ISIC_0031376,bkl,0,HAM10000_images_part_2/ISIC_0031376.jpg,histo,65.0,female,face
HAM_0004748,ISIC_0027513,bkl,0,HAM10000_images_part_1/ISIC_0027513.jpg,histo,55.0,male,upper extremity
HAM_0002810,ISIC_0031876,bkl,0,HAM10000_images_part_2/ISIC_0031876.jpg,histo,70.0,female,chest
HAM_0007431,ISIC_0031620,bkl,0,HAM10000_images_part_2/ISIC_0031620.jpg,histo,50.0,male,face
HAM_0002810,ISIC_0030542,bkl,0,HAM10000_images_part_2/ISIC_0030542.jpg,histo,70.0,female,chest
HAM_0000113,ISIC_0029548,bkl,0,HAM10000_images_part_2/ISIC_0029548.jpg,histo,75.0,female,hand
HAM_0000113,ISIC_0027989,bkl,0,HAM10000_images_part_1/ISIC_0027989.jpg,histo,75.0,female,hand
HAM_0000308,ISIC_0025136,bkl,0,HAM10000_images_part_1/ISIC_0025136.jpg,histo,55.0,female,abdomen
HAM_0001738,ISIC_0027218,bkl,0,HAM10000_images_part_1/ISIC_0027218.jpg,histo,50.0,female,lower extremity
HAM_0004141,ISIC_0030705,bkl,0,HAM10000_images_part_2/ISIC_0030705.jpg,histo,50.0,female,back
HAM_0006630,ISIC_0032063,bkl,0,HAM10000_images_part_2/ISIC_0032063.jpg,histo,50.0,male,trunk
HAM_0007220,ISIC_0025867,bkl,0,HAM10000_images_part_1/ISIC_0025867.jpg,histo,60.0,male,lower extremity
HAM_0006128,ISIC_0028701,bkl,0,HAM10000_images_part_1/ISIC_0028701.jpg,histo,55.0,female,lower extremity
HAM_0001562,ISIC_0027713,bkl,0,HAM10000_images_part_1/ISIC_0027713.jpg,histo,80.0,male,face
HAM_0005891,ISIC_0026060,bkl,0,HAM10000_images_part_1/ISIC_0026060.jpg,histo,70.0,female,face
HAM_0002529,ISIC_0026298,bkl,0,HAM10000_images_part_1/ISIC_0026298.jpg,histo,60.0,female,face
HAM_0007100,ISIC_0031989,bkl,0,HAM10000_images_part_2/ISIC_0031989.jpg,histo,50.0,male,face
HAM_0004566,ISIC_0029394,bkl,0,HAM10000_images_part_2/ISIC_0029394.jpg,histo,55.0,female,lower extremity
HAM_0003791,ISIC_0026893,bkl,0,HAM10000_images_part_1/ISIC_0026893.jpg,histo,65.0,male,lower extremity
HAM_0002827,ISIC_0025777,bkl,0,HAM10000_images_part_1/ISIC_0025777.jpg,histo,80.0,male,lower extremity
HAM_0006325,ISIC_0027739,bkl,0,HAM10000_images_part_1/ISIC_0027739.jpg,histo,50.0,male,lower extremity
HAM_0004114,ISIC_0026844,bkl,0,HAM10000_images_part_1/ISIC_0026844.jpg,histo,75.0,male,back
HAM_0004677,ISIC_0027680,bkl,0,HAM10000_images_part_1/ISIC_0027680.jpg,histo,80.0,male,back
HAM_0000582,ISIC_0025885,bkl,0,HAM10000_images_part_1/ISIC_0025885.jpg,histo,85.0,male,lower extremity
HAM_0005915,ISIC_0025656,bkl,0,HAM10000_images_part_1/ISIC_0025656.jpg,histo,45.0,male,face
HAM_0003293,ISIC_0029010,bkl,0,HAM10000_images_part_1/ISIC_0029010.jpg,histo,55.0,male,back
HAM_0002839,ISIC_0032280,bkl,0,HAM10000_images_part_2/ISIC_0032280.jpg,histo,60.0,female,lower extremity
HAM_0002839,ISIC_0025982,bkl,0,HAM10000_images_part_1/ISIC_0025982.jpg,histo,60.0,female,lower extremity
HAM_0005498,ISIC_0032335,bkl,0,HAM10000_images_part_2/ISIC_0032335.jpg,histo,80.0,male,back
HAM_0003000,ISIC_0025326,bkl,0,HAM10000_images_part_1/ISIC_0025326.jpg,histo,50.0,female,upper extremity
HAM_0004690,ISIC_0027374,bkl,0,HAM10000_images_part_1/ISIC_0027374.jpg,histo,70.0,female,back
HAM_0007439,ISIC_0024890,bkl,0,HAM10000_images_part_1/ISIC_0024890.jpg,histo,60.0,female,upper extremity
HAM_0006190,ISIC_0025507,bkl,0,HAM10000_images_part_1/ISIC_0025507.jpg,histo,65.0,female,lower extremity
HAM_0007260,ISIC_0028336,bkl,0,HAM10000_images_part_1/ISIC_0028336.jpg,histo,60.0,male,chest
HAM_0001362,ISIC_0025838,bkl,0,HAM10000_images_part_1/ISIC_0025838.jpg,histo,75.0,male,chest
HAM_0007332,ISIC_0027780,bkl,0,HAM10000_images_part_1/ISIC_0027780.jpg,histo,70.0,male,lower extremity
HAM_0000236,ISIC_0024592,bkl,0,HAM10000_images_part_1/ISIC_0024592.jpg,histo,40.0,female,abdomen
HAM_0001435,ISIC_0028970,bkl,0,HAM10000_images_part_1/ISIC_0028970.jpg,histo,65.0,female,hand
HAM_0002078,ISIC_0027042,bkl,0,HAM10000_images_part_1/ISIC_0027042.jpg,histo,60.0,female,lower extremity
HAM_0006122,ISIC_0031556,bkl,0,HAM10000_images_part_2/ISIC_0031556.jpg,histo,60.0,male,scalp
HAM_0007296,ISIC_0027068,bkl,0,HAM10000_images_part_1/ISIC_0027068.jpg,histo,65.0,female,upper extremity
HAM_0006143,ISIC_0032168,bkl,0,HAM10000_images_part_2/ISIC_0032168.jpg,histo,60.0,female,upper extremity
HAM_0003752,ISIC_0028308,bkl,0,HAM10000_images_part_1/ISIC_0028308.jpg,histo,50.0,female,chest
HAM_0003868,ISIC_0024708,bkl,0,HAM10000_images_part_1/ISIC_0024708.jpg,histo,80.0,male,back
HAM_0000364,ISIC_0024505,bkl,0,HAM10000_images_part_1/ISIC_0024505.jpg,histo,40.0,female,face
HAM_0004382,ISIC_0025743,bkl,0,HAM10000_images_part_1/ISIC_0025743.jpg,histo,85.0,male,face
HAM_0000745,ISIC_0027796,bkl,0,HAM10000_images_part_1/ISIC_0027796.jpg,histo,70.0,female,lower extremity
HAM_0007621,ISIC_0024626,bkl,0,HAM10000_images_part_1/ISIC_0024626.jpg,histo,70.0,male,back
HAM_0007621,ISIC_0031321,bkl,0,HAM10000_images_part_2/ISIC_0031321.jpg,histo,70.0,male,back
HAM_0002988,ISIC_0025337,bkl,0,HAM10000_images_part_1/ISIC_0025337.jpg,histo,35.0,male,face
HAM_0003140,ISIC_0027037,bkl,0,HAM10000_images_part_1/ISIC_0027037.jpg,histo,70.0,female,lower extremity
HAM_0002121,ISIC_0032486,bkl,0,HAM10000_images_part_2/ISIC_0032486.jpg,histo,70.0,female,lower extremity
HAM_0005157,ISIC_0029340,bkl,0,HAM10000_images_part_2/ISIC_0029340.jpg,histo,40.0,male,chest
HAM_0006987,ISIC_0027649,bkl,0,HAM10000_images_part_1/ISIC_0027649.jpg,histo,85.0,female,upper extremity
HAM_0007529,ISIC_0026607,bkl,0,HAM10000_images_part_1/ISIC_0026607.jpg,histo,50.0,male,chest
HAM_0002392,ISIC_0028233,bkl,0,HAM10000_images_part_1/ISIC_0028233.jpg,histo,55.0,male,face
HAM_0003076,ISIC_0029062,bkl,0,HAM10000_images_part_1/ISIC_0029062.jpg,histo,65.0,female,face
HAM_0005325,ISIC_0024971,bkl,0,HAM10000_images_part_1/ISIC_0024971.jpg,histo,50.0,male,neck
HAM_0005260,ISIC_0025485,bkl,0,HAM10000_images_part_1/ISIC_0025485.jpg,histo,65.0,male,scalp
HAM_0002335,ISIC_0031812,bkl,0,HAM10000_images_part_2/ISIC_0031812.jpg,histo,85.0,male,upper extremity
HAM_0002335,ISIC_0030465,bkl,0,HAM10000_images_part_2/ISIC_0030465.jpg,histo,85.0,male,upper extremity
HAM_0004500,ISIC_0025032,bkl,0,HAM10000_images_part_1/ISIC_0025032.jpg,histo,75.0,female,back
HAM_0003089,ISIC_0030706,bkl,0,HAM10000_images_part_2/ISIC_0030706.jpg,histo,85.0,male,back
HAM_0004928,ISIC_0031424,bkl,0,HAM10000_images_part_2/ISIC_0031424.jpg,histo,65.0,male,neck
HAM_0004928,ISIC_0029770,bkl,0,HAM10000_images_part_2/ISIC_0029770.jpg,histo,65.0,male,neck
HAM_0004917,ISIC_0026301,bkl,0,HAM10000_images_part_1/ISIC_0026301.jpg,histo,65.0,male,lower extremity
HAM_0004917,ISIC_0030227,bkl,0,HAM10000_images_part_2/ISIC_0030227.jpg,histo,65.0,male,lower extremity
HAM_0004501,ISIC_0028856,bkl,0,HAM10000_images_part_1/ISIC_0028856.jpg,histo,65.0,male,back
HAM_0002585,ISIC_0027026,bkl,0,HAM10000_images_part_1/ISIC_0027026.jpg,histo,85.0,female,neck
HAM_0000050,ISIC_0030095,bkl,0,HAM10000_images_part_2/ISIC_0030095.jpg,histo,60.0,male,upper extremity
HAM_0000050,ISIC_0031394,bkl,0,HAM10000_images_part_2/ISIC_0031394.jpg,histo,60.0,male,upper extremity
HAM_0005674,ISIC_0031060,bkl,0,HAM10000_images_part_2/ISIC_0031060.jpg,histo,70.0,female,back
HAM_0001546,ISIC_0027584,bkl,0,HAM10000_images_part_1/ISIC_0027584.jpg,histo,45.0,male,chest
HAM_0003768,ISIC_0026634,bkl,0,HAM10000_images_part_1/ISIC_0026634.jpg,histo,80.0,male,upper extremity
HAM_0001389,ISIC_0026775,bkl,0,HAM10000_images_part_1/ISIC_0026775.jpg,histo,75.0,male,lower extremity
HAM_0003835,ISIC_0024412,bkl,0,HAM10000_images_part_1/ISIC_0024412.jpg,histo,35.0,male,back
HAM_0006294,ISIC_0032348,bkl,0,HAM10000_images_part_2/ISIC_0032348.jpg,histo,75.0,female,chest
HAM_0006541,ISIC_0024883,bkl,0,HAM10000_images_part_1/ISIC_0024883.jpg,histo,35.0,female,lower extremity
HAM_0006472,ISIC_0027394,bkl,0,HAM10000_images_part_1/ISIC_0027394.jpg,histo,75.0,male,back
HAM_0000844,ISIC_0024773,bkl,0,HAM10000_images_part_1/ISIC_0024773.jpg,histo,70.0,male,lower extremity
HAM_0003913,ISIC_0027295,bkl,0,HAM10000_images_part_1/ISIC_0027295.jpg,histo,60.0,male,hand
HAM_0004131,ISIC_0025583,bkl,0,HAM10000_images_part_1/ISIC_0025583.jpg,histo,60.0,female,face
HAM_0000933,ISIC_0024358,bkl,0,HAM10000_images_part_1/ISIC_0024358.jpg,histo,60.0,female,back
HAM_0000933,ISIC_0027771,bkl,0,HAM10000_images_part_1/ISIC_0027771.jpg,histo,60.0,female,back
HAM_0003069,ISIC_0027344,bkl,0,HAM10000_images_part_1/ISIC_0027344.jpg,histo,70.0,male,lower extremity
HAM_0005022,ISIC_0027367,bkl,0,HAM10000_images_part_1/ISIC_0027367.jpg,histo,70.0,female,lower extremity
HAM_0003420,ISIC_0024748,bkl,0,HAM10000_images_part_1/ISIC_0024748.jpg,histo,45.0,male,abdomen
HAM_0001788,ISIC_0029100,bkl,0,HAM10000_images_part_1/ISIC_0029100.jpg,histo,65.0,male,chest
HAM_0000198,ISIC_0026923,bkl,0,HAM10000_images_part_1/ISIC_0026923.jpg,histo,75.0,male,lower extremity
HAM_0004945,ISIC_0029358,bkl,0,HAM10000_images_part_2/ISIC_0029358.jpg,histo,85.0,male,back
HAM_0004945,ISIC_0031766,bkl,0,HAM10000_images_part_2/ISIC_0031766.jpg,histo,85.0,male,back
HAM_0004945,ISIC_0030258,bkl,0,HAM10000_images_part_2/ISIC_0030258.jpg,histo,85.0,male,back
HAM_0002306,ISIC_0027606,bkl,0,HAM10000_images_part_1/ISIC_0027606.jpg,histo,65.0,male,upper extremity
HAM_0000110,ISIC_0025703,bkl,0,HAM10000_images_part_1/ISIC_0025703.jpg,histo,70.0,male,back
HAM_0002769,ISIC_0032481,bkl,0,HAM10000_images_part_2/ISIC_0032481.jpg,histo,80.0,male,back
HAM_0003140,ISIC_0030459,bkl,0,HAM10000_images_part_2/ISIC_0030459.jpg,histo,70.0,female,lower extremity
HAM_0003140,ISIC_0029776,bkl,0,HAM10000_images_part_2/ISIC_0029776.jpg,histo,70.0,female,lower extremity
HAM_0003152,ISIC_0027996,bkl,0,HAM10000_images_part_1/ISIC_0027996.jpg,histo,40.0,female,face
HAM_0005514,ISIC_0024453,bkl,0,HAM10000_images_part_1/ISIC_0024453.jpg,histo,65.0,female,face
HAM_0005546,ISIC_0029519,bkl,0,HAM10000_images_part_2/ISIC_0029519.jpg,histo,60.0,male,back
HAM_0004259,ISIC_0026644,bkl,0,HAM10000_images_part_1/ISIC_0026644.jpg,histo,60.0,female,neck
HAM_0001325,ISIC_0030522,bkl,0,HAM10000_images_part_2/ISIC_0030522.jpg,histo,70.0,male,scalp
HAM_0000298,ISIC_0029051,bkl,0,HAM10000_images_part_1/ISIC_0029051.jpg,histo,65.0,male,lower extremity
HAM_0004545,ISIC_0025985,bkl,0,HAM10000_images_part_1/ISIC_0025985.jpg,histo,70.0,male,back
HAM_0007232,ISIC_0025830,bkl,0,HAM10000_images_part_1/ISIC_0025830.jpg,histo,80.0,male,back
HAM_0007261,ISIC_0031686,bkl,0,HAM10000_images_part_2/ISIC_0031686.jpg,histo,65.0,male,face
HAM_0003152,ISIC_0030208,bkl,0,HAM10000_images_part_2/ISIC_0030208.jpg,histo,40.0,female,face
HAM_0000782,ISIC_0030723,bkl,0,HAM10000_images_part_2/ISIC_0030723.jpg,histo,75.0,female,face
HAM_0001493,ISIC_0032373,bkl,0,HAM10000_images_part_2/ISIC_0032373.jpg,histo,70.0,female,chest
HAM_0002301,ISIC_0028555,bkl,0,HAM10000_images_part_1/ISIC_0028555.jpg,histo,50.0,male,scalp
HAM_0002301,ISIC_0029568,bkl,0,HAM10000_images_part_2/ISIC_0029568.jpg,histo,50.0,male,scalp
HAM_0002316,ISIC_0029217,bkl,0,HAM10000_images_part_1/ISIC_0029217.jpg,histo,35.0,male,face
HAM_0005935,ISIC_0028254,bkl,0,HAM10000_images_part_1/ISIC_0028254.jpg,histo,70.0,female,chest
HAM_0004506,ISIC_0027320,bkl,0,HAM10000_images_part_1/ISIC_0027320.jpg,histo,85.0,female,neck
HAM_0004249,ISIC_0031591,bkl,0,HAM10000_images_part_2/ISIC_0031591.jpg,histo,60.0,female,face
HAM_0006123,ISIC_0025275,bkl,0,HAM10000_images_part_1/ISIC_0025275.jpg,histo,70.0,female,back
HAM_0006123,ISIC_0026606,bkl,0,HAM10000_images_part_1/ISIC_0026606.jpg,histo,70.0,female,back
HAM_0006123,ISIC_0025986,bkl,0,HAM10000_images_part_1/ISIC_0025986.jpg,histo,70.0,female,back
HAM_0003179,ISIC_0029108,bkl,0,HAM10000_images_part_1/ISIC_0029108.jpg,histo,35.0,female,face
HAM_0004889,ISIC_0028511,bkl,0,HAM10000_images_part_1/ISIC_0028511.jpg,histo,75.0,male,upper extremity
HAM_0004889,ISIC_0026714,bkl,0,HAM10000_images_part_1/ISIC_0026714.jpg,histo,75.0,male,upper extremity
HAM_0004889,ISIC_0028473,bkl,0,HAM10000_images_part_1/ISIC_0028473.jpg,histo,75.0,male,upper extremity
HAM_0000898,ISIC_0025529,bkl,0,HAM10000_images_part_1/ISIC_0025529.jpg,histo,80.0,male,scalp
HAM_0007332,ISIC_0026481,bkl,0,HAM10000_images_part_1/ISIC_0026481.jpg,histo,70.0,male,lower extremity
HAM_0007563,ISIC_0025075,bkl,0,HAM10000_images_part_1/ISIC_0025075.jpg,histo,60.0,male,upper extremity
HAM_0005606,ISIC_0025928,bkl,0,HAM10000_images_part_1/ISIC_0025928.jpg,histo,85.0,female,back
HAM_0005558,ISIC_0030812,bkl,0,HAM10000_images_part_2/ISIC_0030812.jpg,histo,85.0,male,face
HAM_0005558,ISIC_0029802,bkl,0,HAM10000_images_part_2/ISIC_0029802.jpg,histo,85.0,male,face
HAM_0006128,ISIC_0031770,bkl,0,HAM10000_images_part_2/ISIC_0031770.jpg,histo,55.0,female,lower extremity
HAM_0000992,ISIC_0026661,bkl,0,HAM10000_images_part_1/ISIC_0026661.jpg,histo,65.0,female,chest
HAM_0006563,ISIC_0026477,bkl,0,HAM10000_images_part_1/ISIC_0026477.jpg,histo,50.0,female,lower extremity
HAM_0001562,ISIC_0029789,bkl,0,HAM10000_images_part_2/ISIC_0029789.jpg,histo,80.0,male,face
HAM_0004400,ISIC_0030026,bkl,0,HAM10000_images_part_2/ISIC_0030026.jpg,histo,75.0,female,face
HAM_0004883,ISIC_0031851,bkl,0,HAM10000_images_part_2/ISIC_0031851.jpg,histo,55.0,male,back
HAM_0004883,ISIC_0030436,bkl,0,HAM10000_images_part_2/ISIC_0030436.jpg,histo,55.0,male,back
HAM_0002535,ISIC_0027754,bkl,0,HAM10000_images_part_1/ISIC_0027754.jpg,histo,50.0,female,face
HAM_0000770,ISIC_0024741,bkl,0,HAM10000_images_part_1/ISIC_0024741.jpg,histo,75.0,male,lower extremity
HAM_0005157,ISIC_0026286,bkl,0,HAM10000_images_part_1/ISIC_0026286.jpg,histo,40.0,male,chest
HAM_0005157,ISIC_0024880,bkl,0,HAM10000_images_part_1/ISIC_0024880.jpg,histo,40.0,male,chest
HAM_0004988,ISIC_0025659,bkl,0,HAM10000_images_part_1/ISIC_0025659.jpg,histo,75.0,male,lower extremity
HAM_0005935,ISIC_0026679,bkl,0,HAM10000_images_part_1/ISIC_0026679.jpg,histo,70.0,female,chest
HAM_0000744,ISIC_0032230,bkl,0,HAM10000_images_part_2/ISIC_0032230.jpg,histo,70.0,male,face
HAM_0000744,ISIC_0029525,bkl,0,HAM10000_images_part_2/ISIC_0029525.jpg,histo,70.0,male,face
HAM_0000744,ISIC_0029474,bkl,0,HAM10000_images_part_2/ISIC_0029474.jpg,histo,70.0,male,face
HAM_0000202,ISIC_0027219,bkl,0,HAM10000_images_part_1/ISIC_0027219.jpg,histo,50.0,male,face
HAM_0001057,ISIC_0032045,bkl,0,HAM10000_images_part_2/ISIC_0032045.jpg,histo,75.0,female,back
HAM_0001057,ISIC_0024381,bkl,0,HAM10000_images_part_1/ISIC_0024381.jpg,histo,75.0,female,back
HAM_0001597,ISIC_0026265,bkl,0,HAM10000_images_part_1/ISIC_0026265.jpg,histo,50.0,male,back
HAM_0001597,ISIC_0024426,bkl,0,HAM10000_images_part_1/ISIC_0024426.jpg,histo,50.0,male,back
HAM_0001603,ISIC_0031016,bkl,0,HAM10000_images_part_2/ISIC_0031016.jpg,histo,70.0,male,back
HAM_0006945,ISIC_0026044,bkl,0,HAM10000_images_part_1/ISIC_0026044.jpg,histo,60.0,female,lower extremity
HAM_0005420,ISIC_0024740,bkl,0,HAM10000_images_part_1/ISIC_0024740.jpg,histo,55.0,male,back
HAM_0003840,ISIC_0027801,bkl,0,HAM10000_images_part_1/ISIC_0027801.jpg,histo,55.0,female,face
HAM_0005146,ISIC_0030346,bkl,0,HAM10000_images_part_2/ISIC_0030346.jpg,histo,60.0,male,face
HAM_0005146,ISIC_0026526,bkl,0,HAM10000_images_part_1/ISIC_0026526.jpg,histo,60.0,male,face
HAM_0003899,ISIC_0029991,bkl,0,HAM10000_images_part_2/ISIC_0029991.jpg,histo,75.0,male,back
HAM_0005125,ISIC_0024726,bkl,0,HAM10000_images_part_1/ISIC_0024726.jpg,histo,65.0,male,back
HAM_0003476,ISIC_0029603,bkl,0,HAM10000_images_part_2/ISIC_0029603.jpg,histo,70.0,male,lower extremity
HAM_0001510,ISIC_0028100,bkl,0,HAM10000_images_part_1/ISIC_0028100.jpg,histo,60.0,female,lower extremity
HAM_0001536,ISIC_0031449,bkl,0,HAM10000_images_part_2/ISIC_0031449.jpg,histo,45.0,female,face
HAM_0001536,ISIC_0026842,bkl,0,HAM10000_images_part_1/ISIC_0026842.jpg,histo,45.0,female,face
HAM_0001539,ISIC_0026444,bkl,0,HAM10000_images_part_1/ISIC_0026444.jpg,histo,70.0,male,back
HAM_0001605,ISIC_0024422,bkl,0,HAM10000_images_part_1/ISIC_0024422.jpg,histo,75.0,male,upper extremity
HAM_0005420,ISIC_0030649,bkl,0,HAM10000_images_part_2/ISIC_0030649.jpg,histo,55.0,male,back
HAM_0005420,ISIC_0032043,bkl,0,HAM10000_images_part_2/ISIC_0032043.jpg,histo,55.0,male,back
HAM_0005672,ISIC_0030806,bkl,0,HAM10000_images_part_2/ISIC_0030806.jpg,histo,50.0,female,face
HAM_0005672,ISIC_0028388,bkl,0,HAM10000_images_part_1/ISIC_0028388.jpg,histo,50.0,female,face
HAM_0005708,ISIC_0029791,bkl,0,HAM10000_images_part_2/ISIC_0029791.jpg,histo,70.0,female,upper extremity
HAM_0001245,ISIC_0031168,bkl,0,HAM10000_images_part_2/ISIC_0031168.jpg,histo,60.0,male,chest
HAM_0001245,ISIC_0025575,bkl,0,HAM10000_images_part_1/ISIC_0025575.jpg,histo,60.0,male,chest
HAM_0005869,ISIC_0029249,bkl,0,HAM10000_images_part_1/ISIC_0029249.jpg,histo,75.0,female,chest
HAM_0005869,ISIC_0030822,bkl,0,HAM10000_images_part_2/ISIC_0030822.jpg,histo,75.0,female,chest
HAM_0001226,ISIC_0030636,bkl,0,HAM10000_images_part_2/ISIC_0030636.jpg,histo,70.0,female,back
HAM_0003766,ISIC_0027760,bkl,0,HAM10000_images_part_1/ISIC_0027760.jpg,histo,80.0,male,face
HAM_0003766,ISIC_0026538,bkl,0,HAM10000_images_part_1/ISIC_0026538.jpg,histo,80.0,male,face
HAM_0003856,ISIC_0024760,bkl,0,HAM10000_images_part_1/ISIC_0024760.jpg,histo,50.0,male,upper extremity
HAM_0001809,ISIC_0029897,bkl,0,HAM10000_images_part_2/ISIC_0029897.jpg,histo,80.0,female,unknown
HAM_0007591,ISIC_0025351,bkl,0,HAM10000_images_part_1/ISIC_0025351.jpg,histo,75.0,male,upper extremity
HAM_0001605,ISIC_0028881,bkl,0,HAM10000_images_part_1/ISIC_0028881.jpg,histo,75.0,male,upper extremity
HAM_0001979,ISIC_0027527,bkl,0,HAM10000_images_part_1/ISIC_0027527.jpg,histo,55.0,male,face
HAM_0003476,ISIC_0028972,bkl,0,HAM10000_images_part_1/ISIC_0028972.jpg,histo,70.0,male,lower extremity
HAM_0003943,ISIC_0031078,bkl,0,HAM10000_images_part_2/ISIC_0031078.jpg,histo,80.0,female,lower extremity
HAM_0003943,ISIC_0031464,bkl,0,HAM10000_images_part_2/ISIC_0031464.jpg,histo,80.0,female,lower extremity
HAM_0002879,ISIC_0025693,bkl,0,HAM10000_images_part_1/ISIC_0025693.jpg,histo,80.0,male,scalp
HAM_0003275,ISIC_0032116,bkl,0,HAM10000_images_part_2/ISIC_0032116.jpg,histo,75.0,female,chest
HAM_0000207,ISIC_0027451,bkl,0,HAM10000_images_part_1/ISIC_0027451.jpg,histo,75.0,female,chest
HAM_0003279,ISIC_0030329,bkl,0,HAM10000_images_part_2/ISIC_0030329.jpg,histo,70.0,female,lower extremity
HAM_0002592,ISIC_0029311,bkl,0,HAM10000_images_part_2/ISIC_0029311.jpg,histo,60.0,female,lower extremity
HAM_0004545,ISIC_0026849,bkl,0,HAM10000_images_part_1/ISIC_0026849.jpg,histo,70.0,male,back
HAM_0004570,ISIC_0030396,bkl,0,HAM10000_images_part_2/ISIC_0030396.jpg,histo,50.0,female,chest
HAM_0002058,ISIC_0024893,bkl,0,HAM10000_images_part_1/ISIC_0024893.jpg,histo,65.0,female,ear
HAM_0006827,ISIC_0031702,bkl,0,HAM10000_images_part_2/ISIC_0031702.jpg,histo,70.0,male,face
HAM_0004143,ISIC_0029031,bkl,0,HAM10000_images_part_1/ISIC_0029031.jpg,histo,50.0,male,chest
HAM_0006399,ISIC_0026219,bkl,0,HAM10000_images_part_1/ISIC_0026219.jpg,histo,60.0,female,back
HAM_0007603,ISIC_0029139,bkl,0,HAM10000_images_part_1/ISIC_0029139.jpg,histo,60.0,male,unknown
HAM_0004010,ISIC_0031061,bkl,0,HAM10000_images_part_2/ISIC_0031061.jpg,histo,60.0,male,back
HAM_0003943,ISIC_0025973,bkl,0,HAM10000_images_part_1/ISIC_0025973.jpg,histo,80.0,female,lower extremity
HAM_0004050,ISIC_0025086,bkl,0,HAM10000_images_part_1/ISIC_0025086.jpg,histo,75.0,female,lower extremity
HAM_0003605,ISIC_0026895,bkl,0,HAM10000_images_part_1/ISIC_0026895.jpg,histo,55.0,male,face
HAM_0001200,ISIC_0025716,bkl,0,HAM10000_images_part_1/ISIC_0025716.jpg,histo,85.0,male,face
HAM_0000299,ISIC_0024471,bkl,0,HAM10000_images_part_1/ISIC_0024471.jpg,histo,55.0,male,upper extremity
HAM_0000299,ISIC_0029878,bkl,0,HAM10000_images_part_2/ISIC_0029878.jpg,histo,55.0,male,upper extremity
HAM_0002722,ISIC_0027991,bkl,0,HAM10000_images_part_1/ISIC_0027991.jpg,histo,55.0,male,back
HAM_0002722,ISIC_0031289,bkl,0,HAM10000_images_part_2/ISIC_0031289.jpg,histo,55.0,male,back
HAM_0002722,ISIC_0030172,bkl,0,HAM10000_images_part_2/ISIC_0030172.jpg,histo,55.0,male,back
HAM_0005335,ISIC_0025627,bkl,0,HAM10000_images_part_1/ISIC_0025627.jpg,histo,40.0,male,upper extremity
HAM_0005335,ISIC_0031580,bkl,0,HAM10000_images_part_2/ISIC_0031580.jpg,histo,40.0,male,upper extremity
HAM_0005335,ISIC_0028389,bkl,0,HAM10000_images_part_1/ISIC_0028389.jpg,histo,40.0,male,upper extremity
HAM_0006541,ISIC_0025064,bkl,0,HAM10000_images_part_1/ISIC_0025064.jpg,histo,35.0,female,lower extremity
HAM_0000519,ISIC_0030758,bkl,0,HAM10000_images_part_2/ISIC_0030758.jpg,histo,70.0,male,neck
HAM_0001938,ISIC_0026245,bkl,0,HAM10000_images_part_1/ISIC_0026245.jpg,histo,45.0,female,lower extremity
HAM_0005913,ISIC_0028640,bkl,0,HAM10000_images_part_1/ISIC_0028640.jpg,histo,70.0,male,back
HAM_0007598,ISIC_0026514,bkl,0,HAM10000_images_part_1/ISIC_0026514.jpg,histo,65.0,male,lower extremity
HAM_0004426,ISIC_0026378,bkl,0,HAM10000_images_part_1/ISIC_0026378.jpg,histo,50.0,male,face
HAM_0006240,ISIC_0030188,bkl,0,HAM10000_images_part_2/ISIC_0030188.jpg,histo,80.0,male,upper extremity
HAM_0001024,ISIC_0027192,bkl,0,HAM10000_images_part_1/ISIC_0027192.jpg,histo,45.0,male,face
HAM_0005049,ISIC_0028201,bkl,0,HAM10000_images_part_1/ISIC_0028201.jpg,histo,80.0,male,face
HAM_0006595,ISIC_0028223,bkl,0,HAM10000_images_part_1/ISIC_0028223.jpg,histo,55.0,female,face
HAM_0001232,ISIC_0026614,bkl,0,HAM10000_images_part_1/ISIC_0026614.jpg,histo,45.0,male,chest
HAM_0000383,ISIC_0029678,bkl,0,HAM10000_images_part_2/ISIC_0029678.jpg,histo,85.0,male,back
HAM_0000833,ISIC_0031937,bkl,0,HAM10000_images_part_2/ISIC_0031937.jpg,histo,40.0,male,face
HAM_0000833,ISIC_0025719,bkl,0,HAM10000_images_part_1/ISIC_0025719.jpg,histo,40.0,male,face
HAM_0000843,ISIC_0029260,bkl,0,HAM10000_images_part_1/ISIC_0029260.jpg,histo,70.0,male,face
HAM_0001024,ISIC_0030683,bkl,0,HAM10000_images_part_2/ISIC_0030683.jpg,histo,45.0,male,face
HAM_0006327,ISIC_0028237,bkl,0,HAM10000_images_part_1/ISIC_0028237.jpg,histo,85.0,female,face
HAM_0006327,ISIC_0029585,bkl,0,HAM10000_images_part_2/ISIC_0029585.jpg,histo,85.0,female,face
HAM_0001073,ISIC_0027990,bkl,0,HAM10000_images_part_1/ISIC_0027990.jpg,histo,55.0,male,scalp
HAM_0006868,ISIC_0031050,bkl,0,HAM10000_images_part_2/ISIC_0031050.jpg,histo,70.0,female,lower extremity
HAM_0006343,ISIC_0024997,bkl,0,HAM10000_images_part_1/ISIC_0024997.jpg,histo,60.0,male,back
HAM_0005199,ISIC_0030876,bkl,0,HAM10000_images_part_2/ISIC_0030876.jpg,histo,55.0,male,face
HAM_0005199,ISIC_0024982,bkl,0,HAM10000_images_part_1/ISIC_0024982.jpg,histo,55.0,male,face
HAM_0001914,ISIC_0029126,bkl,0,HAM10000_images_part_1/ISIC_0029126.jpg,histo,60.0,male,back
HAM_0001914,ISIC_0028702,bkl,0,HAM10000_images_part_1/ISIC_0028702.jpg,histo,60.0,male,back
HAM_0005082,ISIC_0026843,bkl,0,HAM10000_images_part_1/ISIC_0026843.jpg,histo,65.0,female,lower extremity
HAM_0006211,ISIC_0025519,bkl,0,HAM10000_images_part_1/ISIC_0025519.jpg,histo,50.0,male,neck
HAM_0003605,ISIC_0029841,bkl,0,HAM10000_images_part_2/ISIC_0029841.jpg,histo,55.0,male,face
HAM_0003508,ISIC_0030319,bkl,0,HAM10000_images_part_2/ISIC_0030319.jpg,histo,85.0,female,upper extremity
HAM_0005082,ISIC_0025699,bkl,0,HAM10000_images_part_1/ISIC_0025699.jpg,histo,65.0,female,lower extremity
HAM_0005082,ISIC_0029617,bkl,0,HAM10000_images_part_2/ISIC_0029617.jpg,histo,65.0,female,lower extremity
HAM_0000806,ISIC_0024371,bkl,0,HAM10000_images_part_1/ISIC_0024371.jpg,histo,70.0,male,lower extremity
HAM_0000425,ISIC_0026947,bkl,0,HAM10000_images_part_1/ISIC_0026947.jpg,histo,50.0,male,scalp
HAM_0000425,ISIC_0024839,bkl,0,HAM10000_images_part_1/ISIC_0024839.jpg,histo,50.0,male,scalp
HAM_0005275,ISIC_0031808,bkl,0,HAM10000_images_part_2/ISIC_0031808.jpg,histo,65.0,male,face
HAM_0002548,ISIC_0027470,bkl,0,HAM10000_images_part_1/ISIC_0027470.jpg,histo,50.0,female,lower extremity
HAM_0004379,ISIC_0031352,bkl,0,HAM10000_images_part_2/ISIC_0031352.jpg,histo,55.0,male,face
HAM_0003739,ISIC_0026675,bkl,0,HAM10000_images_part_1/ISIC_0026675.jpg,histo,35.0,female,face
HAM_0003856,ISIC_0026335,bkl,0,HAM10000_images_part_1/ISIC_0026335.jpg,histo,50.0,male,upper extremity
HAM_0001094,ISIC_0031150,bkl,0,HAM10000_images_part_2/ISIC_0031150.jpg,histo,70.0,female,upper extremity
HAM_0002268,ISIC_0026070,bkl,0,HAM10000_images_part_1/ISIC_0026070.jpg,histo,70.0,female,upper extremity
HAM_0002303,ISIC_0032024,bkl,0,HAM10000_images_part_2/ISIC_0032024.jpg,histo,65.0,female,upper extremity
HAM_0002268,ISIC_0032235,bkl,0,HAM10000_images_part_2/ISIC_0032235.jpg,histo,70.0,female,upper extremity
HAM_0006031,ISIC_0025374,bkl,0,HAM10000_images_part_1/ISIC_0025374.jpg,histo,75.0,female,scalp
HAM_0006173,ISIC_0031961,bkl,0,HAM10000_images_part_2/ISIC_0031961.jpg,histo,60.0,female,face
HAM_0003015,ISIC_0032456,bkl,0,HAM10000_images_part_2/ISIC_0032456.jpg,histo,55.0,male,back
HAM_0006723,ISIC_0026365,bkl,0,HAM10000_images_part_1/ISIC_0026365.jpg,histo,45.0,male,lower extremity
HAM_0002548,ISIC_0028656,bkl,0,HAM10000_images_part_1/ISIC_0028656.jpg,histo,50.0,female,lower extremity
HAM_0002686,ISIC_0031716,bkl,0,HAM10000_images_part_2/ISIC_0031716.jpg,histo,70.0,female,lower extremity
HAM_0004921,ISIC_0025389,bkl,0,HAM10000_images_part_1/ISIC_0025389.jpg,histo,65.0,male,neck
HAM_0003281,ISIC_0031903,bkl,0,HAM10000_images_part_2/ISIC_0031903.jpg,histo,70.0,male,upper extremity
HAM_0003682,ISIC_0031630,bkl,0,HAM10000_images_part_2/ISIC_0031630.jpg,histo,55.0,female,face
HAM_0000237,ISIC_0027893,bkl,0,HAM10000_images_part_1/ISIC_0027893.jpg,histo,80.0,male,lower extremity
HAM_0004423,ISIC_0027982,bkl,0,HAM10000_images_part_1/ISIC_0027982.jpg,histo,65.0,female,upper extremity
HAM_0004423,ISIC_0030318,bkl,0,HAM10000_images_part_2/ISIC_0030318.jpg,histo,65.0,female,upper extremity
HAM_0004423,ISIC_0026737,bkl,0,HAM10000_images_part_1/ISIC_0026737.jpg,histo,65.0,female,upper extremity
HAM_0005275,ISIC_0028749,bkl,0,HAM10000_images_part_1/ISIC_0028749.jpg,histo,65.0,male,face
HAM_0006173,ISIC_0032445,bkl,0,HAM10000_images_part_2/ISIC_0032445.jpg,histo,60.0,female,face
HAM_0006201,ISIC_0024420,bkl,0,HAM10000_images_part_1/ISIC_0024420.jpg,histo,55.0,male,face
HAM_0006201,ISIC_0030801,bkl,0,HAM10000_images_part_2/ISIC_0030801.jpg,histo,55.0,male,face
HAM_0006267,ISIC_0032358,bkl,0,HAM10000_images_part_2/ISIC_0032358.jpg,histo,50.0,female,back
HAM_0006267,ISIC_0031200,bkl,0,HAM10000_images_part_2/ISIC_0031200.jpg,histo,50.0,female,back
HAM_0006287,ISIC_0029101,bkl,0,HAM10000_images_part_1/ISIC_0029101.jpg,histo,50.0,male,lower extremity
HAM_0000383,ISIC_0024612,bkl,0,HAM10000_images_part_1/ISIC_0024612.jpg,histo,85.0,male,back
HAM_0000383,ISIC_0031707,bkl,0,HAM10000_images_part_2/ISIC_0031707.jpg,histo,85.0,male,back
HAM_0000398,ISIC_0027064,bkl,0,HAM10000_images_part_1/ISIC_0027064.jpg,histo,60.0,female,lower extremity
HAM_0003877,ISIC_0031537,bkl,0,HAM10000_images_part_2/ISIC_0031537.jpg,histo,60.0,female,back
HAM_0006310,ISIC_0031334,bkl,0,HAM10000_images_part_2/ISIC_0031334.jpg,histo,80.0,male,face
HAM_0006531,ISIC_0027681,bkl,0,HAM10000_images_part_1/ISIC_0027681.jpg,histo,85.0,male,face
HAM_0006472,ISIC_0029032,bkl,0,HAM10000_images_part_1/ISIC_0029032.jpg,histo,75.0,male,back
HAM_0006541,ISIC_0025040,bkl,0,HAM10000_images_part_1/ISIC_0025040.jpg,histo,35.0,female,lower extremity
HAM_0006723,ISIC_0030988,bkl,0,HAM10000_images_part_2/ISIC_0030988.jpg,histo,45.0,male,lower extremity
HAM_0006732,ISIC_0024336,bkl,0,HAM10000_images_part_1/ISIC_0024336.jpg,histo,50.0,female,lower extremity
HAM_0004338,ISIC_0026704,bkl,0,HAM10000_images_part_1/ISIC_0026704.jpg,histo,65.0,female,face
HAM_0006907,ISIC_0027953,bkl,0,HAM10000_images_part_1/ISIC_0027953.jpg,histo,35.0,female,lower extremity
HAM_0006945,ISIC_0028995,bkl,0,HAM10000_images_part_1/ISIC_0028995.jpg,histo,60.0,female,lower extremity
HAM_0004338,ISIC_0026523,bkl,0,HAM10000_images_part_1/ISIC_0026523.jpg,histo,65.0,female,face
HAM_0006945,ISIC_0026142,bkl,0,HAM10000_images_part_1/ISIC_0026142.jpg,histo,60.0,female,lower extremity
HAM_0006993,ISIC_0029206,bkl,0,HAM10000_images_part_1/ISIC_0029206.jpg,histo,65.0,female,neck
HAM_0001292,ISIC_0031951,bkl,0,HAM10000_images_part_2/ISIC_0031951.jpg,histo,60.0,male,back
HAM_0006993,ISIC_0030310,bkl,0,HAM10000_images_part_2/ISIC_0030310.jpg,histo,65.0,female,neck
HAM_0007024,ISIC_0026553,bkl,0,HAM10000_images_part_1/ISIC_0026553.jpg,histo,65.0,female,lower extremity
HAM_0007078,ISIC_0024851,bkl,0,HAM10000_images_part_1/ISIC_0024851.jpg,histo,85.0,male,back
HAM_0003205,ISIC_0031287,bkl,0,HAM10000_images_part_2/ISIC_0031287.jpg,histo,75.0,female,lower extremity
HAM_0003206,ISIC_0032365,bkl,0,HAM10000_images_part_2/ISIC_0032365.jpg,histo,60.0,female,lower extremity
HAM_0000237,ISIC_0030935,bkl,0,HAM10000_images_part_2/ISIC_0030935.jpg,histo,80.0,male,lower extremity
HAM_0000237,ISIC_0029213,bkl,0,HAM10000_images_part_1/ISIC_0029213.jpg,histo,80.0,male,lower extremity
HAM_0000237,ISIC_0032040,bkl,0,HAM10000_images_part_2/ISIC_0032040.jpg,histo,80.0,male,lower extremity
HAM_0004158,ISIC_0028229,bkl,0,HAM10000_images_part_1/ISIC_0028229.jpg,histo,70.0,female,face
HAM_0000542,ISIC_0025068,bkl,0,HAM10000_images_part_1/ISIC_0025068.jpg,histo,80.0,male,face
HAM_0003206,ISIC_0025199,bkl,0,HAM10000_images_part_1/ISIC_0025199.jpg,histo,60.0,female,lower extremity
HAM_0000881,ISIC_0030372,bkl,0,HAM10000_images_part_2/ISIC_0030372.jpg,histo,80.0,male,lower extremity
HAM_0000881,ISIC_0028404,bkl,0,HAM10000_images_part_1/ISIC_0028404.jpg,histo,80.0,male,lower extremity
HAM_0003015,ISIC_0025083,bkl,0,HAM10000_images_part_1/ISIC_0025083.jpg,histo,55.0,male,back
HAM_0003183,ISIC_0027017,bkl,0,HAM10000_images_part_1/ISIC_0027017.jpg,histo,75.0,male,neck
HAM_0003605,ISIC_0029849,bkl,0,HAM10000_images_part_2/ISIC_0029849.jpg,histo,55.0,male,face
HAM_0004630,ISIC_0025292,bkl,0,HAM10000_images_part_1/ISIC_0025292.jpg,histo,85.0,male,face
HAM_0001722,ISIC_0030976,bkl,0,HAM10000_images_part_2/ISIC_0030976.jpg,histo,60.0,male,back
HAM_0001312,ISIC_0024871,bkl,0,HAM10000_images_part_1/ISIC_0024871.jpg,histo,65.0,male,face
HAM_0001312,ISIC_0028830,bkl,0,HAM10000_images_part_1/ISIC_0028830.jpg,histo,65.0,male,face
HAM_0004630,ISIC_0028376,bkl,0,HAM10000_images_part_1/ISIC_0028376.jpg,histo,85.0,male,face
HAM_0004630,ISIC_0026576,bkl,0,HAM10000_images_part_1/ISIC_0026576.jpg,histo,85.0,male,face
HAM_0004660,ISIC_0027504,bkl,0,HAM10000_images_part_1/ISIC_0027504.jpg,histo,80.0,male,scalp
HAM_0000893,ISIC_0026409,bkl,0,HAM10000_images_part_1/ISIC_0026409.jpg,histo,70.0,male,lower extremity
HAM_0000893,ISIC_0025345,bkl,0,HAM10000_images_part_1/ISIC_0025345.jpg,histo,70.0,male,lower extremity
HAM_0000893,ISIC_0032303,bkl,0,HAM10000_images_part_2/ISIC_0032303.jpg,histo,70.0,male,lower extremity
HAM_0000893,ISIC_0032103,bkl,0,HAM10000_images_part_2/ISIC_0032103.jpg,histo,70.0,male,lower extremity
HAM_0000920,ISIC_0028707,bkl,0,HAM10000_images_part_1/ISIC_0028707.jpg,histo,60.0,male,upper extremity
HAM_0000893,ISIC_0024825,bkl,0,HAM10000_images_part_1/ISIC_0024825.jpg,histo,70.0,male,lower extremity
HAM_0004695,ISIC_0028611,bkl,0,HAM10000_images_part_1/ISIC_0028611.jpg,histo,80.0,female,lower extremity
HAM_0004696,ISIC_0024881,bkl,0,HAM10000_images_part_1/ISIC_0024881.jpg,histo,65.0,male,back
HAM_0001292,ISIC_0027094,bkl,0,HAM10000_images_part_1/ISIC_0027094.jpg,histo,60.0,male,back
HAM_0001725,ISIC_0027509,bkl,0,HAM10000_images_part_1/ISIC_0027509.jpg,histo,60.0,female,face
HAM_0001733,ISIC_0028414,bkl,0,HAM10000_images_part_1/ISIC_0028414.jpg,histo,70.0,male,lower extremity
HAM_0004696,ISIC_0026539,bkl,0,HAM10000_images_part_1/ISIC_0026539.jpg,histo,65.0,male,back
HAM_0004696,ISIC_0029764,bkl,0,HAM10000_images_part_2/ISIC_0029764.jpg,histo,65.0,male,back
HAM_0001515,ISIC_0028842,bkl,0,HAM10000_images_part_1/ISIC_0028842.jpg,histo,70.0,male,face
HAM_0003392,ISIC_0030240,bkl,0,HAM10000_images_part_2/ISIC_0030240.jpg,histo,70.0,male,scalp
HAM_0001240,ISIC_0026871,bkl,0,HAM10000_images_part_1/ISIC_0026871.jpg,histo,55.0,male,face
HAM_0004338,ISIC_0028451,bkl,0,HAM10000_images_part_1/ISIC_0028451.jpg,histo,65.0,female,face
HAM_0002749,ISIC_0025066,bkl,0,HAM10000_images_part_1/ISIC_0025066.jpg,histo,60.0,male,upper extremity
HAM_0004343,ISIC_0028343,bkl,0,HAM10000_images_part_1/ISIC_0028343.jpg,histo,30.0,male,face
HAM_0000149,ISIC_0031519,bkl,0,HAM10000_images_part_2/ISIC_0031519.jpg,histo,70.0,female,lower extremity
HAM_0000149,ISIC_0025113,bkl,0,HAM10000_images_part_1/ISIC_0025113.jpg,histo,70.0,female,lower extremity
HAM_0004389,ISIC_0028121,bkl,0,HAM10000_images_part_1/ISIC_0028121.jpg,histo,65.0,female,chest
HAM_0004396,ISIC_0029612,bkl,0,HAM10000_images_part_2/ISIC_0029612.jpg,histo,65.0,male,upper extremity
HAM_0004396,ISIC_0028913,bkl,0,HAM10000_images_part_1/ISIC_0028913.jpg,histo,65.0,male,upper extremity
HAM_0004396,ISIC_0029443,bkl,0,HAM10000_images_part_2/ISIC_0029443.jpg,histo,65.0,male,upper extremity
HAM_0004422,ISIC_0027239,bkl,0,HAM10000_images_part_1/ISIC_0027239.jpg,histo,70.0,female,upper extremity
HAM_0001294,ISIC_0028124,bkl,0,HAM10000_images_part_1/ISIC_0028124.jpg,histo,60.0,female,face
HAM_0000846,ISIC_0029115,bkl,0,HAM10000_images_part_1/ISIC_0029115.jpg,histo,60.0,female,lower extremity
HAM_0004422,ISIC_0030700,bkl,0,HAM10000_images_part_2/ISIC_0030700.jpg,histo,70.0,female,upper extremity
HAM_0001733,ISIC_0031496,bkl,0,HAM10000_images_part_2/ISIC_0031496.jpg,histo,70.0,male,lower extremity
HAM_0001878,ISIC_0025434,bkl,0,HAM10000_images_part_1/ISIC_0025434.jpg,histo,60.0,female,chest
HAM_0001878,ISIC_0028165,bkl,0,HAM10000_images_part_1/ISIC_0028165.jpg,histo,60.0,female,chest
HAM_0004463,ISIC_0027770,bkl,0,HAM10000_images_part_1/ISIC_0027770.jpg,histo,75.0,male,face
HAM_0004832,ISIC_0024709,bkl,0,HAM10000_images_part_1/ISIC_0024709.jpg,histo,65.0,female,hand
HAM_0007359,ISIC_0027354,bkl,0,HAM10000_images_part_1/ISIC_0027354.jpg,histo,55.0,female,chest
HAM_0002192,ISIC_0027388,bkl,0,HAM10000_images_part_1/ISIC_0027388.jpg,histo,80.0,female,lower extremity
HAM_0001294,ISIC_0030241,bkl,0,HAM10000_images_part_2/ISIC_0030241.jpg,histo,60.0,female,face
HAM_0001733,ISIC_0028931,bkl,0,HAM10000_images_part_1/ISIC_0028931.jpg,histo,70.0,male,lower extremity
HAM_0002193,ISIC_0031000,bkl,0,HAM10000_images_part_2/ISIC_0031000.jpg,histo,85.0,male,upper extremity
HAM_0002227,ISIC_0024786,bkl,0,HAM10000_images_part_1/ISIC_0024786.jpg,histo,70.0,male,lower extremity
HAM_0002193,ISIC_0027392,bkl,0,HAM10000_images_part_1/ISIC_0027392.jpg,histo,85.0,male,upper extremity
HAM_0002303,ISIC_0031037,bkl,0,HAM10000_images_part_2/ISIC_0031037.jpg,histo,65.0,female,upper extremity
HAM_0004531,ISIC_0025799,bkl,0,HAM10000_images_part_1/ISIC_0025799.jpg,histo,75.0,female,lower extremity
HAM_0004531,ISIC_0029627,bkl,0,HAM10000_images_part_2/ISIC_0029627.jpg,histo,75.0,female,lower extremity
HAM_0005743,ISIC_0025038,bkl,0,HAM10000_images_part_1/ISIC_0025038.jpg,confocal,60.0,female,face
HAM_0000999,ISIC_0029927,bkl,0,HAM10000_images_part_2/ISIC_0029927.jpg,confocal,70.0,female,face
HAM_0000999,ISIC_0026567,bkl,0,HAM10000_images_part_1/ISIC_0026567.jpg,confocal,70.0,female,face
HAM_0005415,ISIC_0029102,bkl,0,HAM10000_images_part_1/ISIC_0029102.jpg,confocal,80.0,male,face
HAM_0005415,ISIC_0027154,bkl,0,HAM10000_images_part_1/ISIC_0027154.jpg,confocal,80.0,male,face
HAM_0003996,ISIC_0030383,bkl,0,HAM10000_images_part_2/ISIC_0030383.jpg,confocal,80.0,female,face
HAM_0003996,ISIC_0025465,bkl,0,HAM10000_images_part_1/ISIC_0025465.jpg,confocal,80.0,female,face
HAM_0005967,ISIC_0032395,bkl,0,HAM10000_images_part_2/ISIC_0032395.jpg,confocal,65.0,female,face
HAM_0005967,ISIC_0032031,bkl,0,HAM10000_images_part_2/ISIC_0032031.jpg,confocal,65.0,female,face
HAM_0003398,ISIC_0031888,bkl,0,HAM10000_images_part_2/ISIC_0031888.jpg,confocal,85.0,female,face
HAM_0000083,ISIC_0028622,bkl,0,HAM10000_images_part_1/ISIC_0028622.jpg,confocal,60.0,female,face
HAM_0000083,ISIC_0031872,bkl,0,HAM10000_images_part_2/ISIC_0031872.jpg,confocal,60.0,female,face
HAM_0002042,ISIC_0028294,bkl,0,HAM10000_images_part_1/ISIC_0028294.jpg,confocal,75.0,female,face
HAM_0002042,ISIC_0028662,bkl,0,HAM10000_images_part_1/ISIC_0028662.jpg,confocal,75.0,female,face
HAM_0002042,ISIC_0031349,bkl,0,HAM10000_images_part_2/ISIC_0031349.jpg,confocal,75.0,female,face
HAM_0002042,ISIC_0026263,bkl,0,HAM10000_images_part_1/ISIC_0026263.jpg,confocal,75.0,female,face
HAM_0003574,ISIC_0024877,bkl,0,HAM10000_images_part_1/ISIC_0024877.jpg,confocal,50.0,male,face
HAM_0003574,ISIC_0030835,bkl,0,HAM10000_images_part_2/ISIC_0030835.jpg,confocal,50.0,male,face
HAM_0006346,ISIC_0026280,bkl,0,HAM10000_images_part_1/ISIC_0026280.jpg,confocal,50.0,male,face
HAM_0006346,ISIC_0027811,bkl,0,HAM10000_images_part_1/ISIC_0027811.jpg,confocal,50.0,male,face
HAM_0005632,ISIC_0029232,bkl,0,HAM10000_images_part_1/ISIC_0029232.jpg,confocal,85.0,female,face
HAM_0005632,ISIC_0025470,bkl,0,HAM10000_images_part_1/ISIC_0025470.jpg,confocal,85.0,female,face
HAM_0007315,ISIC_0026249,bkl,0,HAM10000_images_part_1/ISIC_0026249.jpg,confocal,75.0,male,face
HAM_0007315,ISIC_0031218,bkl,0,HAM10000_images_part_2/ISIC_0031218.jpg,confocal,75.0,male,face
HAM_0007355,ISIC_0024705,bkl,0,HAM10000_images_part_1/ISIC_0024705.jpg,confocal,45.0,female,face
HAM_0007355,ISIC_0026803,bkl,0,HAM10000_images_part_1/ISIC_0026803.jpg,confocal,45.0,female,face
HAM_0004224,ISIC_0026248,bkl,0,HAM10000_images_part_1/ISIC_0026248.jpg,confocal,80.0,male,face
HAM_0004224,ISIC_0027194,bkl,0,HAM10000_images_part_1/ISIC_0027194.jpg,confocal,80.0,male,face
HAM_0003789,ISIC_0026016,bkl,0,HAM10000_images_part_1/ISIC_0026016.jpg,confocal,55.0,female,face
HAM_0003789,ISIC_0029505,bkl,0,HAM10000_images_part_2/ISIC_0029505.jpg,confocal,55.0,female,face
HAM_0000835,ISIC_0025378,bkl,0,HAM10000_images_part_1/ISIC_0025378.jpg,confocal,55.0,female,face
HAM_0000835,ISIC_0030394,bkl,0,HAM10000_images_part_2/ISIC_0030394.jpg,confocal,55.0,female,face
HAM_0002683,ISIC_0031677,bkl,0,HAM10000_images_part_2/ISIC_0031677.jpg,confocal,75.0,male,face
HAM_0004905,ISIC_0027162,bkl,0,HAM10000_images_part_1/ISIC_0027162.jpg,confocal,70.0,male,face
HAM_0003789,ISIC_0031277,bkl,0,HAM10000_images_part_2/ISIC_0031277.jpg,confocal,55.0,female,face
HAM_0000835,ISIC_0027270,bkl,0,HAM10000_images_part_1/ISIC_0027270.jpg,confocal,55.0,female,face
HAM_0003789,ISIC_0031853,bkl,0,HAM10000_images_part_2/ISIC_0031853.jpg,confocal,55.0,female,face
HAM_0000835,ISIC_0031329,bkl,0,HAM10000_images_part_2/ISIC_0031329.jpg,confocal,55.0,female,face
HAM_0003514,ISIC_0030369,bkl,0,HAM10000_images_part_2/ISIC_0030369.jpg,confocal,70.0,male,face
HAM_0004912,ISIC_0025753,bkl,0,HAM10000_images_part_1/ISIC_0025753.jpg,confocal,70.0,male,face
HAM_0004912,ISIC_0031600,bkl,0,HAM10000_images_part_2/ISIC_0031600.jpg,confocal,70.0,male,face
HAM_0006755,ISIC_0025339,bkl,0,HAM10000_images_part_1/ISIC_0025339.jpg,confocal,65.0,male,scalp
HAM_0005126,ISIC_0029070,bkl,0,HAM10000_images_part_1/ISIC_0029070.jpg,confocal,65.0,male,neck
HAM_0005126,ISIC_0028822,bkl,0,HAM10000_images_part_1/ISIC_0028822.jpg,confocal,65.0,male,neck
HAM_0006064,ISIC_0032111,bkl,0,HAM10000_images_part_2/ISIC_0032111.jpg,consensus,75.0,male,back
HAM_0006064,ISIC_0031132,bkl,0,HAM10000_images_part_2/ISIC_0031132.jpg,consensus,75.0,male,back
HAM_0001781,ISIC_0031987,bkl,0,HAM10000_images_part_2/ISIC_0031987.jpg,consensus,30.0,female,back
HAM_0001781,ISIC_0028623,bkl,0,HAM10000_images_part_1/ISIC_0028623.jpg,consensus,30.0,female,back
HAM_0001781,ISIC_0025515,bkl,0,HAM10000_images_part_1/ISIC_0025515.jpg,consensus,30.0,female,back
HAM_0001781,ISIC_0029823,bkl,0,HAM10000_images_part_2/ISIC_0029823.jpg,consensus,30.0,female,back
HAM_0000985,ISIC_0026631,bkl,0,HAM10000_images_part_1/ISIC_0026631.jpg,consensus,75.0,male,face
HAM_0000985,ISIC_0024490,bkl,0,HAM10000_images_part_1/ISIC_0024490.jpg,consensus,75.0,male,face
HAM_0001529,ISIC_0025103,bkl,0,HAM10000_images_part_1/ISIC_0025103.jpg,consensus,70.0,female,face
HAM_0001529,ISIC_0025710,bkl,0,HAM10000_images_part_1/ISIC_0025710.jpg,consensus,70.0,female,face
HAM_0001620,ISIC_0025466,bkl,0,HAM10000_images_part_1/ISIC_0025466.jpg,consensus,70.0,male,face
HAM_0005324,ISIC_0029931,bkl,0,HAM10000_images_part_2/ISIC_0029931.jpg,consensus,60.0,male,lower extremity
HAM_0004004,ISIC_0024782,bkl,0,HAM10000_images_part_1/ISIC_0024782.jpg,consensus,65.0,female,chest
HAM_0004004,ISIC_0029872,bkl,0,HAM10000_images_part_2/ISIC_0029872.jpg,consensus,65.0,female,chest
HAM_0007043,ISIC_0029135,bkl,0,HAM10000_images_part_1/ISIC_0029135.jpg,consensus,75.0,male,face
HAM_0007043,ISIC_0029947,bkl,0,HAM10000_images_part_2/ISIC_0029947.jpg,consensus,75.0,male,face
HAM_0003317,ISIC_0024435,bkl,0,HAM10000_images_part_1/ISIC_0024435.jpg,consensus,55.0,male,face
HAM_0003317,ISIC_0026590,bkl,0,HAM10000_images_part_1/ISIC_0026590.jpg,consensus,55.0,male,face
HAM_0006099,ISIC_0026311,bkl,0,HAM10000_images_part_1/ISIC_0026311.jpg,consensus,55.0,female,face
HAM_0006099,ISIC_0029270,bkl,0,HAM10000_images_part_1/ISIC_0029270.jpg,consensus,55.0,female,face
HAM_0001053,ISIC_0030998,bkl,0,HAM10000_images_part_2/ISIC_0030998.jpg,consensus,55.0,female,chest
HAM_0005580,ISIC_0029235,bkl,0,HAM10000_images_part_1/ISIC_0029235.jpg,consensus,80.0,male,face
HAM_0005278,ISIC_0027826,bkl,0,HAM10000_images_part_1/ISIC_0027826.jpg,consensus,75.0,female,face
HAM_0006186,ISIC_0029320,bkl,0,HAM10000_images_part_2/ISIC_0029320.jpg,consensus,0.0,male,lower extremity
HAM_0006186,ISIC_0029427,bkl,0,HAM10000_images_part_2/ISIC_0029427.jpg,consensus,0.0,male,lower extremity
HAM_0003789,ISIC_0029464,bkl,0,HAM10000_images_part_2/ISIC_0029464.jpg,confocal,55.0,female,face
HAM_0000835,ISIC_0026530,bkl,0,HAM10000_images_part_1/ISIC_0026530.jpg,confocal,55.0,female,face
HAM_0003789,ISIC_0024915,bkl,0,HAM10000_images_part_1/ISIC_0024915.jpg,confocal,55.0,female,face
HAM_0000835,ISIC_0024409,bkl,0,HAM10000_images_part_1/ISIC_0024409.jpg,confocal,55.0,female,face
HAM_0003881,ISIC_0029061,bkl,0,HAM10000_images_part_1/ISIC_0029061.jpg,consensus,70.0,female,face
HAM_0003881,ISIC_0031893,bkl,0,HAM10000_images_part_2/ISIC_0031893.jpg,consensus,70.0,female,face
HAM_0001011,ISIC_0027202,bkl,0,HAM10000_images_part_1/ISIC_0027202.jpg,consensus,55.0,male,face
HAM_0001011,ISIC_0032498,bkl,0,HAM10000_images_part_2/ISIC_0032498.jpg,consensus,55.0,male,face
HAM_0002757,ISIC_0024909,bkl,0,HAM10000_images_part_1/ISIC_0024909.jpg,consensus,85.0,female,face
HAM_0002757,ISIC_0028258,bkl,0,HAM10000_images_part_1/ISIC_0028258.jpg,consensus,85.0,female,face
HAM_0007381,ISIC_0027083,bkl,0,HAM10000_images_part_1/ISIC_0027083.jpg,consensus,85.0,female,face
HAM_0007381,ISIC_0029778,bkl,0,HAM10000_images_part_2/ISIC_0029778.jpg,consensus,85.0,female,face
HAM_0001310,ISIC_0027820,bkl,0,HAM10000_images_part_1/ISIC_0027820.jpg,consensus,50.0,male,face
HAM_0007090,ISIC_0029555,bkl,0,HAM10000_images_part_2/ISIC_0029555.jpg,consensus,75.0,female,upper extremity
HAM_0002984,ISIC_0024602,bkl,0,HAM10000_images_part_1/ISIC_0024602.jpg,consensus,75.0,female,face
HAM_0006988,ISIC_0024943,bkl,0,HAM10000_images_part_1/ISIC_0024943.jpg,consensus,75.0,female,face
HAM_0002821,ISIC_0028479,bkl,0,HAM10000_images_part_1/ISIC_0028479.jpg,consensus,75.0,female,face
HAM_0000106,ISIC_0024770,bkl,0,HAM10000_images_part_1/ISIC_0024770.jpg,consensus,50.0,male,face
HAM_0004556,ISIC_0028449,bkl,0,HAM10000_images_part_1/ISIC_0028449.jpg,consensus,65.0,female,face
HAM_0004556,ISIC_0028123,bkl,0,HAM10000_images_part_1/ISIC_0028123.jpg,consensus,65.0,female,face
HAM_0002527,ISIC_0026717,bkl,0,HAM10000_images_part_1/ISIC_0026717.jpg,consensus,70.0,male,face
HAM_0003559,ISIC_0027463,bkl,0,HAM10000_images_part_1/ISIC_0027463.jpg,consensus,75.0,male,face
HAM_0003559,ISIC_0025810,bkl,0,HAM10000_images_part_1/ISIC_0025810.jpg,consensus,75.0,male,face
HAM_0004768,ISIC_0027559,bkl,0,HAM10000_images_part_1/ISIC_0027559.jpg,consensus,35.0,female,face
HAM_0004768,ISIC_0024408,bkl,0,HAM10000_images_part_1/ISIC_0024408.jpg,consensus,35.0,female,face
HAM_0006009,ISIC_0026174,bkl,0,HAM10000_images_part_1/ISIC_0026174.jpg,consensus,65.0,male,face
HAM_0006009,ISIC_0027279,bkl,0,HAM10000_images_part_1/ISIC_0027279.jpg,consensus,65.0,male,face
HAM_0004543,ISIC_0032170,bkl,0,HAM10000_images_part_2/ISIC_0032170.jpg,consensus,0.0,female,back
HAM_0001991,ISIC_0028347,bkl,0,HAM10000_images_part_1/ISIC_0028347.jpg,consensus,80.0,male,upper extremity
HAM_0005847,ISIC_0033460,bkl,0,HAM10000_images_part_2/ISIC_0033460.jpg,consensus,85.0,male,face
HAM_0006438,ISIC_0033722,bkl,0,HAM10000_images_part_2/ISIC_0033722.jpg,consensus,50.0,female,chest
HAM_0000754,ISIC_0034315,bkl,0,HAM10000_images_part_2/ISIC_0034315.jpg,consensus,50.0,male,back
HAM_0000754,ISIC_0032967,bkl,0,HAM10000_images_part_2/ISIC_0032967.jpg,consensus,50.0,male,back
HAM_0006673,ISIC_0033199,bkl,0,HAM10000_images_part_2/ISIC_0033199.jpg,consensus,60.0,female,face
HAM_0006673,ISIC_0032719,bkl,0,HAM10000_images_part_2/ISIC_0032719.jpg,consensus,60.0,female,face
HAM_0003218,ISIC_0033305,bkl,0,HAM10000_images_part_2/ISIC_0033305.jpg,consensus,75.0,male,back
HAM_0005463,ISIC_0032315,bkl,0,HAM10000_images_part_2/ISIC_0032315.jpg,consensus,45.0,male,back
HAM_0005463,ISIC_0028411,bkl,0,HAM10000_images_part_1/ISIC_0028411.jpg,consensus,45.0,male,back
HAM_0005442,ISIC_0034197,bkl,0,HAM10000_images_part_2/ISIC_0034197.jpg,consensus,70.0,male,scalp
HAM_0005442,ISIC_0034057,bkl,0,HAM10000_images_part_2/ISIC_0034057.jpg,consensus,70.0,male,scalp
HAM_0004142,ISIC_0033260,bkl,0,HAM10000_images_part_2/ISIC_0033260.jpg,consensus,80.0,male,trunk
HAM_0004142,ISIC_0032643,bkl,0,HAM10000_images_part_2/ISIC_0032643.jpg,consensus,80.0,male,trunk
HAM_0004142,ISIC_0033732,bkl,0,HAM10000_images_part_2/ISIC_0033732.jpg,consensus,80.0,male,trunk
HAM_0006003,ISIC_0032827,bkl,0,HAM10000_images_part_2/ISIC_0032827.jpg,consensus,85.0,female,lower extremity
HAM_0006003,ISIC_0033022,bkl,0,HAM10000_images_part_2/ISIC_0033022.jpg,consensus,85.0,female,lower extremity
HAM_0004788,ISIC_0032835,bkl,0,HAM10000_images_part_2/ISIC_0032835.jpg,consensus,85.0,male,trunk
HAM_0004788,ISIC_0033480,bkl,0,HAM10000_images_part_2/ISIC_0033480.jpg,consensus,85.0,male,trunk
HAM_0004113,ISIC_0034165,bkl,0,HAM10000_images_part_2/ISIC_0034165.jpg,consensus,55.0,female,lower extremity
HAM_0004113,ISIC_0033185,bkl,0,HAM10000_images_part_2/ISIC_0033185.jpg,consensus,55.0,female,lower extremity
HAM_0006026,ISIC_0032804,bkl,0,HAM10000_images_part_2/ISIC_0032804.jpg,consensus,85.0,male,back
HAM_0006026,ISIC_0033924,bkl,0,HAM10000_images_part_2/ISIC_0033924.jpg,consensus,85.0,male,back
HAM_0006026,ISIC_0033531,bkl,0,HAM10000_images_part_2/ISIC_0033531.jpg,consensus,85.0,male,back
HAM_0001772,ISIC_0032636,bkl,0,HAM10000_images_part_2/ISIC_0032636.jpg,consensus,85.0,male,back
HAM_0001772,ISIC_0033270,bkl,0,HAM10000_images_part_2/ISIC_0033270.jpg,consensus,85.0,male,back
HAM_0005749,ISIC_0033246,bkl,0,HAM10000_images_part_2/ISIC_0033246.jpg,consensus,85.0,male,back
HAM_0005749,ISIC_0032843,bkl,0,HAM10000_images_part_2/ISIC_0032843.jpg,consensus,85.0,male,back
HAM_0000080,ISIC_0033528,bkl,0,HAM10000_images_part_2/ISIC_0033528.jpg,consensus,70.0,male,lower extremity
HAM_0000080,ISIC_0033865,bkl,0,HAM10000_images_part_2/ISIC_0033865.jpg,consensus,70.0,male,lower extremity
HAM_0006528,ISIC_0034296,bkl,0,HAM10000_images_part_2/ISIC_0034296.jpg,consensus,70.0,female,back
HAM_0006528,ISIC_0032763,bkl,0,HAM10000_images_part_2/ISIC_0032763.jpg,consensus,70.0,female,back
HAM_0006528,ISIC_0034291,bkl,0,HAM10000_images_part_2/ISIC_0034291.jpg,consensus,70.0,female,back
HAM_0003728,ISIC_0034167,bkl,0,HAM10000_images_part_2/ISIC_0034167.jpg,consensus,70.0,male,back
HAM_0003728,ISIC_0033949,bkl,0,HAM10000_images_part_2/ISIC_0033949.jpg,consensus,70.0,male,back
HAM_0000571,ISIC_0032773,bkl,0,HAM10000_images_part_2/ISIC_0032773.jpg,consensus,70.0,male,back
HAM_0000571,ISIC_0033156,bkl,0,HAM10000_images_part_2/ISIC_0033156.jpg,consensus,70.0,male,back
HAM_0004246,ISIC_0033854,bkl,0,HAM10000_images_part_2/ISIC_0033854.jpg,consensus,70.0,male,back
HAM_0006148,ISIC_0033987,bkl,0,HAM10000_images_part_2/ISIC_0033987.jpg,consensus,80.0,female,back
HAM_0002792,ISIC_0033169,bkl,0,HAM10000_images_part_2/ISIC_0033169.jpg,consensus,80.0,female,back
HAM_0007427,ISIC_0033660,bkl,0,HAM10000_images_part_2/ISIC_0033660.jpg,consensus,60.0,female,back
HAM_0007427,ISIC_0034221,bkl,0,HAM10000_images_part_2/ISIC_0034221.jpg,consensus,60.0,female,back
HAM_0007427,ISIC_0033945,bkl,0,HAM10000_images_part_2/ISIC_0033945.jpg,consensus,60.0,female,back
HAM_0007427,ISIC_0033491,bkl,0,HAM10000_images_part_2/ISIC_0033491.jpg,consensus,60.0,female,back
HAM_0007427,ISIC_0034280,bkl,0,HAM10000_images_part_2/ISIC_0034280.jpg,consensus,60.0,female,back
HAM_0002660,ISIC_0033750,bkl,0,HAM10000_images_part_2/ISIC_0033750.jpg,consensus,,unknown,unknown
HAM_0000372,ISIC_0033685,bkl,0,HAM10000_images_part_2/ISIC_0033685.jpg,consensus,,unknown,unknown
HAM_0000983,ISIC_0033490,bkl,0,HAM10000_images_part_2/ISIC_0033490.jpg,consensus,,unknown,unknown
HAM_0007281,ISIC_0034283,bkl,0,HAM10000_images_part_2/ISIC_0034283.jpg,consensus,,unknown,unknown
HAM_0000825,ISIC_0034186,bkl,0,HAM10000_images_part_2/ISIC_0034186.jpg,consensus,,unknown,unknown
HAM_0001487,ISIC_0031601,bkl,0,HAM10000_images_part_2/ISIC_0031601.jpg,consensus,60.0,male,neck
HAM_0006074,ISIC_0034252,bkl,0,HAM10000_images_part_2/ISIC_0034252.jpg,consensus,,unknown,unknown
HAM_0006074,ISIC_0033829,bkl,0,HAM10000_images_part_2/ISIC_0033829.jpg,consensus,,unknown,unknown
HAM_0005779,ISIC_0026790,bkl,0,HAM10000_images_part_1/ISIC_0026790.jpg,consensus,55.0,male,back
HAM_0004232,ISIC_0030323,bkl,0,HAM10000_images_part_2/ISIC_0030323.jpg,consensus,55.0,male,abdomen
HAM_0003393,ISIC_0032113,bkl,0,HAM10000_images_part_2/ISIC_0032113.jpg,consensus,45.0,female,face
HAM_0000090,ISIC_0032330,bkl,0,HAM10000_images_part_2/ISIC_0032330.jpg,consensus,65.0,female,trunk
HAM_0002242,ISIC_0026511,bkl,0,HAM10000_images_part_1/ISIC_0026511.jpg,consensus,45.0,male,abdomen
HAM_0002371,ISIC_0032271,bkl,0,HAM10000_images_part_2/ISIC_0032271.jpg,consensus,50.0,male,chest
HAM_0004322,ISIC_0027142,bkl,0,HAM10000_images_part_1/ISIC_0027142.jpg,consensus,55.0,male,trunk
HAM_0000382,ISIC_0031897,bkl,0,HAM10000_images_part_2/ISIC_0031897.jpg,consensus,55.0,male,abdomen
HAM_0005932,ISIC_0027747,bkl,0,HAM10000_images_part_1/ISIC_0027747.jpg,consensus,55.0,male,back
HAM_0000613,ISIC_0031253,bkl,0,HAM10000_images_part_2/ISIC_0031253.jpg,consensus,60.0,male,hand
HAM_0005101,ISIC_0024643,bkl,0,HAM10000_images_part_1/ISIC_0024643.jpg,consensus,35.0,male,abdomen
HAM_0002355,ISIC_0029202,bkl,0,HAM10000_images_part_1/ISIC_0029202.jpg,consensus,35.0,male,abdomen
HAM_0006912,ISIC_0026205,bkl,0,HAM10000_images_part_1/ISIC_0026205.jpg,consensus,35.0,male,back
HAM_0004466,ISIC_0031396,bkl,0,HAM10000_images_part_2/ISIC_0031396.jpg,consensus,45.0,male,abdomen
HAM_0000734,ISIC_0031196,bkl,0,HAM10000_images_part_2/ISIC_0031196.jpg,consensus,45.0,male,abdomen
HAM_0005834,ISIC_0032249,bkl,0,HAM10000_images_part_2/ISIC_0032249.jpg,consensus,45.0,male,lower extremity
HAM_0004308,ISIC_0027370,bkl,0,HAM10000_images_part_1/ISIC_0027370.jpg,consensus,50.0,female,back
HAM_0004309,ISIC_0028681,bkl,0,HAM10000_images_part_1/ISIC_0028681.jpg,consensus,70.0,female,trunk
HAM_0003668,ISIC_0024383,bkl,0,HAM10000_images_part_1/ISIC_0024383.jpg,consensus,70.0,female,trunk
HAM_0007151,ISIC_0029793,bkl,0,HAM10000_images_part_2/ISIC_0029793.jpg,consensus,70.0,female,trunk
HAM_0007395,ISIC_0031133,bkl,0,HAM10000_images_part_2/ISIC_0031133.jpg,consensus,70.0,female,trunk
HAM_0002190,ISIC_0026046,bkl,0,HAM10000_images_part_1/ISIC_0026046.jpg,consensus,70.0,female,trunk
HAM_0001429,ISIC_0027875,bkl,0,HAM10000_images_part_1/ISIC_0027875.jpg,consensus,80.0,male,abdomen
HAM_0001735,ISIC_0028587,bkl,0,HAM10000_images_part_1/ISIC_0028587.jpg,consensus,80.0,male,back
HAM_0000685,ISIC_0026291,bkl,0,HAM10000_images_part_1/ISIC_0026291.jpg,consensus,80.0,male,trunk
HAM_0003926,ISIC_0026422,bkl,0,HAM10000_images_part_1/ISIC_0026422.jpg,consensus,80.0,male,face
HAM_0006533,ISIC_0028497,bkl,0,HAM10000_images_part_1/ISIC_0028497.jpg,consensus,80.0,male,face
HAM_0003287,ISIC_0026846,bkl,0,HAM10000_images_part_1/ISIC_0026846.jpg,consensus,80.0,male,upper extremity
HAM_0005993,ISIC_0026441,bkl,0,HAM10000_images_part_1/ISIC_0026441.jpg,consensus,80.0,male,lower extremity
HAM_0005291,ISIC_0026907,bkl,0,HAM10000_images_part_1/ISIC_0026907.jpg,consensus,55.0,male,back
HAM_0003973,ISIC_0026867,bkl,0,HAM10000_images_part_1/ISIC_0026867.jpg,consensus,55.0,male,trunk
HAM_0001167,ISIC_0028448,bkl,0,HAM10000_images_part_1/ISIC_0028448.jpg,consensus,55.0,male,trunk
HAM_0003726,ISIC_0028503,bkl,0,HAM10000_images_part_1/ISIC_0028503.jpg,consensus,70.0,male,trunk
HAM_0000865,ISIC_0028826,bkl,0,HAM10000_images_part_1/ISIC_0028826.jpg,consensus,70.0,male,abdomen
HAM_0000121,ISIC_0027025,bkl,0,HAM10000_images_part_1/ISIC_0027025.jpg,consensus,70.0,male,trunk
HAM_0001589,ISIC_0030067,bkl,0,HAM10000_images_part_2/ISIC_0030067.jpg,consensus,70.0,male,face
HAM_0006243,ISIC_0031436,bkl,0,HAM10000_images_part_2/ISIC_0031436.jpg,consensus,75.0,male,upper extremity
HAM_0003049,ISIC_0027041,bkl,0,HAM10000_images_part_1/ISIC_0027041.jpg,consensus,75.0,male,hand
HAM_0003426,ISIC_0026959,bkl,0,HAM10000_images_part_1/ISIC_0026959.jpg,consensus,75.0,male,lower extremity
HAM_0003859,ISIC_0027167,bkl,0,HAM10000_images_part_1/ISIC_0027167.jpg,consensus,75.0,male,back
HAM_0002034,ISIC_0027954,bkl,0,HAM10000_images_part_1/ISIC_0027954.jpg,consensus,5.0,male,abdomen
HAM_0007393,ISIC_0024850,bkl,0,HAM10000_images_part_1/ISIC_0024850.jpg,consensus,55.0,female,face
HAM_0001430,ISIC_0031088,bkl,0,HAM10000_images_part_2/ISIC_0031088.jpg,consensus,45.0,female,abdomen
HAM_0005443,ISIC_0025758,bkl,0,HAM10000_images_part_1/ISIC_0025758.jpg,consensus,45.0,female,abdomen
HAM_0002161,ISIC_0025392,bkl,0,HAM10000_images_part_1/ISIC_0025392.jpg,consensus,45.0,female,abdomen
HAM_0002962,ISIC_0028331,bkl,0,HAM10000_images_part_1/ISIC_0028331.jpg,consensus,80.0,male,back
HAM_0000089,ISIC_0026783,bkl,0,HAM10000_images_part_1/ISIC_0026783.jpg,consensus,75.0,male,face
HAM_0000643,ISIC_0029731,bkl,0,HAM10000_images_part_2/ISIC_0029731.jpg,consensus,75.0,male,face
HAM_0005751,ISIC_0028386,bkl,0,HAM10000_images_part_1/ISIC_0028386.jpg,consensus,50.0,female,upper extremity
HAM_0001402,ISIC_0031558,bkl,0,HAM10000_images_part_2/ISIC_0031558.jpg,consensus,50.0,female,upper extremity
HAM_0005338,ISIC_0031577,bkl,0,HAM10000_images_part_2/ISIC_0031577.jpg,consensus,45.0,female,upper extremity
HAM_0001443,ISIC_0025804,bkl,0,HAM10000_images_part_1/ISIC_0025804.jpg,consensus,50.0,male,lower extremity
HAM_0002677,ISIC_0031024,bkl,0,HAM10000_images_part_2/ISIC_0031024.jpg,consensus,50.0,male,abdomen
HAM_0003982,ISIC_0030056,bkl,0,HAM10000_images_part_2/ISIC_0030056.jpg,consensus,50.0,male,trunk
HAM_0006772,ISIC_0026135,bkl,0,HAM10000_images_part_1/ISIC_0026135.jpg,consensus,75.0,female,trunk
HAM_0003757,ISIC_0029233,bkl,0,HAM10000_images_part_1/ISIC_0029233.jpg,consensus,75.0,female,abdomen
HAM_0001399,ISIC_0030207,bkl,0,HAM10000_images_part_2/ISIC_0030207.jpg,consensus,75.0,female,trunk
HAM_0007027,ISIC_0026967,bkl,0,HAM10000_images_part_1/ISIC_0026967.jpg,consensus,75.0,female,back
HAM_0002912,ISIC_0028958,bkl,0,HAM10000_images_part_1/ISIC_0028958.jpg,consensus,60.0,female,abdomen
HAM_0004713,ISIC_0031125,bkl,0,HAM10000_images_part_2/ISIC_0031125.jpg,consensus,60.0,female,trunk
HAM_0007219,ISIC_0029227,bkl,0,HAM10000_images_part_1/ISIC_0029227.jpg,consensus,70.0,male,hand
HAM_0001423,ISIC_0025454,bkl,0,HAM10000_images_part_1/ISIC_0025454.jpg,consensus,70.0,male,back
HAM_0004289,ISIC_0025879,bkl,0,HAM10000_images_part_1/ISIC_0025879.jpg,consensus,45.0,female,abdomen
HAM_0001990,ISIC_0027612,bkl,0,HAM10000_images_part_1/ISIC_0027612.jpg,consensus,55.0,male,abdomen
HAM_0002503,ISIC_0029676,bkl,0,HAM10000_images_part_2/ISIC_0029676.jpg,consensus,75.0,male,back
HAM_0002419,ISIC_0032359,bkl,0,HAM10000_images_part_2/ISIC_0032359.jpg,consensus,75.0,female,trunk
HAM_0003691,ISIC_0027428,bkl,0,HAM10000_images_part_1/ISIC_0027428.jpg,consensus,75.0,female,back
HAM_0002965,ISIC_0026446,bkl,0,HAM10000_images_part_1/ISIC_0026446.jpg,consensus,75.0,female,lower extremity
HAM_0000452,ISIC_0029048,bkl,0,HAM10000_images_part_1/ISIC_0029048.jpg,consensus,45.0,female,abdomen
HAM_0003582,ISIC_0027332,bkl,0,HAM10000_images_part_1/ISIC_0027332.jpg,consensus,70.0,female,trunk
HAM_0005096,ISIC_0029741,bkl,0,HAM10000_images_part_2/ISIC_0029741.jpg,consensus,70.0,female,trunk
HAM_0001752,ISIC_0028925,bkl,0,HAM10000_images_part_1/ISIC_0028925.jpg,consensus,70.0,female,lower extremity
HAM_0002005,ISIC_0026556,bkl,0,HAM10000_images_part_1/ISIC_0026556.jpg,consensus,70.0,female,back
HAM_0000105,ISIC_0031362,bkl,0,HAM10000_images_part_2/ISIC_0031362.jpg,consensus,70.0,female,trunk
HAM_0003715,ISIC_0026941,bkl,0,HAM10000_images_part_1/ISIC_0026941.jpg,consensus,70.0,female,trunk
HAM_0002742,ISIC_0025654,bkl,0,HAM10000_images_part_1/ISIC_0025654.jpg,consensus,70.0,female,back
HAM_0000792,ISIC_0025387,bkl,0,HAM10000_images_part_1/ISIC_0025387.jpg,consensus,70.0,female,back
HAM_0007604,ISIC_0027027,bkl,0,HAM10000_images_part_1/ISIC_0027027.jpg,consensus,70.0,female,trunk
HAM_0000955,ISIC_0029036,bkl,0,HAM10000_images_part_1/ISIC_0029036.jpg,consensus,70.0,female,trunk
HAM_0000215,ISIC_0025484,bkl,0,HAM10000_images_part_1/ISIC_0025484.jpg,consensus,70.0,female,lower extremity
HAM_0005262,ISIC_0030488,bkl,0,HAM10000_images_part_2/ISIC_0030488.jpg,consensus,70.0,female,trunk
HAM_0000465,ISIC_0030583,bkl,0,HAM10000_images_part_2/ISIC_0030583.jpg,consensus,35.0,female,trunk
HAM_0007000,ISIC_0026042,bkl,0,HAM10000_images_part_1/ISIC_0026042.jpg,consensus,75.0,male,chest
HAM_0001838,ISIC_0028797,bkl,0,HAM10000_images_part_1/ISIC_0028797.jpg,consensus,75.0,male,trunk
HAM_0005874,ISIC_0027326,bkl,0,HAM10000_images_part_1/ISIC_0027326.jpg,consensus,75.0,male,abdomen
HAM_0001223,ISIC_0030789,bkl,0,HAM10000_images_part_2/ISIC_0030789.jpg,consensus,75.0,male,trunk
HAM_0005276,ISIC_0027008,df,0,HAM10000_images_part_1/ISIC_0027008.jpg,histo,75.0,male,back
HAM_0005276,ISIC_0028790,df,0,HAM10000_images_part_1/ISIC_0028790.jpg,histo,75.0,male,back
HAM_0004330,ISIC_0029760,df,0,HAM10000_images_part_2/ISIC_0029760.jpg,histo,70.0,male,lower extremity
HAM_0004330,ISIC_0030555,df,0,HAM10000_images_part_2/ISIC_0030555.jpg,histo,70.0,male,lower extremity
HAM_0007526,ISIC_0030244,df,0,HAM10000_images_part_2/ISIC_0030244.jpg,histo,50.0,male,lower extremity
HAM_0007526,ISIC_0031827,df,0,HAM10000_images_part_2/ISIC_0031827.jpg,histo,50.0,male,lower extremity
HAM_0005518,ISIC_0032410,df,0,HAM10000_images_part_2/ISIC_0032410.jpg,histo,30.0,male,lower extremity
HAM_0004756,ISIC_0029248,df,0,HAM10000_images_part_1/ISIC_0029248.jpg,histo,55.0,male,lower extremity
HAM_0004756,ISIC_0030442,df,0,HAM10000_images_part_2/ISIC_0030442.jpg,histo,55.0,male,lower extremity
HAM_0007225,ISIC_0032247,df,0,HAM10000_images_part_2/ISIC_0032247.jpg,histo,75.0,male,lower extremity
HAM_0007225,ISIC_0031429,df,0,HAM10000_images_part_2/ISIC_0031429.jpg,histo,75.0,male,lower extremity
HAM_0007421,ISIC_0025302,df,0,HAM10000_images_part_1/ISIC_0025302.jpg,histo,60.0,female,lower extremity
HAM_0004317,ISIC_0029039,df,0,HAM10000_images_part_1/ISIC_0029039.jpg,histo,50.0,female,lower extremity
HAM_0004317,ISIC_0025504,df,0,HAM10000_images_part_1/ISIC_0025504.jpg,histo,50.0,female,lower extremity
HAM_0004960,ISIC_0029967,df,0,HAM10000_images_part_2/ISIC_0029967.jpg,histo,65.0,female,lower extremity
HAM_0004960,ISIC_0027876,df,0,HAM10000_images_part_1/ISIC_0027876.jpg,histo,65.0,female,lower extremity
HAM_0005492,ISIC_0032138,df,0,HAM10000_images_part_2/ISIC_0032138.jpg,histo,35.0,female,lower extremity
HAM_0002706,ISIC_0025954,df,0,HAM10000_images_part_1/ISIC_0025954.jpg,histo,40.0,male,lower extremity
HAM_0002706,ISIC_0029783,df,0,HAM10000_images_part_2/ISIC_0029783.jpg,histo,40.0,male,lower extremity
HAM_0002895,ISIC_0029578,df,0,HAM10000_images_part_2/ISIC_0029578.jpg,histo,60.0,male,lower extremity
HAM_0003110,ISIC_0026473,df,0,HAM10000_images_part_1/ISIC_0026473.jpg,histo,65.0,male,lower extremity
HAM_0003110,ISIC_0032114,df,0,HAM10000_images_part_2/ISIC_0032114.jpg,histo,65.0,male,lower extremity
HAM_0003110,ISIC_0026789,df,0,HAM10000_images_part_1/ISIC_0026789.jpg,histo,65.0,male,lower extremity
HAM_0001177,ISIC_0025154,df,0,HAM10000_images_part_1/ISIC_0025154.jpg,histo,55.0,male,upper extremity
HAM_0007410,ISIC_0029962,df,0,HAM10000_images_part_2/ISIC_0029962.jpg,histo,65.0,male,foot
HAM_0007410,ISIC_0031457,df,0,HAM10000_images_part_2/ISIC_0031457.jpg,histo,65.0,male,foot
HAM_0007418,ISIC_0031372,df,0,HAM10000_images_part_2/ISIC_0031372.jpg,consensus,50.0,male,lower extremity
HAM_0007418,ISIC_0026313,df,0,HAM10000_images_part_1/ISIC_0026313.jpg,consensus,50.0,male,lower extremity
HAM_0005663,ISIC_0026417,df,0,HAM10000_images_part_1/ISIC_0026417.jpg,consensus,30.0,male,lower extremity
HAM_0005663,ISIC_0028735,df,0,HAM10000_images_part_1/ISIC_0028735.jpg,consensus,30.0,male,lower extremity
HAM_0000827,ISIC_0031443,df,0,HAM10000_images_part_2/ISIC_0031443.jpg,consensus,60.0,male,upper extremity
HAM_0000827,ISIC_0025223,df,0,HAM10000_images_part_1/ISIC_0025223.jpg,consensus,60.0,male,upper extremity
HAM_0006542,ISIC_0030015,df,0,HAM10000_images_part_2/ISIC_0030015.jpg,consensus,65.0,male,upper extremity
HAM_0006188,ISIC_0024330,df,0,HAM10000_images_part_1/ISIC_0024330.jpg,consensus,40.0,male,lower extremity
HAM_0006188,ISIC_0027188,df,0,HAM10000_images_part_1/ISIC_0027188.jpg,consensus,40.0,male,lower extremity
HAM_0003487,ISIC_0031123,df,0,HAM10000_images_part_2/ISIC_0031123.jpg,consensus,40.0,male,lower extremity
HAM_0003487,ISIC_0024845,df,0,HAM10000_images_part_1/ISIC_0024845.jpg,consensus,40.0,male,lower extremity
HAM_0005584,ISIC_0032613,df,0,HAM10000_images_part_2/ISIC_0032613.jpg,consensus,25.0,female,lower extremity
HAM_0005584,ISIC_0033256,df,0,HAM10000_images_part_2/ISIC_0033256.jpg,consensus,25.0,female,lower extremity
HAM_0000349,ISIC_0033695,df,0,HAM10000_images_part_2/ISIC_0033695.jpg,consensus,45.0,female,lower extremity
HAM_0000349,ISIC_0033005,df,0,HAM10000_images_part_2/ISIC_0033005.jpg,consensus,45.0,female,lower extremity
HAM_0003597,ISIC_0033422,df,0,HAM10000_images_part_2/ISIC_0033422.jpg,consensus,45.0,male,lower extremity
HAM_0003597,ISIC_0027488,df,0,HAM10000_images_part_1/ISIC_0027488.jpg,consensus,45.0,male,lower extremity
HAM_0002960,ISIC_0024994,df,0,HAM10000_images_part_1/ISIC_0024994.jpg,consensus,40.0,female,lower extremity
HAM_0000902,ISIC_0027745,df,0,HAM10000_images_part_1/ISIC_0027745.jpg,consensus,50.0,female,lower extremity
HAM_0005330,ISIC_0024553,df,0,HAM10000_images_part_1/ISIC_0024553.jpg,consensus,50.0,female,upper extremity
HAM_0005983,ISIC_0025594,df,0,HAM10000_images_part_1/ISIC_0025594.jpg,consensus,65.0,female,lower extremity
HAM_0004648,ISIC_0025911,df,0,HAM10000_images_part_1/ISIC_0025911.jpg,consensus,65.0,female,lower extremity
HAM_0006816,ISIC_0026254,df,0,HAM10000_images_part_1/ISIC_0026254.jpg,consensus,45.0,male,lower extremity
HAM_0006787,ISIC_0026471,df,0,HAM10000_images_part_1/ISIC_0026471.jpg,consensus,60.0,male,lower extremity
HAM_0005529,ISIC_0025980,df,0,HAM10000_images_part_1/ISIC_0025980.jpg,consensus,55.0,female,lower extremity
HAM_0004090,ISIC_0031271,df,0,HAM10000_images_part_2/ISIC_0031271.jpg,consensus,45.0,female,lower extremity
HAM_0002129,ISIC_0025903,df,0,HAM10000_images_part_1/ISIC_0025903.jpg,consensus,60.0,male,abdomen
HAM_0004496,ISIC_0028651,df,0,HAM10000_images_part_1/ISIC_0028651.jpg,consensus,55.0,female,lower extremity
HAM_0005359,ISIC_0030665,df,0,HAM10000_images_part_2/ISIC_0030665.jpg,consensus,55.0,female,lower extremity
HAM_0000024,ISIC_0027141,df,0,HAM10000_images_part_1/ISIC_0027141.jpg,consensus,45.0,female,lower extremity
HAM_0003023,ISIC_0031257,df,0,HAM10000_images_part_2/ISIC_0031257.jpg,consensus,55.0,female,upper extremity
HAM_0002045,ISIC_0029973,df,0,HAM10000_images_part_2/ISIC_0029973.jpg,consensus,60.0,male,lower extremity
HAM_0002848,ISIC_0027598,df,0,HAM10000_images_part_1/ISIC_0027598.jpg,consensus,60.0,female,lower extremity
HAM_0002871,ISIC_0027044,df,0,HAM10000_images_part_1/ISIC_0027044.jpg,consensus,35.0,female,lower extremity
HAM_0005918,ISIC_0029177,df,0,HAM10000_images_part_1/ISIC_0029177.jpg,consensus,35.0,female,lower extremity
HAM_0007569,ISIC_0025373,df,0,HAM10000_images_part_1/ISIC_0025373.jpg,consensus,35.0,female,lower extremity
HAM_0001841,ISIC_0025771,df,0,HAM10000_images_part_1/ISIC_0025771.jpg,consensus,35.0,female,lower extremity
HAM_0006707,ISIC_0030870,df,0,HAM10000_images_part_2/ISIC_0030870.jpg,consensus,45.0,female,lower extremity
HAM_0007129,ISIC_0027216,df,0,HAM10000_images_part_1/ISIC_0027216.jpg,consensus,60.0,female,lower extremity
HAM_0000559,ISIC_0024693,nv,0,HAM10000_images_part_1/ISIC_0024693.jpg,follow_up,45.0,female,upper extremity
HAM_0000040,ISIC_0027190,mel,1,HAM10000_images_part_1/ISIC_0027190.jpg,histo,80.0,male,upper extremity
HAM_0005191,ISIC_0031177,mel,1,HAM10000_images_part_2/ISIC_0031177.jpg,histo,40.0,female,back
HAM_0005186,ISIC_0026993,mel,1,HAM10000_images_part_1/ISIC_0026993.jpg,histo,45.0,female,lower extremity
HAM_0007310,ISIC_0026120,mel,1,HAM10000_images_part_1/ISIC_0026120.jpg,histo,55.0,male,back
HAM_0007310,ISIC_0028412,mel,1,HAM10000_images_part_1/ISIC_0028412.jpg,histo,55.0,male,back
HAM_0004476,ISIC_0030417,mel,1,HAM10000_images_part_2/ISIC_0030417.jpg,histo,70.0,male,face
HAM_0006722,ISIC_0030443,mel,1,HAM10000_images_part_2/ISIC_0030443.jpg,histo,85.0,female,lower extremity
HAM_0006722,ISIC_0031499,mel,1,HAM10000_images_part_2/ISIC_0031499.jpg,histo,85.0,female,lower extremity
HAM_0003832,ISIC_0025450,mel,1,HAM10000_images_part_1/ISIC_0025450.jpg,histo,60.0,female,lower extremity
HAM_0003832,ISIC_0024586,mel,1,HAM10000_images_part_1/ISIC_0024586.jpg,histo,60.0,female,lower extremity
HAM_0000492,ISIC_0028445,mel,1,HAM10000_images_part_1/ISIC_0028445.jpg,histo,75.0,male,abdomen
HAM_0000492,ISIC_0027076,mel,1,HAM10000_images_part_1/ISIC_0027076.jpg,histo,75.0,male,abdomen
HAM_0004784,ISIC_0029512,mel,1,HAM10000_images_part_2/ISIC_0029512.jpg,histo,55.0,female,foot
HAM_0004784,ISIC_0027872,mel,1,HAM10000_images_part_1/ISIC_0027872.jpg,histo,55.0,female,foot
HAM_0001150,ISIC_0030486,mel,1,HAM10000_images_part_2/ISIC_0030486.jpg,histo,80.0,male,ear
HAM_0003182,ISIC_0029028,mel,1,HAM10000_images_part_1/ISIC_0029028.jpg,histo,85.0,female,trunk
HAM_0003182,ISIC_0027125,mel,1,HAM10000_images_part_1/ISIC_0027125.jpg,histo,85.0,female,trunk
HAM_0001747,ISIC_0029575,mel,1,HAM10000_images_part_2/ISIC_0029575.jpg,histo,45.0,male,back
HAM_0001747,ISIC_0028361,mel,1,HAM10000_images_part_1/ISIC_0028361.jpg,histo,45.0,male,back
HAM_0006453,ISIC_0029081,mel,1,HAM10000_images_part_1/ISIC_0029081.jpg,histo,70.0,male,abdomen
HAM_0006453,ISIC_0025744,mel,1,HAM10000_images_part_1/ISIC_0025744.jpg,histo,70.0,male,abdomen
HAM_0003558,ISIC_0025303,mel,1,HAM10000_images_part_1/ISIC_0025303.jpg,histo,55.0,male,back
HAM_0003558,ISIC_0030129,mel,1,HAM10000_images_part_2/ISIC_0030129.jpg,histo,55.0,male,back
HAM_0007454,ISIC_0032214,mel,1,HAM10000_images_part_2/ISIC_0032214.jpg,histo,70.0,male,scalp
HAM_0001811,ISIC_0028069,mel,1,HAM10000_images_part_1/ISIC_0028069.jpg,histo,35.0,female,neck
HAM_0001811,ISIC_0028579,mel,1,HAM10000_images_part_1/ISIC_0028579.jpg,histo,35.0,female,neck
HAM_0001726,ISIC_0029281,mel,1,HAM10000_images_part_1/ISIC_0029281.jpg,histo,35.0,female,back
HAM_0001726,ISIC_0024367,mel,1,HAM10000_images_part_1/ISIC_0024367.jpg,histo,35.0,female,back
HAM_0006900,ISIC_0031118,mel,1,HAM10000_images_part_2/ISIC_0031118.jpg,histo,75.0,male,upper extremity
HAM_0006900,ISIC_0030080,mel,1,HAM10000_images_part_2/ISIC_0030080.jpg,histo,75.0,male,upper extremity
HAM_0000060,ISIC_0031953,mel,1,HAM10000_images_part_2/ISIC_0031953.jpg,histo,55.0,male,abdomen
HAM_0000060,ISIC_0031406,mel,1,HAM10000_images_part_2/ISIC_0031406.jpg,histo,55.0,male,abdomen
HAM_0004910,ISIC_0026115,mel,1,HAM10000_images_part_1/ISIC_0026115.jpg,histo,70.0,male,chest
HAM_0004910,ISIC_0026281,mel,1,HAM10000_images_part_1/ISIC_0026281.jpg,histo,70.0,male,chest
HAM_0004720,ISIC_0027277,mel,1,HAM10000_images_part_1/ISIC_0027277.jpg,histo,40.0,male,lower extremity
HAM_0004720,ISIC_0028642,mel,1,HAM10000_images_part_1/ISIC_0028642.jpg,histo,40.0,male,lower extremity
HAM_0005555,ISIC_0032079,mel,1,HAM10000_images_part_2/ISIC_0032079.jpg,histo,60.0,female,chest
HAM_0002011,ISIC_0024729,mel,1,HAM10000_images_part_1/ISIC_0024729.jpg,histo,55.0,female,lower extremity
HAM_0002011,ISIC_0031711,mel,1,HAM10000_images_part_2/ISIC_0031711.jpg,histo,55.0,female,lower extremity
HAM_0000814,ISIC_0025751,mel,1,HAM10000_images_part_1/ISIC_0025751.jpg,histo,65.0,male,back
HAM_0001446,ISIC_0026754,mel,1,HAM10000_images_part_1/ISIC_0026754.jpg,histo,65.0,female,scalp
HAM_0006803,ISIC_0032400,mel,1,HAM10000_images_part_2/ISIC_0032400.jpg,histo,60.0,female,abdomen
HAM_0006803,ISIC_0024545,mel,1,HAM10000_images_part_1/ISIC_0024545.jpg,histo,60.0,female,abdomen
HAM_0000814,ISIC_0028109,mel,1,HAM10000_images_part_1/ISIC_0028109.jpg,histo,65.0,male,back
HAM_0000095,ISIC_0033186,mel,1,HAM10000_images_part_2/ISIC_0033186.jpg,histo,55.0,male,lower extremity
HAM_0006253,ISIC_0030171,mel,1,HAM10000_images_part_2/ISIC_0030171.jpg,histo,65.0,male,back
HAM_0006253,ISIC_0028291,mel,1,HAM10000_images_part_1/ISIC_0028291.jpg,histo,65.0,male,back
HAM_0000099,ISIC_0032313,mel,1,HAM10000_images_part_2/ISIC_0032313.jpg,histo,70.0,male,unknown
HAM_0000099,ISIC_0027769,mel,1,HAM10000_images_part_1/ISIC_0027769.jpg,histo,70.0,male,unknown
HAM_0007171,ISIC_0029913,mel,1,HAM10000_images_part_2/ISIC_0029913.jpg,histo,30.0,female,lower extremity
HAM_0007171,ISIC_0026909,mel,1,HAM10000_images_part_1/ISIC_0026909.jpg,histo,30.0,female,lower extremity
HAM_0002714,ISIC_0026113,mel,1,HAM10000_images_part_1/ISIC_0026113.jpg,histo,50.0,male,abdomen
HAM_0002714,ISIC_0032265,mel,1,HAM10000_images_part_2/ISIC_0032265.jpg,histo,50.0,male,abdomen
HAM_0001203,ISIC_0025081,mel,1,HAM10000_images_part_1/ISIC_0025081.jpg,histo,30.0,female,abdomen
HAM_0001203,ISIC_0030134,mel,1,HAM10000_images_part_2/ISIC_0030134.jpg,histo,30.0,female,abdomen
HAM_0003031,ISIC_0030445,mel,1,HAM10000_images_part_2/ISIC_0030445.jpg,histo,75.0,male,back
HAM_0001913,ISIC_0030798,mel,1,HAM10000_images_part_2/ISIC_0030798.jpg,histo,80.0,male,upper extremity
HAM_0004979,ISIC_0026596,mel,1,HAM10000_images_part_1/ISIC_0026596.jpg,histo,85.0,male,back
HAM_0004979,ISIC_0028056,mel,1,HAM10000_images_part_1/ISIC_0028056.jpg,histo,85.0,male,back
HAM_0003194,ISIC_0032019,mel,1,HAM10000_images_part_2/ISIC_0032019.jpg,histo,50.0,male,trunk
HAM_0000152,ISIC_0032244,mel,1,HAM10000_images_part_2/ISIC_0032244.jpg,histo,75.0,female,face
HAM_0006739,ISIC_0028901,mel,1,HAM10000_images_part_1/ISIC_0028901.jpg,histo,35.0,female,ear
HAM_0006739,ISIC_0032098,mel,1,HAM10000_images_part_2/ISIC_0032098.jpg,histo,35.0,female,ear
HAM_0001353,ISIC_0030759,mel,1,HAM10000_images_part_2/ISIC_0030759.jpg,histo,55.0,female,face
HAM_0001353,ISIC_0024886,mel,1,HAM10000_images_part_1/ISIC_0024886.jpg,histo,55.0,female,face
HAM_0003782,ISIC_0027102,mel,1,HAM10000_images_part_1/ISIC_0027102.jpg,histo,35.0,female,abdomen
HAM_0006908,ISIC_0025904,mel,1,HAM10000_images_part_1/ISIC_0025904.jpg,histo,70.0,male,back
HAM_0006908,ISIC_0032450,mel,1,HAM10000_images_part_2/ISIC_0032450.jpg,histo,70.0,male,back
HAM_0005697,ISIC_0027253,mel,1,HAM10000_images_part_1/ISIC_0027253.jpg,histo,75.0,male,trunk
HAM_0005697,ISIC_0032046,mel,1,HAM10000_images_part_2/ISIC_0032046.jpg,histo,75.0,male,trunk
HAM_0000210,ISIC_0024624,mel,1,HAM10000_images_part_1/ISIC_0024624.jpg,histo,75.0,female,face
HAM_0000531,ISIC_0025674,mel,1,HAM10000_images_part_1/ISIC_0025674.jpg,histo,85.0,male,face
HAM_0000531,ISIC_0031369,mel,1,HAM10000_images_part_2/ISIC_0031369.jpg,histo,85.0,male,face
HAM_0007165,ISIC_0029547,mel,1,HAM10000_images_part_2/ISIC_0029547.jpg,histo,80.0,male,unknown
HAM_0007165,ISIC_0026622,mel,1,HAM10000_images_part_1/ISIC_0026622.jpg,histo,80.0,male,unknown
HAM_0002471,ISIC_0028326,mel,1,HAM10000_images_part_1/ISIC_0028326.jpg,histo,40.0,female,lower extremity
HAM_0002471,ISIC_0027060,mel,1,HAM10000_images_part_1/ISIC_0027060.jpg,histo,40.0,female,lower extremity
HAM_0007538,ISIC_0031941,mel,1,HAM10000_images_part_2/ISIC_0031941.jpg,histo,55.0,male,trunk
HAM_0007538,ISIC_0024315,mel,1,HAM10000_images_part_1/ISIC_0024315.jpg,histo,55.0,male,trunk
HAM_0002838,ISIC_0030818,mel,1,HAM10000_images_part_2/ISIC_0030818.jpg,histo,65.0,female,lower extremity
HAM_0005588,ISIC_0025219,mel,1,HAM10000_images_part_1/ISIC_0025219.jpg,histo,80.0,female,lower extremity
HAM_0005588,ISIC_0026458,mel,1,HAM10000_images_part_1/ISIC_0026458.jpg,histo,80.0,female,lower extremity
HAM_0001531,ISIC_0024951,mel,1,HAM10000_images_part_1/ISIC_0024951.jpg,histo,70.0,male,back
HAM_0001531,ISIC_0030106,mel,1,HAM10000_images_part_2/ISIC_0030106.jpg,histo,70.0,male,back
HAM_0000903,ISIC_0024702,mel,1,HAM10000_images_part_1/ISIC_0024702.jpg,histo,60.0,male,back
HAM_0001284,ISIC_0024972,mel,1,HAM10000_images_part_1/ISIC_0024972.jpg,histo,75.0,female,ear
HAM_0001284,ISIC_0031779,mel,1,HAM10000_images_part_2/ISIC_0031779.jpg,histo,75.0,female,ear
HAM_0001671,ISIC_0031745,mel,1,HAM10000_images_part_2/ISIC_0031745.jpg,histo,55.0,female,lower extremity
HAM_0001671,ISIC_0031586,mel,1,HAM10000_images_part_2/ISIC_0031586.jpg,histo,55.0,female,lower extremity
HAM_0002182,ISIC_0031972,mel,1,HAM10000_images_part_2/ISIC_0031972.jpg,histo,65.0,female,face
HAM_0002182,ISIC_0030539,mel,1,HAM10000_images_part_2/ISIC_0030539.jpg,histo,65.0,female,face
HAM_0004265,ISIC_0026296,mel,1,HAM10000_images_part_1/ISIC_0026296.jpg,histo,45.0,male,unknown
HAM_0004265,ISIC_0025018,mel,1,HAM10000_images_part_1/ISIC_0025018.jpg,histo,45.0,male,unknown
HAM_0003212,ISIC_0028519,mel,1,HAM10000_images_part_1/ISIC_0028519.jpg,histo,80.0,male,back
HAM_0003212,ISIC_0024767,mel,1,HAM10000_images_part_1/ISIC_0024767.jpg,histo,80.0,male,back
HAM_0001202,ISIC_0031517,mel,1,HAM10000_images_part_2/ISIC_0031517.jpg,histo,70.0,female,upper extremity
HAM_0001202,ISIC_0028022,mel,1,HAM10000_images_part_1/ISIC_0028022.jpg,histo,70.0,female,upper extremity
HAM_0006975,ISIC_0024967,mel,1,HAM10000_images_part_1/ISIC_0024967.jpg,histo,60.0,male,back
HAM_0006433,ISIC_0029370,mel,1,HAM10000_images_part_2/ISIC_0029370.jpg,histo,85.0,female,upper extremity
HAM_0006433,ISIC_0031958,mel,1,HAM10000_images_part_2/ISIC_0031958.jpg,histo,85.0,female,upper extremity
HAM_0006522,ISIC_0026369,mel,1,HAM10000_images_part_1/ISIC_0026369.jpg,histo,30.0,female,lower extremity
HAM_0006522,ISIC_0030521,mel,1,HAM10000_images_part_2/ISIC_0030521.jpg,histo,30.0,female,lower extremity
HAM_0004483,ISIC_0027487,mel,1,HAM10000_images_part_1/ISIC_0027487.jpg,histo,35.0,female,lower extremity
HAM_0007620,ISIC_0030089,mel,1,HAM10000_images_part_2/ISIC_0030089.jpg,histo,55.0,female,back
HAM_0007620,ISIC_0027616,mel,1,HAM10000_images_part_1/ISIC_0027616.jpg,histo,55.0,female,back
HAM_0005084,ISIC_0027261,mel,1,HAM10000_images_part_1/ISIC_0027261.jpg,histo,75.0,male,ear
HAM_0005084,ISIC_0028505,mel,1,HAM10000_images_part_1/ISIC_0028505.jpg,histo,75.0,male,ear
HAM_0001796,ISIC_0025363,mel,1,HAM10000_images_part_1/ISIC_0025363.jpg,histo,70.0,male,abdomen
HAM_0001796,ISIC_0029473,mel,1,HAM10000_images_part_2/ISIC_0029473.jpg,histo,70.0,male,abdomen
HAM_0005742,ISIC_0027651,mel,1,HAM10000_images_part_1/ISIC_0027651.jpg,histo,50.0,male,ear
HAM_0005742,ISIC_0030014,mel,1,HAM10000_images_part_2/ISIC_0030014.jpg,histo,50.0,male,ear
HAM_0006152,ISIC_0027238,mel,1,HAM10000_images_part_1/ISIC_0027238.jpg,histo,55.0,female,upper extremity
HAM_0006152,ISIC_0029571,mel,1,HAM10000_images_part_2/ISIC_0029571.jpg,histo,55.0,female,upper extremity
HAM_0004980,ISIC_0027693,mel,1,HAM10000_images_part_1/ISIC_0027693.jpg,histo,45.0,female,back
HAM_0004980,ISIC_0029017,mel,1,HAM10000_images_part_1/ISIC_0029017.jpg,histo,45.0,female,back
HAM_0005911,ISIC_0028127,mel,1,HAM10000_images_part_1/ISIC_0028127.jpg,histo,70.0,female,back
HAM_0005911,ISIC_0030165,mel,1,HAM10000_images_part_2/ISIC_0030165.jpg,histo,70.0,female,back
HAM_0002557,ISIC_0025927,mel,1,HAM10000_images_part_1/ISIC_0025927.jpg,histo,50.0,female,upper extremity
HAM_0006214,ISIC_0031189,mel,1,HAM10000_images_part_2/ISIC_0031189.jpg,histo,60.0,male,upper extremity
HAM_0006214,ISIC_0032190,mel,1,HAM10000_images_part_2/ISIC_0032190.jpg,histo,60.0,male,upper extremity
HAM_0006092,ISIC_0029241,mel,1,HAM10000_images_part_1/ISIC_0029241.jpg,histo,70.0,male,face
HAM_0007420,ISIC_0031890,mel,1,HAM10000_images_part_2/ISIC_0031890.jpg,histo,85.0,male,face
HAM_0000233,ISIC_0028219,mel,1,HAM10000_images_part_1/ISIC_0028219.jpg,histo,45.0,male,upper extremity
HAM_0000233,ISIC_0026314,mel,1,HAM10000_images_part_1/ISIC_0026314.jpg,histo,45.0,male,upper extremity
HAM_0007617,ISIC_0024875,mel,1,HAM10000_images_part_1/ISIC_0024875.jpg,histo,85.0,female,face
HAM_0007617,ISIC_0026950,mel,1,HAM10000_images_part_1/ISIC_0026950.jpg,histo,85.0,female,face
HAM_0000059,ISIC_0027033,mel,1,HAM10000_images_part_1/ISIC_0027033.jpg,histo,85.0,male,face
HAM_0000059,ISIC_0027822,mel,1,HAM10000_images_part_1/ISIC_0027822.jpg,histo,85.0,male,face
HAM_0003449,ISIC_0029242,mel,1,HAM10000_images_part_1/ISIC_0029242.jpg,histo,85.0,male,back
HAM_0003449,ISIC_0027263,mel,1,HAM10000_images_part_1/ISIC_0027263.jpg,histo,85.0,male,back
HAM_0003448,ISIC_0026158,mel,1,HAM10000_images_part_1/ISIC_0026158.jpg,histo,75.0,male,upper extremity
HAM_0004153,ISIC_0029216,mel,1,HAM10000_images_part_1/ISIC_0029216.jpg,histo,80.0,male,foot
HAM_0004153,ISIC_0026489,mel,1,HAM10000_images_part_1/ISIC_0026489.jpg,histo,80.0,male,foot
HAM_0007117,ISIC_0033312,mel,1,HAM10000_images_part_2/ISIC_0033312.jpg,histo,35.0,male,back
HAM_0006635,ISIC_0029884,mel,1,HAM10000_images_part_2/ISIC_0029884.jpg,histo,70.0,male,face
HAM_0006635,ISIC_0028900,mel,1,HAM10000_images_part_1/ISIC_0028900.jpg,histo,70.0,male,face
HAM_0006896,ISIC_0027387,mel,1,HAM10000_images_part_1/ISIC_0027387.jpg,histo,45.0,female,back
HAM_0006896,ISIC_0024911,mel,1,HAM10000_images_part_1/ISIC_0024911.jpg,histo,45.0,female,back
HAM_0006651,ISIC_0032182,mel,1,HAM10000_images_part_2/ISIC_0032182.jpg,histo,70.0,female,back
HAM_0004364,ISIC_0027721,mel,1,HAM10000_images_part_1/ISIC_0027721.jpg,histo,75.0,male,face
HAM_0004364,ISIC_0026697,mel,1,HAM10000_images_part_1/ISIC_0026697.jpg,histo,75.0,male,face
HAM_0005624,ISIC_0030760,mel,1,HAM10000_images_part_2/ISIC_0030760.jpg,histo,55.0,female,upper extremity
HAM_0005624,ISIC_0028565,mel,1,HAM10000_images_part_1/ISIC_0028565.jpg,histo,55.0,female,upper extremity
HAM_0002981,ISIC_0028087,mel,1,HAM10000_images_part_1/ISIC_0028087.jpg,histo,65.0,female,back
HAM_0002981,ISIC_0026664,mel,1,HAM10000_images_part_1/ISIC_0026664.jpg,histo,65.0,female,back
HAM_0000796,ISIC_0028415,mel,1,HAM10000_images_part_1/ISIC_0028415.jpg,histo,60.0,male,trunk
HAM_0000796,ISIC_0028041,mel,1,HAM10000_images_part_1/ISIC_0028041.jpg,histo,60.0,male,trunk
HAM_0004102,ISIC_0029726,mel,1,HAM10000_images_part_2/ISIC_0029726.jpg,histo,75.0,male,face
HAM_0000645,ISIC_0029513,mel,1,HAM10000_images_part_2/ISIC_0029513.jpg,histo,70.0,male,trunk
HAM_0000645,ISIC_0024853,mel,1,HAM10000_images_part_1/ISIC_0024853.jpg,histo,70.0,male,trunk
HAM_0007243,ISIC_0028029,mel,1,HAM10000_images_part_1/ISIC_0028029.jpg,histo,75.0,female,neck
HAM_0002115,ISIC_0032408,mel,1,HAM10000_images_part_2/ISIC_0032408.jpg,histo,60.0,female,upper extremity
HAM_0002509,ISIC_0030440,mel,1,HAM10000_images_part_2/ISIC_0030440.jpg,histo,50.0,female,upper extremity
HAM_0002509,ISIC_0024732,mel,1,HAM10000_images_part_1/ISIC_0024732.jpg,histo,50.0,female,upper extremity
HAM_0002770,ISIC_0025489,mel,1,HAM10000_images_part_1/ISIC_0025489.jpg,histo,30.0,male,back
HAM_0002770,ISIC_0025265,mel,1,HAM10000_images_part_1/ISIC_0025265.jpg,histo,30.0,male,back
HAM_0005752,ISIC_0028317,mel,1,HAM10000_images_part_1/ISIC_0028317.jpg,histo,65.0,female,face
HAM_0005752,ISIC_0031013,mel,1,HAM10000_images_part_2/ISIC_0031013.jpg,histo,65.0,female,face
HAM_0005328,ISIC_0028969,mel,1,HAM10000_images_part_1/ISIC_0028969.jpg,histo,75.0,male,abdomen
HAM_0005328,ISIC_0032441,mel,1,HAM10000_images_part_2/ISIC_0032441.jpg,histo,75.0,male,abdomen
HAM_0005095,ISIC_0030324,mel,1,HAM10000_images_part_2/ISIC_0030324.jpg,histo,85.0,male,face
HAM_0003376,ISIC_0025394,mel,1,HAM10000_images_part_1/ISIC_0025394.jpg,histo,45.0,male,trunk
HAM_0002391,ISIC_0027260,mel,1,HAM10000_images_part_1/ISIC_0027260.jpg,histo,70.0,male,upper extremity
HAM_0002391,ISIC_0027604,mel,1,HAM10000_images_part_1/ISIC_0027604.jpg,histo,70.0,male,upper extremity
HAM_0002391,ISIC_0029434,mel,1,HAM10000_images_part_2/ISIC_0029434.jpg,histo,70.0,male,upper extremity
HAM_0001741,ISIC_0026963,mel,1,HAM10000_images_part_1/ISIC_0026963.jpg,histo,65.0,male,face
HAM_0001741,ISIC_0028211,mel,1,HAM10000_images_part_1/ISIC_0028211.jpg,histo,65.0,male,face
HAM_0004121,ISIC_0025324,mel,1,HAM10000_images_part_1/ISIC_0025324.jpg,histo,45.0,female,lower extremity
HAM_0004121,ISIC_0026996,mel,1,HAM10000_images_part_1/ISIC_0026996.jpg,histo,45.0,female,lower extremity
HAM_0004397,ISIC_0030681,mel,1,HAM10000_images_part_2/ISIC_0030681.jpg,histo,55.0,female,neck
HAM_0004397,ISIC_0027327,mel,1,HAM10000_images_part_1/ISIC_0027327.jpg,histo,55.0,female,neck
HAM_0004397,ISIC_0025589,mel,1,HAM10000_images_part_1/ISIC_0025589.jpg,histo,55.0,female,neck
HAM_0005719,ISIC_0029562,mel,1,HAM10000_images_part_2/ISIC_0029562.jpg,histo,40.0,female,upper extremity
HAM_0005719,ISIC_0029453,mel,1,HAM10000_images_part_2/ISIC_0029453.jpg,histo,40.0,female,upper extremity
HAM_0006435,ISIC_0034071,mel,1,HAM10000_images_part_2/ISIC_0034071.jpg,histo,50.0,male,back
HAM_0006435,ISIC_0033573,mel,1,HAM10000_images_part_2/ISIC_0033573.jpg,histo,50.0,male,back
HAM_0005403,ISIC_0026086,mel,1,HAM10000_images_part_1/ISIC_0026086.jpg,histo,55.0,male,upper extremity
HAM_0007073,ISIC_0025035,mel,1,HAM10000_images_part_1/ISIC_0025035.jpg,histo,70.0,female,lower extremity
HAM_0003622,ISIC_0027776,mel,1,HAM10000_images_part_1/ISIC_0027776.jpg,histo,70.0,female,face
HAM_0001456,ISIC_0025835,mel,1,HAM10000_images_part_1/ISIC_0025835.jpg,histo,75.0,male,lower extremity
HAM_0001456,ISIC_0030828,mel,1,HAM10000_images_part_2/ISIC_0030828.jpg,histo,75.0,male,lower extremity
HAM_0002004,ISIC_0032847,mel,1,HAM10000_images_part_2/ISIC_0032847.jpg,histo,45.0,male,abdomen
HAM_0002004,ISIC_0033654,mel,1,HAM10000_images_part_2/ISIC_0033654.jpg,histo,45.0,male,abdomen
HAM_0005490,ISIC_0033931,mel,1,HAM10000_images_part_2/ISIC_0033931.jpg,histo,70.0,male,upper extremity
HAM_0002939,ISIC_0032888,mel,1,HAM10000_images_part_2/ISIC_0032888.jpg,histo,55.0,male,lower extremity
HAM_0002939,ISIC_0033968,mel,1,HAM10000_images_part_2/ISIC_0033968.jpg,histo,55.0,male,lower extremity
HAM_0006445,ISIC_0033333,mel,1,HAM10000_images_part_2/ISIC_0033333.jpg,histo,60.0,female,lower extremity
HAM_0006445,ISIC_0033717,mel,1,HAM10000_images_part_2/ISIC_0033717.jpg,histo,60.0,female,lower extremity
HAM_0006445,ISIC_0034120,mel,1,HAM10000_images_part_2/ISIC_0034120.jpg,histo,60.0,female,lower extremity
HAM_0004405,ISIC_0032532,mel,1,HAM10000_images_part_2/ISIC_0032532.jpg,histo,80.0,male,back
HAM_0004405,ISIC_0033500,mel,1,HAM10000_images_part_2/ISIC_0033500.jpg,histo,80.0,male,back
HAM_0003083,ISIC_0032604,mel,1,HAM10000_images_part_2/ISIC_0032604.jpg,histo,75.0,male,chest
HAM_0003083,ISIC_0033428,mel,1,HAM10000_images_part_2/ISIC_0033428.jpg,histo,75.0,male,chest
HAM_0000878,ISIC_0028746,mel,1,HAM10000_images_part_1/ISIC_0028746.jpg,histo,70.0,male,back
HAM_0003983,ISIC_0033975,mel,1,HAM10000_images_part_2/ISIC_0033975.jpg,histo,85.0,male,abdomen
HAM_0003983,ISIC_0033278,mel,1,HAM10000_images_part_2/ISIC_0033278.jpg,histo,85.0,male,abdomen
HAM_0003983,ISIC_0033679,mel,1,HAM10000_images_part_2/ISIC_0033679.jpg,histo,85.0,male,abdomen
HAM_0001266,ISIC_0029909,mel,1,HAM10000_images_part_2/ISIC_0029909.jpg,histo,75.0,female,ear
HAM_0005893,ISIC_0033432,mel,1,HAM10000_images_part_2/ISIC_0033432.jpg,histo,55.0,male,trunk
HAM_0005893,ISIC_0032833,mel,1,HAM10000_images_part_2/ISIC_0032833.jpg,histo,55.0,male,trunk
HAM_0005893,ISIC_0034236,mel,1,HAM10000_images_part_2/ISIC_0034236.jpg,histo,55.0,male,trunk
HAM_0002824,ISIC_0034118,mel,1,HAM10000_images_part_2/ISIC_0034118.jpg,histo,25.0,female,lower extremity
HAM_0002824,ISIC_0033476,mel,1,HAM10000_images_part_2/ISIC_0033476.jpg,histo,25.0,female,lower extremity
HAM_0002824,ISIC_0033047,mel,1,HAM10000_images_part_2/ISIC_0033047.jpg,histo,25.0,female,lower extremity
HAM_0002824,ISIC_0025987,mel,1,HAM10000_images_part_1/ISIC_0025987.jpg,histo,25.0,female,lower extremity
HAM_0007368,ISIC_0032017,mel,1,HAM10000_images_part_2/ISIC_0032017.jpg,histo,70.0,male,face
HAM_0007343,ISIC_0033946,mel,1,HAM10000_images_part_2/ISIC_0033946.jpg,histo,70.0,male,chest
HAM_0007343,ISIC_0033369,mel,1,HAM10000_images_part_2/ISIC_0033369.jpg,histo,70.0,male,chest
HAM_0007343,ISIC_0032447,mel,1,HAM10000_images_part_2/ISIC_0032447.jpg,histo,70.0,male,chest
HAM_0007343,ISIC_0033655,mel,1,HAM10000_images_part_2/ISIC_0033655.jpg,histo,70.0,male,chest
HAM_0007343,ISIC_0033831,mel,1,HAM10000_images_part_2/ISIC_0033831.jpg,histo,70.0,male,chest
HAM_0007032,ISIC_0033034,mel,1,HAM10000_images_part_2/ISIC_0033034.jpg,histo,70.0,female,back
HAM_0007032,ISIC_0034294,mel,1,HAM10000_images_part_2/ISIC_0034294.jpg,histo,70.0,female,back
HAM_0007032,ISIC_0034202,mel,1,HAM10000_images_part_2/ISIC_0034202.jpg,histo,70.0,female,back
HAM_0003386,ISIC_0033416,mel,1,HAM10000_images_part_2/ISIC_0033416.jpg,histo,70.0,male,abdomen
HAM_0003386,ISIC_0032662,mel,1,HAM10000_images_part_2/ISIC_0032662.jpg,histo,70.0,male,abdomen
HAM_0003386,ISIC_0033452,mel,1,HAM10000_images_part_2/ISIC_0033452.jpg,histo,70.0,male,abdomen
HAM_0000321,ISIC_0032733,mel,1,HAM10000_images_part_2/ISIC_0032733.jpg,histo,70.0,male,back
HAM_0000321,ISIC_0033183,mel,1,HAM10000_images_part_2/ISIC_0033183.jpg,histo,70.0,male,back
HAM_0000321,ISIC_0032564,mel,1,HAM10000_images_part_2/ISIC_0032564.jpg,histo,70.0,male,back
HAM_0007234,ISIC_0033362,mel,1,HAM10000_images_part_2/ISIC_0033362.jpg,histo,85.0,female,back
HAM_0005545,ISIC_0033947,mel,1,HAM10000_images_part_2/ISIC_0033947.jpg,histo,40.0,female,face
HAM_0005545,ISIC_0033881,mel,1,HAM10000_images_part_2/ISIC_0033881.jpg,histo,40.0,female,face
HAM_0005400,ISIC_0029363,mel,1,HAM10000_images_part_2/ISIC_0029363.jpg,histo,80.0,male,back
HAM_0005608,ISIC_0032685,mel,1,HAM10000_images_part_2/ISIC_0032685.jpg,histo,75.0,male,back
HAM_0005608,ISIC_0032903,mel,1,HAM10000_images_part_2/ISIC_0032903.jpg,histo,75.0,male,back
HAM_0005608,ISIC_0033323,mel,1,HAM10000_images_part_2/ISIC_0033323.jpg,histo,75.0,male,back
HAM_0002956,ISIC_0032637,mel,1,HAM10000_images_part_2/ISIC_0032637.jpg,histo,35.0,female,abdomen
HAM_0002956,ISIC_0032993,mel,1,HAM10000_images_part_2/ISIC_0032993.jpg,histo,35.0,female,abdomen
HAM_0000611,ISIC_0033804,mel,1,HAM10000_images_part_2/ISIC_0033804.jpg,histo,30.0,female,back
HAM_0000611,ISIC_0033801,mel,1,HAM10000_images_part_2/ISIC_0033801.jpg,histo,30.0,female,back
HAM_0000611,ISIC_0033216,mel,1,HAM10000_images_part_2/ISIC_0033216.jpg,histo,30.0,female,back
HAM_0005336,ISIC_0033154,mel,1,HAM10000_images_part_2/ISIC_0033154.jpg,histo,30.0,male,trunk
HAM_0005336,ISIC_0033192,mel,1,HAM10000_images_part_2/ISIC_0033192.jpg,histo,30.0,male,trunk
HAM_0005352,ISIC_0027100,mel,1,HAM10000_images_part_1/ISIC_0027100.jpg,histo,75.0,male,face
HAM_0002235,ISIC_0034222,mel,1,HAM10000_images_part_2/ISIC_0034222.jpg,histo,30.0,male,back
HAM_0002235,ISIC_0032569,mel,1,HAM10000_images_part_2/ISIC_0032569.jpg,histo,30.0,male,back
HAM_0002235,ISIC_0034064,mel,1,HAM10000_images_part_2/ISIC_0034064.jpg,histo,30.0,male,back
HAM_0000048,ISIC_0033902,mel,1,HAM10000_images_part_2/ISIC_0033902.jpg,histo,75.0,male,lower extremity
HAM_0000048,ISIC_0032774,mel,1,HAM10000_images_part_2/ISIC_0032774.jpg,histo,75.0,male,lower extremity
HAM_0003679,ISIC_0032840,mel,1,HAM10000_images_part_2/ISIC_0032840.jpg,histo,55.0,male,lower extremity
HAM_0003679,ISIC_0034313,mel,1,HAM10000_images_part_2/ISIC_0034313.jpg,histo,55.0,male,lower extremity
HAM_0003679,ISIC_0033570,mel,1,HAM10000_images_part_2/ISIC_0033570.jpg,histo,55.0,male,lower extremity
HAM_0004811,ISIC_0032602,mel,1,HAM10000_images_part_2/ISIC_0032602.jpg,histo,50.0,female,back
HAM_0004811,ISIC_0032724,mel,1,HAM10000_images_part_2/ISIC_0032724.jpg,histo,50.0,female,back
HAM_0004811,ISIC_0033129,mel,1,HAM10000_images_part_2/ISIC_0033129.jpg,histo,50.0,female,back
HAM_0002671,ISIC_0033068,mel,1,HAM10000_images_part_2/ISIC_0033068.jpg,histo,80.0,male,upper extremity
HAM_0002671,ISIC_0034218,mel,1,HAM10000_images_part_2/ISIC_0034218.jpg,histo,80.0,male,upper extremity
HAM_0002671,ISIC_0034263,mel,1,HAM10000_images_part_2/ISIC_0034263.jpg,histo,80.0,male,upper extremity
HAM_0001928,ISIC_0033725,mel,1,HAM10000_images_part_2/ISIC_0033725.jpg,histo,55.0,male,chest
HAM_0001928,ISIC_0032537,mel,1,HAM10000_images_part_2/ISIC_0032537.jpg,histo,55.0,male,chest
HAM_0001928,ISIC_0033287,mel,1,HAM10000_images_part_2/ISIC_0033287.jpg,histo,55.0,male,chest
HAM_0005535,ISIC_0029632,mel,1,HAM10000_images_part_2/ISIC_0029632.jpg,histo,55.0,male,back
HAM_0003556,ISIC_0033485,mel,1,HAM10000_images_part_2/ISIC_0033485.jpg,histo,60.0,male,lower extremity
HAM_0003556,ISIC_0033175,mel,1,HAM10000_images_part_2/ISIC_0033175.jpg,histo,60.0,male,lower extremity
HAM_0003556,ISIC_0033886,mel,1,HAM10000_images_part_2/ISIC_0033886.jpg,histo,60.0,male,lower extremity
HAM_0003354,ISIC_0032892,mel,1,HAM10000_images_part_2/ISIC_0032892.jpg,histo,85.0,female,back
HAM_0000322,ISIC_0033942,mel,1,HAM10000_images_part_2/ISIC_0033942.jpg,histo,65.0,male,back
HAM_0000322,ISIC_0033473,mel,1,HAM10000_images_part_2/ISIC_0033473.jpg,histo,65.0,male,back
HAM_0005613,ISIC_0030564,mel,1,HAM10000_images_part_2/ISIC_0030564.jpg,histo,45.0,male,face
HAM_0005581,ISIC_0033337,mel,1,HAM10000_images_part_2/ISIC_0033337.jpg,histo,50.0,male,back
HAM_0005581,ISIC_0033594,mel,1,HAM10000_images_part_2/ISIC_0033594.jpg,histo,50.0,male,back
HAM_0000319,ISIC_0029209,mel,1,HAM10000_images_part_1/ISIC_0029209.jpg,histo,50.0,male,upper extremity
HAM_0000358,ISIC_0026976,mel,1,HAM10000_images_part_1/ISIC_0026976.jpg,histo,60.0,male,back
HAM_0003280,ISIC_0033275,mel,1,HAM10000_images_part_2/ISIC_0033275.jpg,histo,60.0,female,chest
HAM_0003280,ISIC_0033938,mel,1,HAM10000_images_part_2/ISIC_0033938.jpg,histo,60.0,female,chest
HAM_0003280,ISIC_0032841,mel,1,HAM10000_images_part_2/ISIC_0032841.jpg,histo,60.0,female,chest
HAM_0000388,ISIC_0033819,mel,1,HAM10000_images_part_2/ISIC_0033819.jpg,histo,60.0,male,back
HAM_0000388,ISIC_0032544,mel,1,HAM10000_images_part_2/ISIC_0032544.jpg,histo,60.0,male,back
HAM_0000388,ISIC_0032844,mel,1,HAM10000_images_part_2/ISIC_0032844.jpg,histo,60.0,male,back
HAM_0004927,ISIC_0032921,mel,1,HAM10000_images_part_2/ISIC_0032921.jpg,histo,70.0,male,abdomen
HAM_0004927,ISIC_0034117,mel,1,HAM10000_images_part_2/ISIC_0034117.jpg,histo,70.0,male,abdomen
HAM_0004927,ISIC_0033415,mel,1,HAM10000_images_part_2/ISIC_0033415.jpg,histo,70.0,male,abdomen
HAM_0005303,ISIC_0033240,mel,1,HAM10000_images_part_2/ISIC_0033240.jpg,histo,70.0,male,scalp
HAM_0005303,ISIC_0032782,mel,1,HAM10000_images_part_2/ISIC_0032782.jpg,histo,70.0,male,scalp
HAM_0005303,ISIC_0032522,mel,1,HAM10000_images_part_2/ISIC_0032522.jpg,histo,70.0,male,scalp
HAM_0005280,ISIC_0033595,mel,1,HAM10000_images_part_2/ISIC_0033595.jpg,histo,70.0,male,upper extremity
HAM_0005280,ISIC_0034059,mel,1,HAM10000_images_part_2/ISIC_0034059.jpg,histo,70.0,male,upper extremity
HAM_0005280,ISIC_0033063,mel,1,HAM10000_images_part_2/ISIC_0033063.jpg,histo,70.0,male,upper extremity
HAM_0007180,ISIC_0032726,mel,1,HAM10000_images_part_2/ISIC_0032726.jpg,histo,65.0,male,face
HAM_0007180,ISIC_0033272,mel,1,HAM10000_images_part_2/ISIC_0033272.jpg,histo,65.0,male,face
HAM_0003202,ISIC_0032718,mel,1,HAM10000_images_part_2/ISIC_0032718.jpg,histo,65.0,male,chest
HAM_0003202,ISIC_0032736,mel,1,HAM10000_images_part_2/ISIC_0032736.jpg,histo,65.0,male,chest
HAM_0004593,ISIC_0024900,mel,1,HAM10000_images_part_1/ISIC_0024900.jpg,histo,65.0,female,back
HAM_0004593,ISIC_0032072,mel,1,HAM10000_images_part_2/ISIC_0032072.jpg,histo,65.0,female,back
HAM_0004571,ISIC_0033578,mel,1,HAM10000_images_part_2/ISIC_0033578.jpg,histo,65.0,male,face
HAM_0004571,ISIC_0034100,mel,1,HAM10000_images_part_2/ISIC_0034100.jpg,histo,65.0,male,face
HAM_0005628,ISIC_0032940,mel,1,HAM10000_images_part_2/ISIC_0032940.jpg,histo,70.0,male,scalp
HAM_0003620,ISIC_0032511,mel,1,HAM10000_images_part_2/ISIC_0032511.jpg,histo,70.0,male,scalp
HAM_0007117,ISIC_0033687,mel,1,HAM10000_images_part_2/ISIC_0033687.jpg,histo,35.0,male,back
HAM_0007117,ISIC_0034085,mel,1,HAM10000_images_part_2/ISIC_0034085.jpg,histo,35.0,male,back
HAM_0000107,ISIC_0033299,mel,1,HAM10000_images_part_2/ISIC_0033299.jpg,histo,85.0,male,trunk
HAM_0004321,ISIC_0033479,mel,1,HAM10000_images_part_2/ISIC_0033479.jpg,histo,40.0,female,back
HAM_0004321,ISIC_0033522,mel,1,HAM10000_images_part_2/ISIC_0033522.jpg,histo,40.0,female,back
HAM_0003466,ISIC_0034132,mel,1,HAM10000_images_part_2/ISIC_0034132.jpg,histo,70.0,female,lower extremity
HAM_0003466,ISIC_0033038,mel,1,HAM10000_images_part_2/ISIC_0033038.jpg,histo,70.0,female,lower extremity
HAM_0004984,ISIC_0033630,mel,1,HAM10000_images_part_2/ISIC_0033630.jpg,histo,80.0,male,face
HAM_0004984,ISIC_0032879,mel,1,HAM10000_images_part_2/ISIC_0032879.jpg,histo,80.0,male,face
HAM_0006037,ISIC_0028082,mel,1,HAM10000_images_part_1/ISIC_0028082.jpg,histo,40.0,female,chest
HAM_0001465,ISIC_0033209,mel,1,HAM10000_images_part_2/ISIC_0033209.jpg,histo,65.0,male,ear
HAM_0001465,ISIC_0034074,mel,1,HAM10000_images_part_2/ISIC_0034074.jpg,histo,65.0,male,ear
HAM_0001465,ISIC_0032699,mel,1,HAM10000_images_part_2/ISIC_0032699.jpg,histo,65.0,male,ear
HAM_0001524,ISIC_0032915,mel,1,HAM10000_images_part_2/ISIC_0032915.jpg,histo,75.0,male,lower extremity
HAM_0002099,ISIC_0028460,mel,1,HAM10000_images_part_1/ISIC_0028460.jpg,histo,65.0,male,back
HAM_0004949,ISIC_0033883,mel,1,HAM10000_images_part_2/ISIC_0033883.jpg,histo,55.0,male,back
HAM_0004949,ISIC_0034145,mel,1,HAM10000_images_part_2/ISIC_0034145.jpg,histo,55.0,male,back
HAM_0004949,ISIC_0032981,mel,1,HAM10000_images_part_2/ISIC_0032981.jpg,histo,55.0,male,back
HAM_0007021,ISIC_0033477,mel,1,HAM10000_images_part_2/ISIC_0033477.jpg,histo,65.0,male,upper extremity
HAM_0007021,ISIC_0034092,mel,1,HAM10000_images_part_2/ISIC_0034092.jpg,histo,65.0,male,upper extremity
HAM_0007086,ISIC_0033863,mel,1,HAM10000_images_part_2/ISIC_0033863.jpg,histo,65.0,female,back
HAM_0007086,ISIC_0034180,mel,1,HAM10000_images_part_2/ISIC_0034180.jpg,histo,65.0,female,back
HAM_0007086,ISIC_0033267,mel,1,HAM10000_images_part_2/ISIC_0033267.jpg,histo,65.0,female,back
HAM_0006763,ISIC_0034005,mel,1,HAM10000_images_part_2/ISIC_0034005.jpg,histo,75.0,male,foot
HAM_0006101,ISIC_0033872,mel,1,HAM10000_images_part_2/ISIC_0033872.jpg,histo,75.0,male,back
HAM_0006101,ISIC_0032617,mel,1,HAM10000_images_part_2/ISIC_0032617.jpg,histo,75.0,male,back
HAM_0004881,ISIC_0033806,mel,1,HAM10000_images_part_2/ISIC_0033806.jpg,histo,85.0,male,abdomen
HAM_0004881,ISIC_0032913,mel,1,HAM10000_images_part_2/ISIC_0032913.jpg,histo,85.0,male,abdomen
HAM_0005970,ISIC_0032806,mel,1,HAM10000_images_part_2/ISIC_0032806.jpg,histo,65.0,male,chest
HAM_0000042,ISIC_0034048,mel,1,HAM10000_images_part_2/ISIC_0034048.jpg,histo,45.0,female,upper extremity
HAM_0000042,ISIC_0033905,mel,1,HAM10000_images_part_2/ISIC_0033905.jpg,histo,45.0,female,upper extremity
HAM_0000042,ISIC_0033981,mel,1,HAM10000_images_part_2/ISIC_0033981.jpg,histo,45.0,female,upper extremity
HAM_0003506,ISIC_0033336,mel,1,HAM10000_images_part_2/ISIC_0033336.jpg,histo,70.0,male,upper extremity
HAM_0003506,ISIC_0033405,mel,1,HAM10000_images_part_2/ISIC_0033405.jpg,histo,70.0,male,upper extremity
HAM_0003506,ISIC_0034188,mel,1,HAM10000_images_part_2/ISIC_0034188.jpg,histo,70.0,male,upper extremity
HAM_0002149,ISIC_0033042,mel,1,HAM10000_images_part_2/ISIC_0033042.jpg,histo,60.0,female,face
HAM_0005141,ISIC_0034034,mel,1,HAM10000_images_part_2/ISIC_0034034.jpg,histo,70.0,male,back
HAM_0005141,ISIC_0033217,mel,1,HAM10000_images_part_2/ISIC_0033217.jpg,histo,70.0,male,back
HAM_0005256,ISIC_0033728,mel,1,HAM10000_images_part_2/ISIC_0033728.jpg,histo,80.0,male,back
HAM_0002342,ISIC_0033901,mel,1,HAM10000_images_part_2/ISIC_0033901.jpg,histo,40.0,male,back
HAM_0002342,ISIC_0032917,mel,1,HAM10000_images_part_2/ISIC_0032917.jpg,histo,40.0,male,back
HAM_0002342,ISIC_0032925,mel,1,HAM10000_images_part_2/ISIC_0032925.jpg,histo,40.0,male,back
HAM_0004304,ISIC_0033324,mel,1,HAM10000_images_part_2/ISIC_0033324.jpg,histo,85.0,male,upper extremity
HAM_0004304,ISIC_0034316,mel,1,HAM10000_images_part_2/ISIC_0034316.jpg,histo,85.0,male,upper extremity
HAM_0004304,ISIC_0033710,mel,1,HAM10000_images_part_2/ISIC_0033710.jpg,histo,85.0,male,upper extremity
HAM_0006437,ISIC_0033469,mel,1,HAM10000_images_part_2/ISIC_0033469.jpg,histo,65.0,female,ear
HAM_0000282,ISIC_0031709,mel,1,HAM10000_images_part_2/ISIC_0031709.jpg,histo,65.0,male,neck
HAM_0003566,ISIC_0032684,mel,1,HAM10000_images_part_2/ISIC_0032684.jpg,histo,50.0,male,abdomen
HAM_0003566,ISIC_0034052,mel,1,HAM10000_images_part_2/ISIC_0034052.jpg,histo,50.0,male,abdomen
HAM_0003566,ISIC_0033171,mel,1,HAM10000_images_part_2/ISIC_0033171.jpg,histo,50.0,male,abdomen
HAM_0002732,ISIC_0034022,mel,1,HAM10000_images_part_2/ISIC_0034022.jpg,histo,65.0,male,chest
HAM_0002732,ISIC_0033017,mel,1,HAM10000_images_part_2/ISIC_0033017.jpg,histo,65.0,male,chest
HAM_0002732,ISIC_0033874,mel,1,HAM10000_images_part_2/ISIC_0033874.jpg,histo,65.0,male,chest
HAM_0004767,ISIC_0025531,mel,1,HAM10000_images_part_1/ISIC_0025531.jpg,histo,80.0,male,face
HAM_0006824,ISIC_0032958,mel,1,HAM10000_images_part_2/ISIC_0032958.jpg,histo,70.0,male,lower extremity
HAM_0006824,ISIC_0033538,mel,1,HAM10000_images_part_2/ISIC_0033538.jpg,histo,70.0,male,lower extremity
HAM_0003073,ISIC_0032836,mel,1,HAM10000_images_part_2/ISIC_0032836.jpg,histo,50.0,male,abdomen
HAM_0003073,ISIC_0033444,mel,1,HAM10000_images_part_2/ISIC_0033444.jpg,histo,50.0,male,abdomen
HAM_0003073,ISIC_0034183,mel,1,HAM10000_images_part_2/ISIC_0034183.jpg,histo,50.0,male,abdomen
HAM_0001143,ISIC_0033426,mel,1,HAM10000_images_part_2/ISIC_0033426.jpg,histo,55.0,male,back
HAM_0003495,ISIC_0032869,mel,1,HAM10000_images_part_2/ISIC_0032869.jpg,histo,85.0,male,back
HAM_0003495,ISIC_0033524,mel,1,HAM10000_images_part_2/ISIC_0033524.jpg,histo,85.0,male,back
HAM_0004853,ISIC_0034101,mel,1,HAM10000_images_part_2/ISIC_0034101.jpg,histo,80.0,male,upper extremity
HAM_0004853,ISIC_0030333,mel,1,HAM10000_images_part_2/ISIC_0030333.jpg,histo,80.0,male,upper extremity
HAM_0004853,ISIC_0032695,mel,1,HAM10000_images_part_2/ISIC_0032695.jpg,histo,80.0,male,upper extremity
HAM_0000119,ISIC_0033310,mel,1,HAM10000_images_part_2/ISIC_0033310.jpg,histo,60.0,male,back
HAM_0006097,ISIC_0027306,mel,1,HAM10000_images_part_1/ISIC_0027306.jpg,histo,60.0,male,chest
HAM_0006097,ISIC_0034253,mel,1,HAM10000_images_part_2/ISIC_0034253.jpg,histo,60.0,male,chest
HAM_0007558,ISIC_0033120,mel,1,HAM10000_images_part_2/ISIC_0033120.jpg,histo,45.0,male,upper extremity
HAM_0007583,ISIC_0033081,mel,1,HAM10000_images_part_2/ISIC_0033081.jpg,histo,55.0,female,upper extremity
HAM_0007558,ISIC_0034211,mel,1,HAM10000_images_part_2/ISIC_0034211.jpg,histo,45.0,male,upper extremity
HAM_0007558,ISIC_0028410,mel,1,HAM10000_images_part_1/ISIC_0028410.jpg,histo,45.0,male,upper extremity
HAM_0007558,ISIC_0033545,mel,1,HAM10000_images_part_2/ISIC_0033545.jpg,histo,45.0,male,upper extremity
HAM_0007570,ISIC_0026430,mel,1,HAM10000_images_part_1/ISIC_0026430.jpg,histo,60.0,female,back
HAM_0005274,ISIC_0033141,mel,1,HAM10000_images_part_2/ISIC_0033141.jpg,histo,55.0,male,upper extremity
HAM_0005274,ISIC_0033261,mel,1,HAM10000_images_part_2/ISIC_0033261.jpg,histo,55.0,male,upper extremity
HAM_0005274,ISIC_0032766,mel,1,HAM10000_images_part_2/ISIC_0032766.jpg,histo,55.0,male,upper extremity
HAM_0005409,ISIC_0032531,mel,1,HAM10000_images_part_2/ISIC_0032531.jpg,histo,45.0,male,back
HAM_0005409,ISIC_0032970,mel,1,HAM10000_images_part_2/ISIC_0032970.jpg,histo,45.0,male,back
HAM_0006556,ISIC_0027402,mel,1,HAM10000_images_part_1/ISIC_0027402.jpg,histo,60.0,male,lower extremity
HAM_0000337,ISIC_0030391,mel,1,HAM10000_images_part_2/ISIC_0030391.jpg,histo,50.0,female,back
HAM_0006376,ISIC_0032845,mel,1,HAM10000_images_part_2/ISIC_0032845.jpg,histo,70.0,female,lower extremity
HAM_0003843,ISIC_0034036,mel,1,HAM10000_images_part_2/ISIC_0034036.jpg,histo,35.0,male,abdomen
HAM_0001272,ISIC_0032968,mel,1,HAM10000_images_part_2/ISIC_0032968.jpg,histo,85.0,male,upper extremity
HAM_0001272,ISIC_0029265,mel,1,HAM10000_images_part_1/ISIC_0029265.jpg,histo,85.0,male,upper extremity
HAM_0001274,ISIC_0032462,mel,1,HAM10000_images_part_2/ISIC_0032462.jpg,histo,70.0,male,upper extremity
HAM_0001280,ISIC_0033704,mel,1,HAM10000_images_part_2/ISIC_0033704.jpg,histo,60.0,male,back
HAM_0000274,ISIC_0031479,mel,1,HAM10000_images_part_2/ISIC_0031479.jpg,histo,75.0,female,lower extremity
HAM_0005249,ISIC_0033166,mel,1,HAM10000_images_part_2/ISIC_0033166.jpg,histo,40.0,female,lower extremity
HAM_0005249,ISIC_0033320,mel,1,HAM10000_images_part_2/ISIC_0033320.jpg,histo,40.0,female,lower extremity
HAM_0005249,ISIC_0032526,mel,1,HAM10000_images_part_2/ISIC_0032526.jpg,histo,40.0,female,lower extremity
HAM_0000423,ISIC_0033813,mel,1,HAM10000_images_part_2/ISIC_0033813.jpg,histo,55.0,male,lower extremity
HAM_0007583,ISIC_0034205,mel,1,HAM10000_images_part_2/ISIC_0034205.jpg,histo,55.0,female,upper extremity
HAM_0007583,ISIC_0033612,mel,1,HAM10000_images_part_2/ISIC_0033612.jpg,histo,55.0,female,upper extremity
HAM_0007589,ISIC_0034049,mel,1,HAM10000_images_part_2/ISIC_0034049.jpg,histo,70.0,male,back
HAM_0003700,ISIC_0033300,mel,1,HAM10000_images_part_2/ISIC_0033300.jpg,histo,40.0,female,lower extremity
HAM_0003700,ISIC_0033616,mel,1,HAM10000_images_part_2/ISIC_0033616.jpg,histo,40.0,female,lower extremity
HAM_0003700,ISIC_0029606,mel,1,HAM10000_images_part_2/ISIC_0029606.jpg,histo,40.0,female,lower extremity
HAM_0003700,ISIC_0033099,mel,1,HAM10000_images_part_2/ISIC_0033099.jpg,histo,40.0,female,lower extremity
HAM_0005992,ISIC_0032723,mel,1,HAM10000_images_part_2/ISIC_0032723.jpg,histo,25.0,female,back
HAM_0005992,ISIC_0032751,mel,1,HAM10000_images_part_2/ISIC_0032751.jpg,histo,25.0,female,back
HAM_0005992,ISIC_0032597,mel,1,HAM10000_images_part_2/ISIC_0032597.jpg,histo,25.0,female,back
HAM_0004284,ISIC_0032730,mel,1,HAM10000_images_part_2/ISIC_0032730.jpg,histo,80.0,female,face
HAM_0004284,ISIC_0032709,mel,1,HAM10000_images_part_2/ISIC_0032709.jpg,histo,80.0,female,face
HAM_0004284,ISIC_0033206,mel,1,HAM10000_images_part_2/ISIC_0033206.jpg,histo,80.0,female,face
HAM_0006540,ISIC_0033344,mel,1,HAM10000_images_part_2/ISIC_0033344.jpg,histo,70.0,female,face
HAM_0006540,ISIC_0032988,mel,1,HAM10000_images_part_2/ISIC_0032988.jpg,histo,70.0,female,face
HAM_0004859,ISIC_0033812,mel,1,HAM10000_images_part_2/ISIC_0033812.jpg,histo,70.0,female,neck
HAM_0004859,ISIC_0033653,mel,1,HAM10000_images_part_2/ISIC_0033653.jpg,histo,70.0,female,neck
HAM_0001686,ISIC_0032698,mel,1,HAM10000_images_part_2/ISIC_0032698.jpg,histo,65.0,male,face
HAM_0000799,ISIC_0033611,mel,1,HAM10000_images_part_2/ISIC_0033611.jpg,histo,65.0,male,upper extremity
HAM_0000799,ISIC_0033586,mel,1,HAM10000_images_part_2/ISIC_0033586.jpg,histo,65.0,male,upper extremity
HAM_0000799,ISIC_0033226,mel,1,HAM10000_images_part_2/ISIC_0033226.jpg,histo,65.0,male,upper extremity
HAM_0004754,ISIC_0033198,mel,1,HAM10000_images_part_2/ISIC_0033198.jpg,histo,65.0,male,back
HAM_0004754,ISIC_0032790,mel,1,HAM10000_images_part_2/ISIC_0032790.jpg,histo,65.0,male,back
HAM_0004754,ISIC_0033245,mel,1,HAM10000_images_part_2/ISIC_0033245.jpg,histo,65.0,male,back
HAM_0004302,ISIC_0033029,mel,1,HAM10000_images_part_2/ISIC_0033029.jpg,histo,60.0,male,abdomen
HAM_0004326,ISIC_0030883,mel,1,HAM10000_images_part_2/ISIC_0030883.jpg,histo,75.0,female,back
HAM_0004302,ISIC_0028582,mel,1,HAM10000_images_part_1/ISIC_0028582.jpg,histo,60.0,male,abdomen
HAM_0003174,ISIC_0033392,mel,1,HAM10000_images_part_2/ISIC_0033392.jpg,histo,85.0,male,trunk
HAM_0003174,ISIC_0032873,mel,1,HAM10000_images_part_2/ISIC_0032873.jpg,histo,85.0,male,trunk
HAM_0005809,ISIC_0034107,mel,1,HAM10000_images_part_2/ISIC_0034107.jpg,histo,40.0,female,chest
HAM_0005809,ISIC_0033368,mel,1,HAM10000_images_part_2/ISIC_0033368.jpg,histo,40.0,female,chest
HAM_0006184,ISIC_0033024,mel,1,HAM10000_images_part_2/ISIC_0033024.jpg,histo,75.0,male,foot
HAM_0006184,ISIC_0034134,mel,1,HAM10000_images_part_2/ISIC_0034134.jpg,histo,75.0,male,foot
HAM_0003351,ISIC_0033878,mel,1,HAM10000_images_part_2/ISIC_0033878.jpg,histo,80.0,female,face
HAM_0001344,ISIC_0032687,mel,1,HAM10000_images_part_2/ISIC_0032687.jpg,histo,45.0,male,back
HAM_0001344,ISIC_0033055,mel,1,HAM10000_images_part_2/ISIC_0033055.jpg,histo,45.0,male,back
HAM_0006426,ISIC_0033559,mel,1,HAM10000_images_part_2/ISIC_0033559.jpg,histo,80.0,female,upper extremity
HAM_0006426,ISIC_0032922,mel,1,HAM10000_images_part_2/ISIC_0032922.jpg,histo,80.0,female,upper extremity
HAM_0006517,ISIC_0032672,mel,1,HAM10000_images_part_2/ISIC_0032672.jpg,histo,55.0,female,lower extremity
HAM_0006517,ISIC_0034076,mel,1,HAM10000_images_part_2/ISIC_0034076.jpg,histo,55.0,female,lower extremity
HAM_0006462,ISIC_0033520,mel,1,HAM10000_images_part_2/ISIC_0033520.jpg,histo,55.0,male,neck
HAM_0006462,ISIC_0034028,mel,1,HAM10000_images_part_2/ISIC_0034028.jpg,histo,55.0,male,neck
HAM_0005627,ISIC_0033607,mel,1,HAM10000_images_part_2/ISIC_0033607.jpg,histo,45.0,male,back
HAM_0005627,ISIC_0033568,mel,1,HAM10000_images_part_2/ISIC_0033568.jpg,histo,45.0,male,back
HAM_0004914,ISIC_0034062,mel,1,HAM10000_images_part_2/ISIC_0034062.jpg,histo,80.0,female,face
HAM_0004914,ISIC_0034170,mel,1,HAM10000_images_part_2/ISIC_0034170.jpg,histo,80.0,female,face
HAM_0001506,ISIC_0033061,mel,1,HAM10000_images_part_2/ISIC_0033061.jpg,histo,25.0,female,lower extremity
HAM_0001506,ISIC_0033967,mel,1,HAM10000_images_part_2/ISIC_0033967.jpg,histo,25.0,female,lower extremity
HAM_0001506,ISIC_0033051,mel,1,HAM10000_images_part_2/ISIC_0033051.jpg,histo,25.0,female,lower extremity
HAM_0003439,ISIC_0033050,mel,1,HAM10000_images_part_2/ISIC_0033050.jpg,histo,75.0,female,back
HAM_0003439,ISIC_0033526,mel,1,HAM10000_images_part_2/ISIC_0033526.jpg,histo,75.0,female,back
HAM_0000176,ISIC_0032862,mel,1,HAM10000_images_part_2/ISIC_0032862.jpg,histo,65.0,male,upper extremity
HAM_0000176,ISIC_0033073,mel,1,HAM10000_images_part_2/ISIC_0033073.jpg,histo,65.0,male,upper extremity
HAM_0000176,ISIC_0033696,mel,1,HAM10000_images_part_2/ISIC_0033696.jpg,histo,65.0,male,upper extremity
HAM_0000706,ISIC_0033668,mel,1,HAM10000_images_part_2/ISIC_0033668.jpg,histo,50.0,male,face
HAM_0000706,ISIC_0032690,mel,1,HAM10000_images_part_2/ISIC_0032690.jpg,histo,50.0,male,face
HAM_0000706,ISIC_0032918,mel,1,HAM10000_images_part_2/ISIC_0032918.jpg,histo,50.0,male,face
HAM_0001793,ISIC_0028520,mel,1,HAM10000_images_part_1/ISIC_0028520.jpg,histo,75.0,male,back
HAM_0001793,ISIC_0034000,mel,1,HAM10000_images_part_2/ISIC_0034000.jpg,histo,75.0,male,back
HAM_0002488,ISIC_0032807,mel,1,HAM10000_images_part_2/ISIC_0032807.jpg,histo,50.0,male,face
HAM_0002488,ISIC_0032645,mel,1,HAM10000_images_part_2/ISIC_0032645.jpg,histo,50.0,male,face
HAM_0002051,ISIC_0033498,mel,1,HAM10000_images_part_2/ISIC_0033498.jpg,histo,50.0,female,foot
HAM_0002051,ISIC_0031784,mel,1,HAM10000_images_part_2/ISIC_0031784.jpg,histo,50.0,female,foot
HAM_0001974,ISIC_0033807,mel,1,HAM10000_images_part_2/ISIC_0033807.jpg,histo,65.0,female,lower extremity
HAM_0001974,ISIC_0033533,mel,1,HAM10000_images_part_2/ISIC_0033533.jpg,histo,65.0,female,lower extremity
HAM_0005021,ISIC_0034173,mel,1,HAM10000_images_part_2/ISIC_0034173.jpg,histo,75.0,male,face
HAM_0005021,ISIC_0033454,mel,1,HAM10000_images_part_2/ISIC_0033454.jpg,histo,75.0,male,face
HAM_0001280,ISIC_0033893,mel,1,HAM10000_images_part_2/ISIC_0033893.jpg,histo,60.0,male,back
HAM_0001349,ISIC_0028225,mel,1,HAM10000_images_part_1/ISIC_0028225.jpg,histo,70.0,female,lower extremity
HAM_0000169,ISIC_0032960,mel,1,HAM10000_images_part_2/ISIC_0032960.jpg,histo,,male,face
HAM_0000169,ISIC_0033708,mel,1,HAM10000_images_part_2/ISIC_0033708.jpg,histo,,male,face
HAM_0006376,ISIC_0034317,mel,1,HAM10000_images_part_2/ISIC_0034317.jpg,histo,70.0,female,lower extremity
HAM_0006400,ISIC_0031741,mel,1,HAM10000_images_part_2/ISIC_0031741.jpg,histo,45.0,female,back
HAM_0006376,ISIC_0033662,mel,1,HAM10000_images_part_2/ISIC_0033662.jpg,histo,70.0,female,lower extremity
HAM_0004109,ISIC_0033037,mel,1,HAM10000_images_part_2/ISIC_0033037.jpg,histo,70.0,male,back
HAM_0004109,ISIC_0033773,mel,1,HAM10000_images_part_2/ISIC_0033773.jpg,histo,70.0,male,back
HAM_0000079,ISIC_0033752,mel,1,HAM10000_images_part_2/ISIC_0033752.jpg,histo,50.0,female,face
HAM_0000079,ISIC_0033424,mel,1,HAM10000_images_part_2/ISIC_0033424.jpg,histo,50.0,female,face
HAM_0003843,ISIC_0034216,mel,1,HAM10000_images_part_2/ISIC_0034216.jpg,histo,35.0,male,abdomen
HAM_0001647,ISIC_0033730,mel,1,HAM10000_images_part_2/ISIC_0033730.jpg,histo,70.0,female,back
HAM_0001647,ISIC_0032975,mel,1,HAM10000_images_part_2/ISIC_0032975.jpg,histo,70.0,female,back
HAM_0005124,ISIC_0030150,mel,1,HAM10000_images_part_2/ISIC_0030150.jpg,histo,80.0,female,neck
HAM_0004844,ISIC_0033394,mel,1,HAM10000_images_part_2/ISIC_0033394.jpg,histo,50.0,male,trunk
HAM_0004844,ISIC_0034233,mel,1,HAM10000_images_part_2/ISIC_0034233.jpg,histo,50.0,male,trunk
HAM_0000337,ISIC_0026081,mel,1,HAM10000_images_part_1/ISIC_0026081.jpg,histo,50.0,female,back
HAM_0005040,ISIC_0033638,mel,1,HAM10000_images_part_2/ISIC_0033638.jpg,histo,40.0,female,upper extremity
HAM_0005040,ISIC_0033805,mel,1,HAM10000_images_part_2/ISIC_0033805.jpg,histo,40.0,female,upper extremity
HAM_0005040,ISIC_0033302,mel,1,HAM10000_images_part_2/ISIC_0033302.jpg,histo,40.0,female,upper extremity
HAM_0000206,ISIC_0033925,mel,1,HAM10000_images_part_2/ISIC_0033925.jpg,histo,65.0,female,upper extremity
HAM_0000206,ISIC_0033431,mel,1,HAM10000_images_part_2/ISIC_0033431.jpg,histo,65.0,female,upper extremity
HAM_0000880,ISIC_0033089,mel,1,HAM10000_images_part_2/ISIC_0033089.jpg,histo,60.0,male,face
HAM_0000880,ISIC_0033562,mel,1,HAM10000_images_part_2/ISIC_0033562.jpg,histo,60.0,male,face
HAM_0001155,ISIC_0032987,mel,1,HAM10000_images_part_2/ISIC_0032987.jpg,histo,70.0,male,face
HAM_0001570,ISIC_0032872,mel,1,HAM10000_images_part_2/ISIC_0032872.jpg,histo,55.0,male,back
HAM_0001570,ISIC_0033178,mel,1,HAM10000_images_part_2/ISIC_0033178.jpg,histo,55.0,male,back
HAM_0007245,ISIC_0032870,mel,1,HAM10000_images_part_2/ISIC_0032870.jpg,histo,85.0,male,upper extremity
HAM_0002377,ISIC_0033999,mel,1,HAM10000_images_part_2/ISIC_0033999.jpg,histo,85.0,female,foot
HAM_0002377,ISIC_0033856,mel,1,HAM10000_images_part_2/ISIC_0033856.jpg,histo,85.0,female,foot
HAM_0001753,ISIC_0024929,mel,1,HAM10000_images_part_1/ISIC_0024929.jpg,histo,55.0,male,back
HAM_0003617,ISIC_0029502,mel,1,HAM10000_images_part_2/ISIC_0029502.jpg,histo,50.0,female,upper extremity
HAM_0005846,ISIC_0024459,mel,1,HAM10000_images_part_1/ISIC_0024459.jpg,histo,80.0,male,back
HAM_0001299,ISIC_0031208,mel,1,HAM10000_images_part_2/ISIC_0031208.jpg,histo,55.0,female,back
HAM_0001299,ISIC_0026545,mel,1,HAM10000_images_part_1/ISIC_0026545.jpg,histo,55.0,female,back
HAM_0006593,ISIC_0025708,mel,1,HAM10000_images_part_1/ISIC_0025708.jpg,histo,30.0,female,back
HAM_0007016,ISIC_0027838,mel,1,HAM10000_images_part_1/ISIC_0027838.jpg,histo,35.0,female,abdomen
HAM_0000433,ISIC_0031554,mel,1,HAM10000_images_part_2/ISIC_0031554.jpg,histo,55.0,male,back
HAM_0000433,ISIC_0025472,mel,1,HAM10000_images_part_1/ISIC_0025472.jpg,histo,55.0,male,back
HAM_0005927,ISIC_0028173,mel,1,HAM10000_images_part_1/ISIC_0028173.jpg,histo,45.0,male,back
HAM_0005600,ISIC_0025520,mel,1,HAM10000_images_part_1/ISIC_0025520.jpg,histo,65.0,male,back
HAM_0002186,ISIC_0028463,mel,1,HAM10000_images_part_1/ISIC_0028463.jpg,histo,60.0,female,back
HAM_0005467,ISIC_0024640,mel,1,HAM10000_images_part_1/ISIC_0024640.jpg,histo,55.0,female,back
HAM_0004779,ISIC_0024962,mel,1,HAM10000_images_part_1/ISIC_0024962.jpg,histo,35.0,male,back
HAM_0004779,ISIC_0024823,mel,1,HAM10000_images_part_1/ISIC_0024823.jpg,histo,35.0,male,back
HAM_0006626,ISIC_0029914,mel,1,HAM10000_images_part_2/ISIC_0029914.jpg,histo,60.0,male,lower extremity
HAM_0002196,ISIC_0026089,mel,1,HAM10000_images_part_1/ISIC_0026089.jpg,histo,60.0,male,back
HAM_0002196,ISIC_0024930,mel,1,HAM10000_images_part_1/ISIC_0024930.jpg,histo,60.0,male,back
HAM_0001950,ISIC_0024449,mel,1,HAM10000_images_part_1/ISIC_0024449.jpg,histo,55.0,male,back
HAM_0002834,ISIC_0032110,mel,1,HAM10000_images_part_2/ISIC_0032110.jpg,histo,75.0,female,back
HAM_0002834,ISIC_0026500,mel,1,HAM10000_images_part_1/ISIC_0026500.jpg,histo,75.0,female,back
HAM_0006467,ISIC_0027622,mel,1,HAM10000_images_part_1/ISIC_0027622.jpg,histo,40.0,female,upper extremity
HAM_0000653,ISIC_0024552,mel,1,HAM10000_images_part_1/ISIC_0024552.jpg,histo,60.0,female,lower extremity
HAM_0004850,ISIC_0026438,mel,1,HAM10000_images_part_1/ISIC_0026438.jpg,histo,30.0,female,trunk
HAM_0004850,ISIC_0028126,mel,1,HAM10000_images_part_1/ISIC_0028126.jpg,histo,30.0,female,trunk
HAM_0002711,ISIC_0027669,mel,1,HAM10000_images_part_1/ISIC_0027669.jpg,histo,65.0,male,lower extremity
HAM_0002711,ISIC_0031795,mel,1,HAM10000_images_part_2/ISIC_0031795.jpg,histo,65.0,male,lower extremity
HAM_0000201,ISIC_0031408,mel,1,HAM10000_images_part_2/ISIC_0031408.jpg,histo,65.0,male,trunk
HAM_0001378,ISIC_0025313,mel,1,HAM10000_images_part_1/ISIC_0025313.jpg,histo,35.0,female,lower extremity
HAM_0000888,ISIC_0025085,mel,1,HAM10000_images_part_1/ISIC_0025085.jpg,histo,75.0,male,upper extremity
HAM_0000888,ISIC_0031034,mel,1,HAM10000_images_part_2/ISIC_0031034.jpg,histo,75.0,male,upper extremity
HAM_0007586,ISIC_0029819,mel,1,HAM10000_images_part_2/ISIC_0029819.jpg,histo,70.0,female,upper extremity
HAM_0003400,ISIC_0026167,mel,1,HAM10000_images_part_1/ISIC_0026167.jpg,histo,50.0,male,face
HAM_0003400,ISIC_0028984,mel,1,HAM10000_images_part_1/ISIC_0028984.jpg,histo,50.0,male,face
HAM_0003400,ISIC_0032197,mel,1,HAM10000_images_part_2/ISIC_0032197.jpg,histo,50.0,male,face
HAM_0004642,ISIC_0025524,mel,1,HAM10000_images_part_1/ISIC_0025524.jpg,histo,50.0,female,upper extremity
HAM_0004642,ISIC_0025963,mel,1,HAM10000_images_part_1/ISIC_0025963.jpg,histo,50.0,female,upper extremity
HAM_0004642,ISIC_0025121,mel,1,HAM10000_images_part_1/ISIC_0025121.jpg,histo,50.0,female,upper extremity
HAM_0000917,ISIC_0024701,mel,1,HAM10000_images_part_1/ISIC_0024701.jpg,histo,55.0,female,back
HAM_0000917,ISIC_0030390,mel,1,HAM10000_images_part_2/ISIC_0030390.jpg,histo,55.0,female,back
HAM_0004565,ISIC_0027561,mel,1,HAM10000_images_part_1/ISIC_0027561.jpg,histo,70.0,female,upper extremity
HAM_0001214,ISIC_0025439,mel,1,HAM10000_images_part_1/ISIC_0025439.jpg,histo,55.0,male,chest
HAM_0002622,ISIC_0030187,mel,1,HAM10000_images_part_2/ISIC_0030187.jpg,histo,35.0,male,upper extremity
HAM_0006207,ISIC_0030034,mel,1,HAM10000_images_part_2/ISIC_0030034.jpg,histo,50.0,female,back
HAM_0006538,ISIC_0029397,mel,1,HAM10000_images_part_2/ISIC_0029397.jpg,histo,5.0,male,back
HAM_0007091,ISIC_0027552,mel,1,HAM10000_images_part_1/ISIC_0027552.jpg,histo,40.0,male,face
HAM_0003194,ISIC_0026954,mel,1,HAM10000_images_part_1/ISIC_0026954.jpg,histo,50.0,male,trunk
HAM_0004281,ISIC_0028965,mel,1,HAM10000_images_part_1/ISIC_0028965.jpg,histo,50.0,male,trunk
HAM_0001726,ISIC_0024700,mel,1,HAM10000_images_part_1/ISIC_0024700.jpg,histo,35.0,female,trunk
HAM_0006870,ISIC_0027793,mel,1,HAM10000_images_part_1/ISIC_0027793.jpg,histo,35.0,female,neck
HAM_0003558,ISIC_0026989,mel,1,HAM10000_images_part_1/ISIC_0026989.jpg,histo,55.0,male,back
HAM_0006453,ISIC_0030192,mel,1,HAM10000_images_part_2/ISIC_0030192.jpg,histo,70.0,male,abdomen
HAM_0000492,ISIC_0029859,mel,1,HAM10000_images_part_2/ISIC_0029859.jpg,histo,75.0,male,abdomen
HAM_0003484,ISIC_0028003,mel,1,HAM10000_images_part_1/ISIC_0028003.jpg,histo,30.0,male,lower extremity
HAM_0002477,ISIC_0025145,mel,1,HAM10000_images_part_1/ISIC_0025145.jpg,histo,80.0,female,lower extremity
HAM_0005826,ISIC_0031077,mel,1,HAM10000_images_part_2/ISIC_0031077.jpg,histo,65.0,female,trunk
HAM_0003531,ISIC_0031999,mel,1,HAM10000_images_part_2/ISIC_0031999.jpg,histo,40.0,male,face
HAM_0002764,ISIC_0030366,mel,1,HAM10000_images_part_2/ISIC_0030366.jpg,histo,60.0,female,back
HAM_0004979,ISIC_0032245,mel,1,HAM10000_images_part_2/ISIC_0032245.jpg,histo,85.0,male,back
HAM_0000396,ISIC_0028481,mel,1,HAM10000_images_part_1/ISIC_0028481.jpg,histo,70.0,male,lower extremity
HAM_0000396,ISIC_0029172,mel,1,HAM10000_images_part_1/ISIC_0029172.jpg,histo,70.0,male,lower extremity
HAM_0006497,ISIC_0027302,mel,1,HAM10000_images_part_1/ISIC_0027302.jpg,histo,35.0,female,lower extremity
HAM_0004878,ISIC_0029056,mel,1,HAM10000_images_part_1/ISIC_0029056.jpg,histo,85.0,male,back
HAM_0000133,ISIC_0028548,mel,1,HAM10000_images_part_1/ISIC_0028548.jpg,histo,60.0,female,back
HAM_0006833,ISIC_0030512,mel,1,HAM10000_images_part_2/ISIC_0030512.jpg,histo,50.0,male,upper extremity
HAM_0005121,ISIC_0029591,mel,1,HAM10000_images_part_2/ISIC_0029591.jpg,histo,65.0,female,upper extremity
HAM_0004171,ISIC_0024644,mel,1,HAM10000_images_part_1/ISIC_0024644.jpg,histo,85.0,female,lower extremity
HAM_0007188,ISIC_0031543,mel,1,HAM10000_images_part_2/ISIC_0031543.jpg,histo,60.0,female,upper extremity
HAM_0003608,ISIC_0028228,mel,1,HAM10000_images_part_1/ISIC_0028228.jpg,histo,75.0,female,back
HAM_0004888,ISIC_0030107,mel,1,HAM10000_images_part_2/ISIC_0030107.jpg,histo,20.0,female,scalp
HAM_0000856,ISIC_0028537,mel,1,HAM10000_images_part_1/ISIC_0028537.jpg,histo,35.0,male,back
HAM_0004817,ISIC_0025238,mel,1,HAM10000_images_part_1/ISIC_0025238.jpg,histo,55.0,male,lower extremity
HAM_0000766,ISIC_0029937,mel,1,HAM10000_images_part_2/ISIC_0029937.jpg,histo,40.0,male,chest
HAM_0002696,ISIC_0027171,mel,1,HAM10000_images_part_1/ISIC_0027171.jpg,histo,45.0,female,foot
HAM_0002696,ISIC_0026207,mel,1,HAM10000_images_part_1/ISIC_0026207.jpg,histo,45.0,female,foot
HAM_0004669,ISIC_0028543,mel,1,HAM10000_images_part_1/ISIC_0028543.jpg,histo,55.0,female,upper extremity
HAM_0000563,ISIC_0027900,mel,1,HAM10000_images_part_1/ISIC_0027900.jpg,histo,40.0,female,lower extremity
HAM_0000220,ISIC_0030360,mel,1,HAM10000_images_part_2/ISIC_0030360.jpg,histo,65.0,male,upper extremity
HAM_0006380,ISIC_0028718,mel,1,HAM10000_images_part_1/ISIC_0028718.jpg,histo,35.0,female,upper extremity
HAM_0002752,ISIC_0025748,mel,1,HAM10000_images_part_1/ISIC_0025748.jpg,histo,70.0,male,lower extremity
HAM_0004654,ISIC_0027130,mel,1,HAM10000_images_part_1/ISIC_0027130.jpg,histo,70.0,male,chest
HAM_0006636,ISIC_0028051,mel,1,HAM10000_images_part_1/ISIC_0028051.jpg,histo,45.0,male,back
HAM_0006699,ISIC_0024571,mel,1,HAM10000_images_part_1/ISIC_0024571.jpg,histo,65.0,male,face
HAM_0000282,ISIC_0027155,mel,1,HAM10000_images_part_1/ISIC_0027155.jpg,histo,65.0,male,neck
HAM_0000887,ISIC_0030501,mel,1,HAM10000_images_part_2/ISIC_0030501.jpg,histo,50.0,male,back
HAM_0000952,ISIC_0024546,mel,1,HAM10000_images_part_1/ISIC_0024546.jpg,histo,80.0,female,lower extremity
HAM_0005540,ISIC_0024525,mel,1,HAM10000_images_part_1/ISIC_0024525.jpg,histo,65.0,male,upper extremity
HAM_0005640,ISIC_0030382,mel,1,HAM10000_images_part_2/ISIC_0030382.jpg,histo,60.0,male,neck
HAM_0000910,ISIC_0028017,mel,1,HAM10000_images_part_1/ISIC_0028017.jpg,histo,50.0,female,back
HAM_0002719,ISIC_0029033,mel,1,HAM10000_images_part_1/ISIC_0029033.jpg,histo,30.0,female,upper extremity
HAM_0002079,ISIC_0029146,mel,1,HAM10000_images_part_1/ISIC_0029146.jpg,histo,65.0,male,face
HAM_0004709,ISIC_0028288,mel,1,HAM10000_images_part_1/ISIC_0028288.jpg,histo,65.0,male,back
HAM_0000952,ISIC_0026009,mel,1,HAM10000_images_part_1/ISIC_0026009.jpg,histo,80.0,female,lower extremity
HAM_0000624,ISIC_0029089,mel,1,HAM10000_images_part_1/ISIC_0029089.jpg,histo,70.0,male,back
HAM_0000952,ISIC_0030689,mel,1,HAM10000_images_part_2/ISIC_0030689.jpg,histo,80.0,female,lower extremity
HAM_0002523,ISIC_0024516,mel,1,HAM10000_images_part_1/ISIC_0024516.jpg,histo,40.0,male,back
HAM_0003055,ISIC_0032420,mel,1,HAM10000_images_part_2/ISIC_0032420.jpg,histo,65.0,female,neck
HAM_0006196,ISIC_0025248,mel,1,HAM10000_images_part_1/ISIC_0025248.jpg,histo,70.0,male,back
HAM_0002436,ISIC_0026266,mel,1,HAM10000_images_part_1/ISIC_0026266.jpg,histo,60.0,male,upper extremity
HAM_0007114,ISIC_0028418,mel,1,HAM10000_images_part_1/ISIC_0028418.jpg,histo,45.0,female,face
HAM_0003782,ISIC_0029744,mel,1,HAM10000_images_part_2/ISIC_0029744.jpg,histo,35.0,female,abdomen
HAM_0004021,ISIC_0025800,mel,1,HAM10000_images_part_1/ISIC_0025800.jpg,histo,65.0,male,back
HAM_0001349,ISIC_0032425,mel,1,HAM10000_images_part_2/ISIC_0032425.jpg,histo,70.0,female,lower extremity
HAM_0002375,ISIC_0027442,mel,1,HAM10000_images_part_1/ISIC_0027442.jpg,histo,80.0,male,neck
HAM_0002375,ISIC_0024940,mel,1,HAM10000_images_part_1/ISIC_0024940.jpg,histo,80.0,male,neck
HAM_0001349,ISIC_0024351,mel,1,HAM10000_images_part_1/ISIC_0024351.jpg,histo,70.0,female,lower extremity
HAM_0001655,ISIC_0030110,mel,1,HAM10000_images_part_2/ISIC_0030110.jpg,histo,50.0,female,upper extremity
HAM_0007238,ISIC_0031494,mel,1,HAM10000_images_part_2/ISIC_0031494.jpg,histo,55.0,male,upper extremity
HAM_0007238,ISIC_0028306,mel,1,HAM10000_images_part_1/ISIC_0028306.jpg,histo,55.0,male,upper extremity
HAM_0000320,ISIC_0026916,mel,1,HAM10000_images_part_1/ISIC_0026916.jpg,histo,55.0,male,back
HAM_0000320,ISIC_0027863,mel,1,HAM10000_images_part_1/ISIC_0027863.jpg,histo,55.0,male,back
HAM_0006004,ISIC_0027702,mel,1,HAM10000_images_part_1/ISIC_0027702.jpg,histo,70.0,female,back
HAM_0006006,ISIC_0028847,mel,1,HAM10000_images_part_1/ISIC_0028847.jpg,histo,75.0,male,chest
HAM_0006006,ISIC_0024961,mel,1,HAM10000_images_part_1/ISIC_0024961.jpg,histo,75.0,male,chest
HAM_0005315,ISIC_0029319,mel,1,HAM10000_images_part_2/ISIC_0029319.jpg,histo,85.0,male,back
HAM_0005315,ISIC_0032219,mel,1,HAM10000_images_part_2/ISIC_0032219.jpg,histo,85.0,male,back
HAM_0002436,ISIC_0025127,mel,1,HAM10000_images_part_1/ISIC_0025127.jpg,histo,60.0,male,upper extremity
HAM_0002609,ISIC_0029318,mel,1,HAM10000_images_part_2/ISIC_0029318.jpg,histo,60.0,female,back
HAM_0002609,ISIC_0032070,mel,1,HAM10000_images_part_2/ISIC_0032070.jpg,histo,60.0,female,back
HAM_0001397,ISIC_0026796,mel,1,HAM10000_images_part_1/ISIC_0026796.jpg,histo,70.0,male,back
HAM_0002525,ISIC_0026811,mel,1,HAM10000_images_part_1/ISIC_0026811.jpg,histo,55.0,male,face
HAM_0006380,ISIC_0030747,mel,1,HAM10000_images_part_2/ISIC_0030747.jpg,histo,35.0,female,upper extremity
HAM_0002906,ISIC_0026604,mel,1,HAM10000_images_part_1/ISIC_0026604.jpg,histo,70.0,male,ear
HAM_0000125,ISIC_0028777,mel,1,HAM10000_images_part_1/ISIC_0028777.jpg,histo,60.0,male,lower extremity
HAM_0004354,ISIC_0026877,mel,1,HAM10000_images_part_1/ISIC_0026877.jpg,histo,70.0,male,abdomen
HAM_0000125,ISIC_0027964,mel,1,HAM10000_images_part_1/ISIC_0027964.jpg,histo,60.0,male,lower extremity
HAM_0005006,ISIC_0031146,mel,1,HAM10000_images_part_2/ISIC_0031146.jpg,histo,20.0,female,chest
HAM_0007488,ISIC_0029157,mel,1,HAM10000_images_part_1/ISIC_0029157.jpg,histo,60.0,male,back
HAM_0007488,ISIC_0024952,mel,1,HAM10000_images_part_1/ISIC_0024952.jpg,histo,60.0,male,back
HAM_0007498,ISIC_0025546,mel,1,HAM10000_images_part_1/ISIC_0025546.jpg,histo,55.0,male,upper extremity
HAM_0005203,ISIC_0027742,mel,1,HAM10000_images_part_1/ISIC_0027742.jpg,histo,60.0,male,back
HAM_0005747,ISIC_0027105,mel,1,HAM10000_images_part_1/ISIC_0027105.jpg,histo,45.0,male,lower extremity
HAM_0005747,ISIC_0027502,mel,1,HAM10000_images_part_1/ISIC_0027502.jpg,histo,45.0,male,lower extremity
HAM_0001657,ISIC_0031529,mel,1,HAM10000_images_part_2/ISIC_0031529.jpg,histo,40.0,female,abdomen
HAM_0001551,ISIC_0027420,mel,1,HAM10000_images_part_1/ISIC_0027420.jpg,histo,60.0,male,upper extremity
HAM_0001069,ISIC_0030843,mel,1,HAM10000_images_part_2/ISIC_0030843.jpg,histo,60.0,female,lower extremity
HAM_0001069,ISIC_0028898,mel,1,HAM10000_images_part_1/ISIC_0028898.jpg,histo,60.0,female,lower extremity
HAM_0001596,ISIC_0027071,mel,1,HAM10000_images_part_1/ISIC_0027071.jpg,histo,50.0,female,face
HAM_0001596,ISIC_0029780,mel,1,HAM10000_images_part_2/ISIC_0029780.jpg,histo,50.0,female,face
HAM_0005623,ISIC_0030616,mel,1,HAM10000_images_part_2/ISIC_0030616.jpg,histo,80.0,female,upper extremity
HAM_0005535,ISIC_0025391,mel,1,HAM10000_images_part_1/ISIC_0025391.jpg,histo,55.0,male,back
HAM_0007070,ISIC_0032192,mel,1,HAM10000_images_part_2/ISIC_0032192.jpg,histo,80.0,male,lower extremity
HAM_0002493,ISIC_0024323,mel,1,HAM10000_images_part_1/ISIC_0024323.jpg,histo,50.0,male,lower extremity
HAM_0002493,ISIC_0027436,mel,1,HAM10000_images_part_1/ISIC_0027436.jpg,histo,50.0,male,lower extremity
HAM_0000125,ISIC_0032372,mel,1,HAM10000_images_part_2/ISIC_0032372.jpg,histo,60.0,male,lower extremity
HAM_0002869,ISIC_0026694,mel,1,HAM10000_images_part_1/ISIC_0026694.jpg,histo,50.0,female,back
HAM_0002869,ISIC_0024313,mel,1,HAM10000_images_part_1/ISIC_0024313.jpg,histo,50.0,female,back
HAM_0000588,ISIC_0028929,mel,1,HAM10000_images_part_1/ISIC_0028929.jpg,histo,65.0,female,back
HAM_0000588,ISIC_0026746,mel,1,HAM10000_images_part_1/ISIC_0026746.jpg,histo,65.0,female,back
HAM_0007242,ISIC_0026774,mel,1,HAM10000_images_part_1/ISIC_0026774.jpg,histo,70.0,female,upper extremity
HAM_0007242,ISIC_0030047,mel,1,HAM10000_images_part_2/ISIC_0030047.jpg,histo,70.0,female,upper extremity
HAM_0001598,ISIC_0030910,mel,1,HAM10000_images_part_2/ISIC_0030910.jpg,histo,65.0,male,back
HAM_0001598,ISIC_0029238,mel,1,HAM10000_images_part_1/ISIC_0029238.jpg,histo,65.0,male,back
HAM_0006423,ISIC_0028685,mel,1,HAM10000_images_part_1/ISIC_0028685.jpg,histo,55.0,male,back
HAM_0006355,ISIC_0027663,mel,1,HAM10000_images_part_1/ISIC_0027663.jpg,histo,40.0,male,back
HAM_0006037,ISIC_0026571,mel,1,HAM10000_images_part_1/ISIC_0026571.jpg,histo,40.0,female,chest
HAM_0006130,ISIC_0031670,mel,1,HAM10000_images_part_2/ISIC_0031670.jpg,histo,80.0,female,upper extremity
HAM_0006942,ISIC_0032430,mel,1,HAM10000_images_part_2/ISIC_0032430.jpg,histo,55.0,male,face
HAM_0006942,ISIC_0027573,mel,1,HAM10000_images_part_1/ISIC_0027573.jpg,histo,55.0,male,face
HAM_0002099,ISIC_0026847,mel,1,HAM10000_images_part_1/ISIC_0026847.jpg,histo,65.0,male,back
HAM_0002906,ISIC_0027517,mel,1,HAM10000_images_part_1/ISIC_0027517.jpg,histo,70.0,male,ear
HAM_0004507,ISIC_0029958,mel,1,HAM10000_images_part_2/ISIC_0029958.jpg,histo,65.0,female,face
HAM_0003428,ISIC_0031170,mel,1,HAM10000_images_part_2/ISIC_0031170.jpg,histo,85.0,female,upper extremity
HAM_0005121,ISIC_0030423,mel,1,HAM10000_images_part_2/ISIC_0030423.jpg,histo,65.0,female,upper extremity
HAM_0003428,ISIC_0024652,mel,1,HAM10000_images_part_1/ISIC_0024652.jpg,histo,85.0,female,upper extremity
HAM_0001835,ISIC_0029995,mel,1,HAM10000_images_part_2/ISIC_0029995.jpg,histo,65.0,male,back
HAM_0002772,ISIC_0031908,mel,1,HAM10000_images_part_2/ISIC_0031908.jpg,histo,75.0,male,back
HAM_0002772,ISIC_0026897,mel,1,HAM10000_images_part_1/ISIC_0026897.jpg,histo,75.0,male,back
HAM_0003957,ISIC_0030653,mel,1,HAM10000_images_part_2/ISIC_0030653.jpg,histo,65.0,female,back
HAM_0001976,ISIC_0026586,mel,1,HAM10000_images_part_1/ISIC_0026586.jpg,histo,85.0,male,upper extremity
HAM_0001835,ISIC_0027101,mel,1,HAM10000_images_part_1/ISIC_0027101.jpg,histo,65.0,male,back
HAM_0001976,ISIC_0025732,mel,1,HAM10000_images_part_1/ISIC_0025732.jpg,histo,85.0,male,upper extremity
HAM_0006160,ISIC_0030950,mel,1,HAM10000_images_part_2/ISIC_0030950.jpg,histo,70.0,female,hand
HAM_0006594,ISIC_0025195,mel,1,HAM10000_images_part_1/ISIC_0025195.jpg,histo,60.0,female,back
HAM_0001835,ISIC_0026652,mel,1,HAM10000_images_part_1/ISIC_0026652.jpg,histo,65.0,male,back
HAM_0000856,ISIC_0029885,mel,1,HAM10000_images_part_2/ISIC_0029885.jpg,histo,35.0,male,back
HAM_0001877,ISIC_0025409,mel,1,HAM10000_images_part_1/ISIC_0025409.jpg,histo,80.0,female,back
HAM_0002194,ISIC_0025814,mel,1,HAM10000_images_part_1/ISIC_0025814.jpg,histo,65.0,male,back
HAM_0002194,ISIC_0026853,mel,1,HAM10000_images_part_1/ISIC_0026853.jpg,histo,65.0,male,back
HAM_0006877,ISIC_0028227,mel,1,HAM10000_images_part_1/ISIC_0028227.jpg,histo,55.0,male,upper extremity
HAM_0006964,ISIC_0027163,mel,1,HAM10000_images_part_1/ISIC_0027163.jpg,histo,60.0,female,lower extremity
HAM_0006964,ISIC_0029642,mel,1,HAM10000_images_part_2/ISIC_0029642.jpg,histo,60.0,female,lower extremity
HAM_0006699,ISIC_0029893,mel,1,HAM10000_images_part_2/ISIC_0029893.jpg,histo,65.0,male,face
HAM_0006380,ISIC_0031417,mel,1,HAM10000_images_part_2/ISIC_0031417.jpg,histo,35.0,female,upper extremity
HAM_0002338,ISIC_0028103,mel,1,HAM10000_images_part_1/ISIC_0028103.jpg,histo,70.0,female,upper extremity
HAM_0004507,ISIC_0024554,mel,1,HAM10000_images_part_1/ISIC_0024554.jpg,histo,65.0,female,face
HAM_0005532,ISIC_0030183,mel,1,HAM10000_images_part_2/ISIC_0030183.jpg,histo,70.0,male,chest
HAM_0000593,ISIC_0024679,mel,1,HAM10000_images_part_1/ISIC_0024679.jpg,histo,50.0,male,back
HAM_0000593,ISIC_0031401,mel,1,HAM10000_images_part_2/ISIC_0031401.jpg,histo,50.0,male,back
HAM_0002800,ISIC_0027089,mel,1,HAM10000_images_part_1/ISIC_0027089.jpg,histo,55.0,male,chest
HAM_0002800,ISIC_0026239,mel,1,HAM10000_images_part_1/ISIC_0026239.jpg,histo,55.0,male,chest
HAM_0003256,ISIC_0032269,mel,1,HAM10000_images_part_2/ISIC_0032269.jpg,histo,60.0,male,back
HAM_0003172,ISIC_0025832,mel,1,HAM10000_images_part_1/ISIC_0025832.jpg,histo,65.0,male,back
HAM_0003172,ISIC_0026105,mel,1,HAM10000_images_part_1/ISIC_0026105.jpg,histo,65.0,male,back
HAM_0005986,ISIC_0029574,mel,1,HAM10000_images_part_2/ISIC_0029574.jpg,histo,60.0,male,back
HAM_0006061,ISIC_0027179,mel,1,HAM10000_images_part_1/ISIC_0027179.jpg,histo,85.0,male,lower extremity
HAM_0002970,ISIC_0026930,mel,1,HAM10000_images_part_1/ISIC_0026930.jpg,histo,60.0,male,chest
HAM_0003149,ISIC_0030246,mel,1,HAM10000_images_part_2/ISIC_0030246.jpg,histo,60.0,male,upper extremity
HAM_0002970,ISIC_0027350,mel,1,HAM10000_images_part_1/ISIC_0027350.jpg,histo,60.0,male,chest
HAM_0003256,ISIC_0028218,mel,1,HAM10000_images_part_1/ISIC_0028218.jpg,histo,60.0,male,back
HAM_0005724,ISIC_0024805,mel,1,HAM10000_images_part_1/ISIC_0024805.jpg,histo,75.0,male,upper extremity
HAM_0005724,ISIC_0030032,mel,1,HAM10000_images_part_2/ISIC_0030032.jpg,histo,75.0,male,upper extremity
HAM_0005735,ISIC_0025543,mel,1,HAM10000_images_part_1/ISIC_0025543.jpg,histo,85.0,female,face
HAM_0006137,ISIC_0026738,mel,1,HAM10000_images_part_1/ISIC_0026738.jpg,histo,85.0,female,face
HAM_0006171,ISIC_0026131,mel,1,HAM10000_images_part_1/ISIC_0026131.jpg,histo,75.0,female,upper extremity
HAM_0006171,ISIC_0025663,mel,1,HAM10000_images_part_1/ISIC_0025663.jpg,histo,75.0,female,upper extremity
HAM_0006955,ISIC_0025105,mel,1,HAM10000_images_part_1/ISIC_0025105.jpg,histo,65.0,male,back
HAM_0003782,ISIC_0031410,mel,1,HAM10000_images_part_2/ISIC_0031410.jpg,histo,35.0,female,abdomen
HAM_0003885,ISIC_0027560,mel,1,HAM10000_images_part_1/ISIC_0027560.jpg,histo,25.0,female,face
HAM_0000513,ISIC_0032207,mel,1,HAM10000_images_part_2/ISIC_0032207.jpg,histo,35.0,female,upper extremity
HAM_0001964,ISIC_0032149,mel,1,HAM10000_images_part_2/ISIC_0032149.jpg,histo,50.0,male,neck
HAM_0001964,ISIC_0024733,mel,1,HAM10000_images_part_1/ISIC_0024733.jpg,histo,50.0,male,neck
HAM_0005504,ISIC_0032433,mel,1,HAM10000_images_part_2/ISIC_0032433.jpg,histo,55.0,female,foot
HAM_0005504,ISIC_0027480,mel,1,HAM10000_images_part_1/ISIC_0027480.jpg,histo,55.0,female,foot
HAM_0004709,ISIC_0026558,mel,1,HAM10000_images_part_1/ISIC_0026558.jpg,histo,65.0,male,back
HAM_0005783,ISIC_0029271,mel,1,HAM10000_images_part_1/ISIC_0029271.jpg,histo,60.0,female,upper extremity
HAM_0005789,ISIC_0028033,mel,1,HAM10000_images_part_1/ISIC_0028033.jpg,histo,55.0,male,chest
HAM_0005789,ISIC_0032204,mel,1,HAM10000_images_part_2/ISIC_0032204.jpg,histo,55.0,male,chest
HAM_0005789,ISIC_0032095,mel,1,HAM10000_images_part_2/ISIC_0032095.jpg,histo,55.0,male,chest
HAM_0004354,ISIC_0028773,mel,1,HAM10000_images_part_1/ISIC_0028773.jpg,histo,70.0,male,abdomen
HAM_0003957,ISIC_0031821,mel,1,HAM10000_images_part_2/ISIC_0031821.jpg,histo,65.0,female,back
HAM_0004878,ISIC_0026802,mel,1,HAM10000_images_part_1/ISIC_0026802.jpg,histo,85.0,male,back
HAM_0007522,ISIC_0028026,mel,1,HAM10000_images_part_1/ISIC_0028026.jpg,histo,55.0,female,upper extremity
HAM_0007522,ISIC_0027904,mel,1,HAM10000_images_part_1/ISIC_0027904.jpg,histo,55.0,female,upper extremity
HAM_0007511,ISIC_0024630,mel,1,HAM10000_images_part_1/ISIC_0024630.jpg,histo,85.0,male,lower extremity
HAM_0007511,ISIC_0024333,mel,1,HAM10000_images_part_1/ISIC_0024333.jpg,histo,85.0,male,lower extremity
HAM_0004898,ISIC_0024932,mel,1,HAM10000_images_part_1/ISIC_0024932.jpg,histo,55.0,female,lower extremity
HAM_0004898,ISIC_0029480,mel,1,HAM10000_images_part_2/ISIC_0029480.jpg,histo,55.0,female,lower extremity
HAM_0004878,ISIC_0032232,mel,1,HAM10000_images_part_2/ISIC_0032232.jpg,histo,85.0,male,back
HAM_0004559,ISIC_0028220,mel,1,HAM10000_images_part_1/ISIC_0028220.jpg,histo,60.0,male,face
HAM_0007293,ISIC_0026735,mel,1,HAM10000_images_part_1/ISIC_0026735.jpg,histo,85.0,female,face
HAM_0006423,ISIC_0028352,mel,1,HAM10000_images_part_1/ISIC_0028352.jpg,histo,55.0,male,back
HAM_0006527,ISIC_0029094,mel,1,HAM10000_images_part_1/ISIC_0029094.jpg,histo,45.0,female,upper extremity
HAM_0006899,ISIC_0025128,mel,1,HAM10000_images_part_1/ISIC_0025128.jpg,histo,80.0,female,lower extremity
HAM_0005909,ISIC_0026045,mel,1,HAM10000_images_part_1/ISIC_0026045.jpg,histo,65.0,male,upper extremity
HAM_0001953,ISIC_0031498,mel,1,HAM10000_images_part_2/ISIC_0031498.jpg,histo,65.0,male,back
HAM_0002109,ISIC_0028897,mel,1,HAM10000_images_part_1/ISIC_0028897.jpg,histo,75.0,female,back
HAM_0007498,ISIC_0028156,mel,1,HAM10000_images_part_1/ISIC_0028156.jpg,histo,55.0,male,upper extremity
HAM_0006223,ISIC_0032287,mel,1,HAM10000_images_part_2/ISIC_0032287.jpg,histo,80.0,male,foot
HAM_0006223,ISIC_0025791,mel,1,HAM10000_images_part_1/ISIC_0025791.jpg,histo,80.0,male,foot
HAM_0002131,ISIC_0030901,mel,1,HAM10000_images_part_2/ISIC_0030901.jpg,histo,55.0,male,upper extremity
HAM_0002131,ISIC_0030995,mel,1,HAM10000_images_part_2/ISIC_0030995.jpg,histo,55.0,male,upper extremity
HAM_0002576,ISIC_0031368,mel,1,HAM10000_images_part_2/ISIC_0031368.jpg,histo,55.0,male,lower extremity
HAM_0001113,ISIC_0031900,mel,1,HAM10000_images_part_2/ISIC_0031900.jpg,histo,55.0,male,back
HAM_0003520,ISIC_0026516,mel,1,HAM10000_images_part_1/ISIC_0026516.jpg,histo,45.0,female,abdomen
HAM_0003520,ISIC_0025724,mel,1,HAM10000_images_part_1/ISIC_0025724.jpg,histo,45.0,female,abdomen
HAM_0002130,ISIC_0029570,mel,1,HAM10000_images_part_2/ISIC_0029570.jpg,histo,50.0,female,lower extremity
HAM_0006899,ISIC_0025550,mel,1,HAM10000_images_part_1/ISIC_0025550.jpg,histo,80.0,female,lower extremity
HAM_0002576,ISIC_0025414,mel,1,HAM10000_images_part_1/ISIC_0025414.jpg,histo,55.0,male,lower extremity
HAM_0006965,ISIC_0026475,mel,1,HAM10000_images_part_1/ISIC_0026475.jpg,histo,40.0,female,back
HAM_0002613,ISIC_0030925,mel,1,HAM10000_images_part_2/ISIC_0030925.jpg,histo,45.0,male,lower extremity
HAM_0003171,ISIC_0030122,mel,1,HAM10000_images_part_2/ISIC_0030122.jpg,histo,55.0,male,back
HAM_0003167,ISIC_0024864,mel,1,HAM10000_images_part_1/ISIC_0024864.jpg,histo,40.0,female,lower extremity
HAM_0000022,ISIC_0031377,mel,1,HAM10000_images_part_2/ISIC_0031377.jpg,histo,65.0,male,back
HAM_0004053,ISIC_0027126,mel,1,HAM10000_images_part_1/ISIC_0027126.jpg,histo,80.0,male,lower extremity
HAM_0002613,ISIC_0030604,mel,1,HAM10000_images_part_2/ISIC_0030604.jpg,histo,45.0,male,lower extremity
HAM_0002613,ISIC_0024958,mel,1,HAM10000_images_part_1/ISIC_0024958.jpg,histo,45.0,male,lower extremity
HAM_0002911,ISIC_0031025,mel,1,HAM10000_images_part_2/ISIC_0031025.jpg,histo,60.0,female,back
HAM_0000590,ISIC_0030951,mel,1,HAM10000_images_part_2/ISIC_0030951.jpg,histo,85.0,female,lower extremity
HAM_0004547,ISIC_0031303,mel,1,HAM10000_images_part_2/ISIC_0031303.jpg,histo,65.0,male,face
HAM_0004053,ISIC_0027067,mel,1,HAM10000_images_part_1/ISIC_0027067.jpg,histo,80.0,male,lower extremity
HAM_0004596,ISIC_0031087,mel,1,HAM10000_images_part_2/ISIC_0031087.jpg,histo,65.0,male,upper extremity
HAM_0004596,ISIC_0027187,mel,1,HAM10000_images_part_1/ISIC_0027187.jpg,histo,65.0,male,upper extremity
HAM_0004767,ISIC_0028285,mel,1,HAM10000_images_part_1/ISIC_0028285.jpg,histo,80.0,male,face
HAM_0000534,ISIC_0026258,mel,1,HAM10000_images_part_1/ISIC_0026258.jpg,histo,45.0,female,lower extremity
HAM_0000534,ISIC_0025235,mel,1,HAM10000_images_part_1/ISIC_0025235.jpg,histo,45.0,female,lower extremity
HAM_0006832,ISIC_0028915,mel,1,HAM10000_images_part_1/ISIC_0028915.jpg,histo,50.0,male,upper extremity
HAM_0006832,ISIC_0029652,mel,1,HAM10000_images_part_2/ISIC_0029652.jpg,histo,50.0,male,upper extremity
HAM_0006832,ISIC_0031295,mel,1,HAM10000_images_part_2/ISIC_0031295.jpg,histo,50.0,male,upper extremity
HAM_0004428,ISIC_0025317,mel,1,HAM10000_images_part_1/ISIC_0025317.jpg,histo,80.0,male,upper extremity
HAM_0004428,ISIC_0026420,mel,1,HAM10000_images_part_1/ISIC_0026420.jpg,histo,80.0,male,upper extremity
HAM_0000536,ISIC_0027359,mel,1,HAM10000_images_part_1/ISIC_0027359.jpg,histo,45.0,female,lower extremity
HAM_0007031,ISIC_0025616,mel,1,HAM10000_images_part_1/ISIC_0025616.jpg,histo,70.0,female,upper extremity
HAM_0002525,ISIC_0025188,mel,1,HAM10000_images_part_1/ISIC_0025188.jpg,histo,55.0,male,face
HAM_0002911,ISIC_0029272,mel,1,HAM10000_images_part_1/ISIC_0029272.jpg,histo,60.0,female,back
HAM_0003102,ISIC_0032389,mel,1,HAM10000_images_part_2/ISIC_0032389.jpg,histo,65.0,male,face
HAM_0003102,ISIC_0025709,mel,1,HAM10000_images_part_1/ISIC_0025709.jpg,histo,65.0,male,face
HAM_0004047,ISIC_0025500,mel,1,HAM10000_images_part_1/ISIC_0025500.jpg,histo,55.0,female,upper extremity
HAM_0004047,ISIC_0030277,mel,1,HAM10000_images_part_2/ISIC_0030277.jpg,histo,55.0,female,upper extremity
HAM_0003171,ISIC_0025941,mel,1,HAM10000_images_part_1/ISIC_0025941.jpg,histo,55.0,male,back
HAM_0000536,ISIC_0031844,mel,1,HAM10000_images_part_2/ISIC_0031844.jpg,histo,45.0,female,lower extremity
HAM_0000910,ISIC_0027797,mel,1,HAM10000_images_part_1/ISIC_0027797.jpg,histo,50.0,female,back
HAM_0001953,ISIC_0025611,mel,1,HAM10000_images_part_1/ISIC_0025611.jpg,histo,65.0,male,back
HAM_0001920,ISIC_0029486,vasc,0,HAM10000_images_part_2/ISIC_0029486.jpg,histo,55.0,male,back
HAM_0001920,ISIC_0031901,vasc,0,HAM10000_images_part_2/ISIC_0031901.jpg,histo,55.0,male,back
HAM_0005155,ISIC_0032076,vasc,0,HAM10000_images_part_2/ISIC_0032076.jpg,histo,85.0,male,lower extremity
HAM_0005155,ISIC_0025321,vasc,0,HAM10000_images_part_1/ISIC_0025321.jpg,histo,85.0,male,lower extremity
HAM_0002692,ISIC_0029404,vasc,0,HAM10000_images_part_2/ISIC_0029404.jpg,histo,10.0,male,trunk
HAM_0002692,ISIC_0030275,vasc,0,HAM10000_images_part_2/ISIC_0030275.jpg,histo,10.0,male,trunk
HAM_0002914,ISIC_0026092,vasc,0,HAM10000_images_part_1/ISIC_0026092.jpg,histo,75.0,male,upper extremity
HAM_0002914,ISIC_0024904,vasc,0,HAM10000_images_part_1/ISIC_0024904.jpg,histo,75.0,male,upper extremity
HAM_0006617,ISIC_0028163,vasc,0,HAM10000_images_part_1/ISIC_0028163.jpg,histo,25.0,female,abdomen
HAM_0006617,ISIC_0024669,vasc,0,HAM10000_images_part_1/ISIC_0024669.jpg,histo,25.0,female,abdomen
HAM_0004765,ISIC_0031217,vasc,0,HAM10000_images_part_2/ISIC_0031217.jpg,histo,15.0,male,face
HAM_0004765,ISIC_0025599,vasc,0,HAM10000_images_part_1/ISIC_0025599.jpg,histo,15.0,male,face
HAM_0002218,ISIC_0025578,vasc,0,HAM10000_images_part_1/ISIC_0025578.jpg,histo,5.0,male,back
HAM_0002218,ISIC_0029448,vasc,0,HAM10000_images_part_2/ISIC_0029448.jpg,histo,5.0,male,back
HAM_0005713,ISIC_0028714,vasc,0,HAM10000_images_part_1/ISIC_0028714.jpg,histo,60.0,female,neck
HAM_0005713,ISIC_0030956,vasc,0,HAM10000_images_part_2/ISIC_0030956.jpg,histo,60.0,female,neck
HAM_0003925,ISIC_0031759,vasc,0,HAM10000_images_part_2/ISIC_0031759.jpg,histo,80.0,male,back
HAM_0004455,ISIC_0027385,vasc,0,HAM10000_images_part_1/ISIC_0027385.jpg,histo,20.0,male,trunk
HAM_0004455,ISIC_0030882,vasc,0,HAM10000_images_part_2/ISIC_0030882.jpg,histo,20.0,male,trunk
HAM_0003771,ISIC_0026163,vasc,0,HAM10000_images_part_1/ISIC_0026163.jpg,histo,50.0,female,hand
HAM_0003771,ISIC_0025807,vasc,0,HAM10000_images_part_1/ISIC_0025807.jpg,histo,50.0,female,hand
HAM_0000494,ISIC_0032745,vasc,0,HAM10000_images_part_2/ISIC_0032745.jpg,histo,55.0,male,lower extremity
HAM_0000494,ISIC_0032557,vasc,0,HAM10000_images_part_2/ISIC_0032557.jpg,histo,55.0,male,lower extremity
HAM_0000494,ISIC_0033092,vasc,0,HAM10000_images_part_2/ISIC_0033092.jpg,histo,55.0,male,lower extremity
HAM_0006156,ISIC_0027903,vasc,0,HAM10000_images_part_1/ISIC_0027903.jpg,histo,45.0,female,lower extremity
HAM_0005878,ISIC_0033450,vasc,0,HAM10000_images_part_2/ISIC_0033450.jpg,histo,15.0,male,chest
HAM_0005878,ISIC_0033254,vasc,0,HAM10000_images_part_2/ISIC_0033254.jpg,histo,15.0,male,chest
HAM_0004776,ISIC_0033158,vasc,0,HAM10000_images_part_2/ISIC_0033158.jpg,histo,45.0,female,chest
HAM_0004776,ISIC_0032867,vasc,0,HAM10000_images_part_2/ISIC_0032867.jpg,histo,45.0,female,chest
HAM_0004776,ISIC_0032545,vasc,0,HAM10000_images_part_2/ISIC_0032545.jpg,histo,45.0,female,chest
HAM_0000940,ISIC_0032692,vasc,0,HAM10000_images_part_2/ISIC_0032692.jpg,histo,35.0,female,lower extremity
HAM_0000940,ISIC_0033608,vasc,0,HAM10000_images_part_2/ISIC_0033608.jpg,histo,35.0,female,lower extremity
HAM_0000940,ISIC_0033969,vasc,0,HAM10000_images_part_2/ISIC_0033969.jpg,histo,35.0,female,lower extremity
HAM_0003862,ISIC_0033031,vasc,0,HAM10000_images_part_2/ISIC_0033031.jpg,histo,45.0,male,upper extremity
HAM_0003862,ISIC_0032775,vasc,0,HAM10000_images_part_2/ISIC_0032775.jpg,histo,45.0,male,upper extremity
HAM_0003862,ISIC_0033458,vasc,0,HAM10000_images_part_2/ISIC_0033458.jpg,histo,45.0,male,upper extremity
HAM_0004791,ISIC_0033135,vasc,0,HAM10000_images_part_2/ISIC_0033135.jpg,histo,80.0,female,lower extremity
HAM_0004791,ISIC_0032538,vasc,0,HAM10000_images_part_2/ISIC_0032538.jpg,histo,80.0,female,lower extremity
HAM_0004791,ISIC_0033591,vasc,0,HAM10000_images_part_2/ISIC_0033591.jpg,histo,80.0,female,lower extremity
HAM_0005989,ISIC_0031648,vasc,0,HAM10000_images_part_2/ISIC_0031648.jpg,histo,25.0,female,back
HAM_0005989,ISIC_0033565,vasc,0,HAM10000_images_part_2/ISIC_0033565.jpg,histo,25.0,female,back
HAM_0005989,ISIC_0033123,vasc,0,HAM10000_images_part_2/ISIC_0033123.jpg,histo,25.0,female,back
HAM_0001852,ISIC_0033749,vasc,0,HAM10000_images_part_2/ISIC_0033749.jpg,histo,80.0,male,lower extremity
HAM_0001852,ISIC_0034196,vasc,0,HAM10000_images_part_2/ISIC_0034196.jpg,histo,80.0,male,lower extremity
HAM_0001719,ISIC_0031090,vasc,0,HAM10000_images_part_2/ISIC_0031090.jpg,histo,55.0,female,upper extremity
HAM_0005270,ISIC_0032270,vasc,0,HAM10000_images_part_2/ISIC_0032270.jpg,histo,70.0,female,lower extremity
HAM_0005158,ISIC_0031950,vasc,0,HAM10000_images_part_2/ISIC_0031950.jpg,histo,40.0,male,lower extremity
HAM_0005471,ISIC_0028146,vasc,0,HAM10000_images_part_1/ISIC_0028146.jpg,histo,60.0,female,back
HAM_0004877,ISIC_0027159,vasc,0,HAM10000_images_part_1/ISIC_0027159.jpg,histo,85.0,female,upper extremity
HAM_0004877,ISIC_0028188,vasc,0,HAM10000_images_part_1/ISIC_0028188.jpg,histo,85.0,female,upper extremity
HAM_0004820,ISIC_0030722,vasc,0,HAM10000_images_part_2/ISIC_0030722.jpg,consensus,45.0,female,abdomen
HAM_0001566,ISIC_0024747,vasc,0,HAM10000_images_part_1/ISIC_0024747.jpg,consensus,70.0,female,face
HAM_0001566,ISIC_0031346,vasc,0,HAM10000_images_part_2/ISIC_0031346.jpg,consensus,70.0,female,face
HAM_0006748,ISIC_0027210,vasc,0,HAM10000_images_part_1/ISIC_0027210.jpg,consensus,30.0,female,lower extremity
HAM_0006748,ISIC_0025924,vasc,0,HAM10000_images_part_1/ISIC_0025924.jpg,consensus,30.0,female,lower extremity
HAM_0007020,ISIC_0031719,vasc,0,HAM10000_images_part_2/ISIC_0031719.jpg,consensus,75.0,female,hand
HAM_0007020,ISIC_0030070,vasc,0,HAM10000_images_part_2/ISIC_0030070.jpg,consensus,75.0,female,hand
HAM_0000502,ISIC_0031093,vasc,0,HAM10000_images_part_2/ISIC_0031093.jpg,consensus,70.0,male,back
HAM_0000502,ISIC_0029608,vasc,0,HAM10000_images_part_2/ISIC_0029608.jpg,consensus,70.0,male,back
HAM_0004542,ISIC_0024402,vasc,0,HAM10000_images_part_1/ISIC_0024402.jpg,consensus,0.0,female,back
HAM_0004542,ISIC_0027256,vasc,0,HAM10000_images_part_1/ISIC_0027256.jpg,consensus,0.0,female,back
HAM_0001249,ISIC_0033817,vasc,0,HAM10000_images_part_2/ISIC_0033817.jpg,consensus,85.0,male,back
HAM_0002498,ISIC_0032839,vasc,0,HAM10000_images_part_2/ISIC_0032839.jpg,consensus,70.0,male,back
HAM_0002498,ISIC_0032932,vasc,0,HAM10000_images_part_2/ISIC_0032932.jpg,consensus,70.0,male,back
HAM_0003480,ISIC_0031996,vasc,0,HAM10000_images_part_2/ISIC_0031996.jpg,consensus,70.0,female,lower extremity
HAM_0003480,ISIC_0032890,vasc,0,HAM10000_images_part_2/ISIC_0032890.jpg,consensus,70.0,female,lower extremity
HAM_0003480,ISIC_0033844,vasc,0,HAM10000_images_part_2/ISIC_0033844.jpg,consensus,70.0,female,lower extremity
HAM_0006406,ISIC_0026336,vasc,0,HAM10000_images_part_1/ISIC_0026336.jpg,consensus,50.0,male,trunk
HAM_0002390,ISIC_0029439,vasc,0,HAM10000_images_part_2/ISIC_0029439.jpg,consensus,50.0,male,abdomen
HAM_0004549,ISIC_0031201,vasc,0,HAM10000_images_part_2/ISIC_0031201.jpg,consensus,45.0,male,trunk
HAM_0000934,ISIC_0031706,vasc,0,HAM10000_images_part_2/ISIC_0031706.jpg,consensus,60.0,male,trunk
HAM_0003873,ISIC_0024475,vasc,0,HAM10000_images_part_1/ISIC_0024475.jpg,consensus,35.0,male,face
HAM_0004097,ISIC_0025677,vasc,0,HAM10000_images_part_1/ISIC_0025677.jpg,consensus,50.0,female,abdomen
HAM_0006501,ISIC_0025873,vasc,0,HAM10000_images_part_1/ISIC_0025873.jpg,consensus,50.0,female,lower extremity
HAM_0000460,ISIC_0025197,vasc,0,HAM10000_images_part_1/ISIC_0025197.jpg,consensus,50.0,female,abdomen
HAM_0001238,ISIC_0032409,vasc,0,HAM10000_images_part_2/ISIC_0032409.jpg,consensus,80.0,male,abdomen
HAM_0007150,ISIC_0028680,vasc,0,HAM10000_images_part_1/ISIC_0028680.jpg,consensus,45.0,female,trunk
HAM_0000845,ISIC_0025244,vasc,0,HAM10000_images_part_1/ISIC_0025244.jpg,consensus,45.0,female,trunk
HAM_0005938,ISIC_0025596,vasc,0,HAM10000_images_part_1/ISIC_0025596.jpg,consensus,45.0,female,abdomen
HAM_0002788,ISIC_0027563,vasc,0,HAM10000_images_part_1/ISIC_0027563.jpg,consensus,70.0,male,lower extremity
HAM_0006796,ISIC_0025707,vasc,0,HAM10000_images_part_1/ISIC_0025707.jpg,consensus,35.0,male,trunk
HAM_0002650,ISIC_0029742,vasc,0,HAM10000_images_part_2/ISIC_0029742.jpg,consensus,5.0,male,back
HAM_0002177,ISIC_0025612,vasc,0,HAM10000_images_part_1/ISIC_0025612.jpg,consensus,45.0,female,neck
HAM_0005215,ISIC_0028406,vasc,0,HAM10000_images_part_1/ISIC_0028406.jpg,consensus,80.0,male,abdomen
HAM_0006193,ISIC_0029877,vasc,0,HAM10000_images_part_2/ISIC_0029877.jpg,consensus,80.0,male,lower extremity
HAM_0005885,ISIC_0031215,vasc,0,HAM10000_images_part_2/ISIC_0031215.jpg,consensus,75.0,male,trunk
HAM_0006291,ISIC_0026490,vasc,0,HAM10000_images_part_1/ISIC_0026490.jpg,consensus,65.0,female,trunk
HAM_0004409,ISIC_0027888,vasc,0,HAM10000_images_part_1/ISIC_0027888.jpg,consensus,40.0,male,trunk
HAM_0001372,ISIC_0031103,vasc,0,HAM10000_images_part_2/ISIC_0031103.jpg,consensus,35.0,female,trunk
HAM_0000109,ISIC_0031065,vasc,0,HAM10000_images_part_2/ISIC_0031065.jpg,consensus,35.0,female,trunk
HAM_0004769,ISIC_0025250,vasc,0,HAM10000_images_part_1/ISIC_0025250.jpg,consensus,30.0,male,scalp
HAM_0005245,ISIC_0024375,vasc,0,HAM10000_images_part_1/ISIC_0024375.jpg,consensus,70.0,female,abdomen
HAM_0000286,ISIC_0029099,vasc,0,HAM10000_images_part_1/ISIC_0029099.jpg,consensus,70.0,female,abdomen
HAM_0001091,ISIC_0031955,vasc,0,HAM10000_images_part_2/ISIC_0031955.jpg,consensus,30.0,female,lower extremity
HAM_0002639,ISIC_0025249,vasc,0,HAM10000_images_part_1/ISIC_0025249.jpg,consensus,30.0,female,lower extremity
HAM_0006138,ISIC_0026713,vasc,0,HAM10000_images_part_1/ISIC_0026713.jpg,consensus,35.0,female,hand
HAM_0005427,ISIC_0028885,vasc,0,HAM10000_images_part_1/ISIC_0028885.jpg,consensus,75.0,male,back
HAM_0007568,ISIC_0024867,vasc,0,HAM10000_images_part_1/ISIC_0024867.jpg,consensus,75.0,male,trunk
HAM_0006280,ISIC_0027937,vasc,0,HAM10000_images_part_1/ISIC_0027937.jpg,consensus,70.0,male,trunk
HAM_0002787,ISIC_0025425,vasc,0,HAM10000_images_part_1/ISIC_0025425.jpg,consensus,50.0,male,trunk
HAM_0001038,ISIC_0024706,vasc,0,HAM10000_images_part_1/ISIC_0024706.jpg,consensus,50.0,male,trunk
HAM_0001860,ISIC_0027665,vasc,0,HAM10000_images_part_1/ISIC_0027665.jpg,consensus,50.0,male,abdomen
HAM_0001537,ISIC_0026467,vasc,0,HAM10000_images_part_1/ISIC_0026467.jpg,consensus,55.0,male,lower extremity
HAM_0004862,ISIC_0032057,vasc,0,HAM10000_images_part_2/ISIC_0032057.jpg,consensus,55.0,female,abdomen
HAM_0000415,ISIC_0025680,vasc,0,HAM10000_images_part_1/ISIC_0025680.jpg,consensus,55.0,female,trunk
HAM_0004413,ISIC_0026068,vasc,0,HAM10000_images_part_1/ISIC_0026068.jpg,consensus,55.0,female,abdomen
HAM_0004257,ISIC_0025452,vasc,0,HAM10000_images_part_1/ISIC_0025452.jpg,consensus,55.0,female,abdomen
HAM_0003829,ISIC_0026349,vasc,0,HAM10000_images_part_1/ISIC_0026349.jpg,consensus,60.0,female,trunk
HAM_0000781,ISIC_0028155,bcc,1,HAM10000_images_part_1/ISIC_0028155.jpg,histo,50.0,male,back
HAM_0003220,ISIC_0034093,bcc,1,HAM10000_images_part_2/ISIC_0034093.jpg,histo,80.0,female,face
HAM_0006843,ISIC_0024457,bcc,1,HAM10000_images_part_1/ISIC_0024457.jpg,histo,85.0,male,face
HAM_0006834,ISIC_0029193,bcc,1,HAM10000_images_part_1/ISIC_0029193.jpg,histo,85.0,male,face
HAM_0006834,ISIC_0027526,bcc,1,HAM10000_images_part_1/ISIC_0027526.jpg,histo,85.0,male,face
HAM_0002134,ISIC_0024431,bcc,1,HAM10000_images_part_1/ISIC_0024431.jpg,histo,45.0,male,face
HAM_0002134,ISIC_0026656,bcc,1,HAM10000_images_part_1/ISIC_0026656.jpg,histo,45.0,male,face
HAM_0001884,ISIC_0026760,bcc,1,HAM10000_images_part_1/ISIC_0026760.jpg,histo,70.0,male,back
HAM_0001884,ISIC_0025718,bcc,1,HAM10000_images_part_1/ISIC_0025718.jpg,histo,70.0,male,back
HAM_0004388,ISIC_0027135,bcc,1,HAM10000_images_part_1/ISIC_0027135.jpg,histo,60.0,male,back
HAM_0004342,ISIC_0027976,bcc,1,HAM10000_images_part_1/ISIC_0027976.jpg,histo,80.0,male,back
HAM_0006047,ISIC_0026321,bcc,1,HAM10000_images_part_1/ISIC_0026321.jpg,histo,65.0,female,scalp
HAM_0006047,ISIC_0025467,bcc,1,HAM10000_images_part_1/ISIC_0025467.jpg,histo,65.0,female,scalp
HAM_0003429,ISIC_0028807,bcc,1,HAM10000_images_part_1/ISIC_0028807.jpg,histo,70.0,male,back
HAM_0003429,ISIC_0024673,bcc,1,HAM10000_images_part_1/ISIC_0024673.jpg,histo,70.0,male,back
HAM_0005660,ISIC_0026574,bcc,1,HAM10000_images_part_1/ISIC_0026574.jpg,histo,70.0,male,lower extremity
HAM_0000195,ISIC_0028495,bcc,1,HAM10000_images_part_1/ISIC_0028495.jpg,histo,50.0,female,back
HAM_0000195,ISIC_0030574,bcc,1,HAM10000_images_part_2/ISIC_0030574.jpg,histo,50.0,female,back
HAM_0004219,ISIC_0031585,bcc,1,HAM10000_images_part_2/ISIC_0031585.jpg,histo,45.0,male,chest
HAM_0004511,ISIC_0024590,bcc,1,HAM10000_images_part_1/ISIC_0024590.jpg,histo,80.0,male,back
HAM_0007262,ISIC_0025932,bcc,1,HAM10000_images_part_1/ISIC_0025932.jpg,histo,85.0,male,scalp
HAM_0007262,ISIC_0028747,bcc,1,HAM10000_images_part_1/ISIC_0028747.jpg,histo,85.0,male,scalp
HAM_0001610,ISIC_0031166,bcc,1,HAM10000_images_part_2/ISIC_0031166.jpg,histo,75.0,female,back
HAM_0001610,ISIC_0028693,bcc,1,HAM10000_images_part_1/ISIC_0028693.jpg,histo,75.0,female,back
HAM_0002467,ISIC_0030893,bcc,1,HAM10000_images_part_2/ISIC_0030893.jpg,histo,70.0,male,back
HAM_0004871,ISIC_0030261,bcc,1,HAM10000_images_part_2/ISIC_0030261.jpg,histo,70.0,male,back
HAM_0000687,ISIC_0028994,bcc,1,HAM10000_images_part_1/ISIC_0028994.jpg,histo,85.0,male,lower extremity
HAM_0000993,ISIC_0032696,bcc,1,HAM10000_images_part_2/ISIC_0032696.jpg,histo,70.0,male,back
HAM_0002021,ISIC_0029466,bcc,1,HAM10000_images_part_2/ISIC_0029466.jpg,histo,65.0,female,upper extremity
HAM_0002021,ISIC_0027057,bcc,1,HAM10000_images_part_1/ISIC_0027057.jpg,histo,65.0,female,upper extremity
HAM_0000065,ISIC_0028085,bcc,1,HAM10000_images_part_1/ISIC_0028085.jpg,histo,50.0,female,abdomen
HAM_0000065,ISIC_0025691,bcc,1,HAM10000_images_part_1/ISIC_0025691.jpg,histo,50.0,female,abdomen
HAM_0001331,ISIC_0025824,bcc,1,HAM10000_images_part_1/ISIC_0025824.jpg,histo,75.0,male,chest
HAM_0001331,ISIC_0031400,bcc,1,HAM10000_images_part_2/ISIC_0031400.jpg,histo,75.0,male,chest
HAM_0006800,ISIC_0029747,bcc,1,HAM10000_images_part_2/ISIC_0029747.jpg,histo,85.0,female,face
HAM_0006800,ISIC_0030778,bcc,1,HAM10000_images_part_2/ISIC_0030778.jpg,histo,85.0,female,face
HAM_0002791,ISIC_0031749,bcc,1,HAM10000_images_part_2/ISIC_0031749.jpg,histo,40.0,female,trunk
HAM_0002791,ISIC_0029847,bcc,1,HAM10000_images_part_2/ISIC_0029847.jpg,histo,40.0,female,trunk
HAM_0000393,ISIC_0031943,bcc,1,HAM10000_images_part_2/ISIC_0031943.jpg,histo,40.0,female,abdomen
HAM_0000393,ISIC_0027865,bcc,1,HAM10000_images_part_1/ISIC_0027865.jpg,histo,40.0,female,abdomen
HAM_0004603,ISIC_0030335,bcc,1,HAM10000_images_part_2/ISIC_0030335.jpg,histo,60.0,male,trunk
HAM_0004603,ISIC_0025793,bcc,1,HAM10000_images_part_1/ISIC_0025793.jpg,histo,60.0,male,trunk
HAM_0003094,ISIC_0029647,bcc,1,HAM10000_images_part_2/ISIC_0029647.jpg,histo,75.0,male,upper extremity
HAM_0003094,ISIC_0027858,bcc,1,HAM10000_images_part_1/ISIC_0027858.jpg,histo,75.0,male,upper extremity
HAM_0007002,ISIC_0027433,bcc,1,HAM10000_images_part_1/ISIC_0027433.jpg,histo,80.0,male,face
HAM_0007002,ISIC_0029515,bcc,1,HAM10000_images_part_2/ISIC_0029515.jpg,histo,80.0,male,face
HAM_0005469,ISIC_0030271,bcc,1,HAM10000_images_part_2/ISIC_0030271.jpg,histo,75.0,male,lower extremity
HAM_0005469,ISIC_0026643,bcc,1,HAM10000_images_part_1/ISIC_0026643.jpg,histo,75.0,male,lower extremity
HAM_0003229,ISIC_0031140,bcc,1,HAM10000_images_part_2/ISIC_0031140.jpg,histo,60.0,male,chest
HAM_0003738,ISIC_0032139,bcc,1,HAM10000_images_part_2/ISIC_0032139.jpg,histo,85.0,female,face
HAM_0003738,ISIC_0031243,bcc,1,HAM10000_images_part_2/ISIC_0031243.jpg,histo,85.0,female,face
HAM_0005309,ISIC_0026282,bcc,1,HAM10000_images_part_1/ISIC_0026282.jpg,histo,50.0,male,upper extremity
HAM_0005309,ISIC_0027744,bcc,1,HAM10000_images_part_1/ISIC_0027744.jpg,histo,50.0,male,upper extremity
HAM_0007446,ISIC_0028457,bcc,1,HAM10000_images_part_1/ISIC_0028457.jpg,histo,75.0,female,face
HAM_0000994,ISIC_0027545,bcc,1,HAM10000_images_part_1/ISIC_0027545.jpg,histo,80.0,male,scalp
HAM_0000994,ISIC_0027609,bcc,1,HAM10000_images_part_1/ISIC_0027609.jpg,histo,80.0,male,scalp
HAM_0006351,ISIC_0030766,bcc,1,HAM10000_images_part_2/ISIC_0030766.jpg,histo,70.0,female,face
HAM_0006351,ISIC_0027117,bcc,1,HAM10000_images_part_1/ISIC_0027117.jpg,histo,70.0,female,face
HAM_0005921,ISIC_0029034,bcc,1,HAM10000_images_part_1/ISIC_0029034.jpg,histo,75.0,male,lower extremity
HAM_0005921,ISIC_0030800,bcc,1,HAM10000_images_part_2/ISIC_0030800.jpg,histo,75.0,male,lower extremity
HAM_0002346,ISIC_0027365,bcc,1,HAM10000_images_part_1/ISIC_0027365.jpg,histo,70.0,male,face
HAM_0002346,ISIC_0026343,bcc,1,HAM10000_images_part_1/ISIC_0026343.jpg,histo,70.0,male,face
HAM_0002346,ISIC_0029341,bcc,1,HAM10000_images_part_2/ISIC_0029341.jpg,histo,70.0,male,face
HAM_0004970,ISIC_0026593,bcc,1,HAM10000_images_part_1/ISIC_0026593.jpg,histo,85.0,female,face
HAM_0004970,ISIC_0027774,bcc,1,HAM10000_images_part_1/ISIC_0027774.jpg,histo,85.0,female,face
HAM_0005982,ISIC_0031442,bcc,1,HAM10000_images_part_2/ISIC_0031442.jpg,histo,70.0,male,lower extremity
HAM_0005982,ISIC_0026766,bcc,1,HAM10000_images_part_1/ISIC_0026766.jpg,histo,70.0,male,lower extremity
HAM_0000463,ISIC_0032415,bcc,1,HAM10000_images_part_2/ISIC_0032415.jpg,histo,70.0,female,face
HAM_0000463,ISIC_0030177,bcc,1,HAM10000_images_part_2/ISIC_0030177.jpg,histo,70.0,female,face
HAM_0002717,ISIC_0031284,bcc,1,HAM10000_images_part_2/ISIC_0031284.jpg,histo,75.0,male,face
HAM_0002717,ISIC_0031789,bcc,1,HAM10000_images_part_2/ISIC_0031789.jpg,histo,75.0,male,face
HAM_0001326,ISIC_0031824,bcc,1,HAM10000_images_part_2/ISIC_0031824.jpg,histo,60.0,male,scalp
HAM_0001326,ISIC_0030145,bcc,1,HAM10000_images_part_2/ISIC_0030145.jpg,histo,60.0,male,scalp
HAM_0001239,ISIC_0031640,bcc,1,HAM10000_images_part_2/ISIC_0031640.jpg,histo,65.0,female,scalp
HAM_0005530,ISIC_0024360,bcc,1,HAM10000_images_part_1/ISIC_0024360.jpg,histo,50.0,female,chest
HAM_0005530,ISIC_0029899,bcc,1,HAM10000_images_part_2/ISIC_0029899.jpg,histo,50.0,female,chest
HAM_0005382,ISIC_0026230,bcc,1,HAM10000_images_part_1/ISIC_0026230.jpg,histo,50.0,female,back
HAM_0005382,ISIC_0026395,bcc,1,HAM10000_images_part_1/ISIC_0026395.jpg,histo,50.0,female,back
HAM_0000189,ISIC_0024504,bcc,1,HAM10000_images_part_1/ISIC_0024504.jpg,histo,85.0,female,scalp
HAM_0000189,ISIC_0025600,bcc,1,HAM10000_images_part_1/ISIC_0025600.jpg,histo,85.0,female,scalp
HAM_0001900,ISIC_0025557,bcc,1,HAM10000_images_part_1/ISIC_0025557.jpg,histo,80.0,female,chest
HAM_0001900,ISIC_0028323,bcc,1,HAM10000_images_part_1/ISIC_0028323.jpg,histo,80.0,female,chest
HAM_0003593,ISIC_0027478,bcc,1,HAM10000_images_part_1/ISIC_0027478.jpg,histo,40.0,male,back
HAM_0005804,ISIC_0026275,bcc,1,HAM10000_images_part_1/ISIC_0026275.jpg,histo,85.0,male,face
HAM_0005804,ISIC_0024573,bcc,1,HAM10000_images_part_1/ISIC_0024573.jpg,histo,85.0,male,face
HAM_0005657,ISIC_0024572,bcc,1,HAM10000_images_part_1/ISIC_0024572.jpg,histo,75.0,female,back
HAM_0001078,ISIC_0027851,bcc,1,HAM10000_images_part_1/ISIC_0027851.jpg,histo,55.0,male,upper extremity
HAM_0001078,ISIC_0028858,bcc,1,HAM10000_images_part_1/ISIC_0028858.jpg,histo,55.0,male,upper extremity
HAM_0005058,ISIC_0026324,bcc,1,HAM10000_images_part_1/ISIC_0026324.jpg,histo,85.0,female,face
HAM_0005058,ISIC_0025700,bcc,1,HAM10000_images_part_1/ISIC_0025700.jpg,histo,85.0,female,face
HAM_0006548,ISIC_0030010,bcc,1,HAM10000_images_part_2/ISIC_0030010.jpg,histo,65.0,female,neck
HAM_0000009,ISIC_0029201,bcc,1,HAM10000_images_part_1/ISIC_0029201.jpg,histo,35.0,male,back
HAM_0000009,ISIC_0026439,bcc,1,HAM10000_images_part_1/ISIC_0026439.jpg,histo,35.0,male,back
HAM_0000009,ISIC_0029779,bcc,1,HAM10000_images_part_2/ISIC_0029779.jpg,histo,35.0,male,back
HAM_0001616,ISIC_0029669,bcc,1,HAM10000_images_part_2/ISIC_0029669.jpg,histo,65.0,female,back
HAM_0001616,ISIC_0031169,bcc,1,HAM10000_images_part_2/ISIC_0031169.jpg,histo,65.0,female,back
HAM_0004420,ISIC_0024795,bcc,1,HAM10000_images_part_1/ISIC_0024795.jpg,histo,55.0,male,back
HAM_0006572,ISIC_0030349,bcc,1,HAM10000_images_part_2/ISIC_0030349.jpg,histo,75.0,male,back
HAM_0006572,ISIC_0026091,bcc,1,HAM10000_images_part_1/ISIC_0026091.jpg,histo,75.0,male,back
HAM_0006572,ISIC_0034160,bcc,1,HAM10000_images_part_2/ISIC_0034160.jpg,histo,75.0,male,back
HAM_0003328,ISIC_0026453,bcc,1,HAM10000_images_part_1/ISIC_0026453.jpg,histo,55.0,female,back
HAM_0003328,ISIC_0031489,bcc,1,HAM10000_images_part_2/ISIC_0031489.jpg,histo,55.0,female,back
HAM_0005243,ISIC_0024885,bcc,1,HAM10000_images_part_1/ISIC_0024885.jpg,histo,50.0,female,back
HAM_0004873,ISIC_0029020,bcc,1,HAM10000_images_part_1/ISIC_0029020.jpg,histo,50.0,male,back
HAM_0002526,ISIC_0034306,bcc,1,HAM10000_images_part_2/ISIC_0034306.jpg,histo,75.0,male,trunk
HAM_0002526,ISIC_0032799,bcc,1,HAM10000_images_part_2/ISIC_0032799.jpg,histo,75.0,male,trunk
HAM_0001138,ISIC_0033020,bcc,1,HAM10000_images_part_2/ISIC_0033020.jpg,histo,50.0,male,lower extremity
HAM_0001138,ISIC_0032768,bcc,1,HAM10000_images_part_2/ISIC_0032768.jpg,histo,50.0,male,lower extremity
HAM_0001138,ISIC_0033205,bcc,1,HAM10000_images_part_2/ISIC_0033205.jpg,histo,50.0,male,lower extremity
HAM_0005396,ISIC_0033720,bcc,1,HAM10000_images_part_2/ISIC_0033720.jpg,histo,75.0,male,abdomen
HAM_0005396,ISIC_0034255,bcc,1,HAM10000_images_part_2/ISIC_0034255.jpg,histo,75.0,male,abdomen
HAM_0005396,ISIC_0032834,bcc,1,HAM10000_images_part_2/ISIC_0032834.jpg,histo,75.0,male,abdomen
HAM_0000998,ISIC_0027544,bcc,1,HAM10000_images_part_1/ISIC_0027544.jpg,histo,20.0,female,face
HAM_0003887,ISIC_0033354,bcc,1,HAM10000_images_part_2/ISIC_0033354.jpg,histo,65.0,male,face
HAM_0003887,ISIC_0032857,bcc,1,HAM10000_images_part_2/ISIC_0032857.jpg,histo,65.0,male,face
HAM_0003887,ISIC_0032906,bcc,1,HAM10000_images_part_2/ISIC_0032906.jpg,histo,65.0,male,face
HAM_0000394,ISIC_0033579,bcc,1,HAM10000_images_part_2/ISIC_0033579.jpg,histo,25.0,male,back
HAM_0000394,ISIC_0034095,bcc,1,HAM10000_images_part_2/ISIC_0034095.jpg,histo,25.0,male,back
HAM_0000394,ISIC_0034143,bcc,1,HAM10000_images_part_2/ISIC_0034143.jpg,histo,25.0,male,back
HAM_0002664,ISIC_0033666,bcc,1,HAM10000_images_part_2/ISIC_0033666.jpg,histo,60.0,male,face
HAM_0002664,ISIC_0033218,bcc,1,HAM10000_images_part_2/ISIC_0033218.jpg,histo,60.0,male,face
HAM_0002664,ISIC_0033054,bcc,1,HAM10000_images_part_2/ISIC_0033054.jpg,histo,60.0,male,face
HAM_0003046,ISIC_0033257,bcc,1,HAM10000_images_part_2/ISIC_0033257.jpg,histo,70.0,male,face
HAM_0003046,ISIC_0034276,bcc,1,HAM10000_images_part_2/ISIC_0034276.jpg,histo,70.0,male,face
HAM_0003046,ISIC_0034119,bcc,1,HAM10000_images_part_2/ISIC_0034119.jpg,histo,70.0,male,face
HAM_0007335,ISIC_0034299,bcc,1,HAM10000_images_part_2/ISIC_0034299.jpg,histo,60.0,male,upper extremity
HAM_0007335,ISIC_0032808,bcc,1,HAM10000_images_part_2/ISIC_0032808.jpg,histo,60.0,male,upper extremity
HAM_0001243,ISIC_0034161,bcc,1,HAM10000_images_part_2/ISIC_0034161.jpg,histo,30.0,female,back
HAM_0001243,ISIC_0033747,bcc,1,HAM10000_images_part_2/ISIC_0033747.jpg,histo,30.0,female,back
HAM_0004536,ISIC_0025644,bcc,1,HAM10000_images_part_1/ISIC_0025644.jpg,histo,40.0,female,back
HAM_0004536,ISIC_0030314,bcc,1,HAM10000_images_part_2/ISIC_0030314.jpg,histo,40.0,female,back
HAM_0000795,ISIC_0033012,bcc,1,HAM10000_images_part_2/ISIC_0033012.jpg,histo,80.0,female,back
HAM_0000795,ISIC_0033468,bcc,1,HAM10000_images_part_2/ISIC_0033468.jpg,histo,80.0,female,back
HAM_0002243,ISIC_0033609,bcc,1,HAM10000_images_part_2/ISIC_0033609.jpg,histo,80.0,male,back
HAM_0002243,ISIC_0032777,bcc,1,HAM10000_images_part_2/ISIC_0032777.jpg,histo,80.0,male,back
HAM_0002243,ISIC_0033019,bcc,1,HAM10000_images_part_2/ISIC_0033019.jpg,histo,80.0,male,back
HAM_0000879,ISIC_0033203,bcc,1,HAM10000_images_part_2/ISIC_0033203.jpg,histo,65.0,female,back
HAM_0000879,ISIC_0033366,bcc,1,HAM10000_images_part_2/ISIC_0033366.jpg,histo,65.0,female,back
HAM_0000879,ISIC_0032816,bcc,1,HAM10000_images_part_2/ISIC_0032816.jpg,histo,65.0,female,back
HAM_0005435,ISIC_0024666,bcc,1,HAM10000_images_part_1/ISIC_0024666.jpg,histo,65.0,male,back
HAM_0005435,ISIC_0028890,bcc,1,HAM10000_images_part_1/ISIC_0028890.jpg,histo,65.0,male,back
HAM_0005435,ISIC_0025752,bcc,1,HAM10000_images_part_1/ISIC_0025752.jpg,histo,65.0,male,back
HAM_0003072,ISIC_0032611,bcc,1,HAM10000_images_part_2/ISIC_0032611.jpg,histo,85.0,male,face
HAM_0003072,ISIC_0033499,bcc,1,HAM10000_images_part_2/ISIC_0033499.jpg,histo,85.0,male,face
HAM_0001749,ISIC_0033372,bcc,1,HAM10000_images_part_2/ISIC_0033372.jpg,histo,70.0,male,chest
HAM_0001749,ISIC_0034066,bcc,1,HAM10000_images_part_2/ISIC_0034066.jpg,histo,70.0,male,chest
HAM_0006586,ISIC_0034123,bcc,1,HAM10000_images_part_2/ISIC_0034123.jpg,histo,80.0,female,face
HAM_0006586,ISIC_0034026,bcc,1,HAM10000_images_part_2/ISIC_0034026.jpg,histo,80.0,female,face
HAM_0005478,ISIC_0032741,bcc,1,HAM10000_images_part_2/ISIC_0032741.jpg,histo,65.0,male,neck
HAM_0005478,ISIC_0033301,bcc,1,HAM10000_images_part_2/ISIC_0033301.jpg,histo,65.0,male,neck
HAM_0003690,ISIC_0034155,bcc,1,HAM10000_images_part_2/ISIC_0034155.jpg,histo,45.0,female,unknown
HAM_0003690,ISIC_0033146,bcc,1,HAM10000_images_part_2/ISIC_0033146.jpg,histo,45.0,female,unknown
HAM_0002397,ISIC_0029192,bcc,1,HAM10000_images_part_1/ISIC_0029192.jpg,histo,85.0,female,neck
HAM_0002397,ISIC_0033248,bcc,1,HAM10000_images_part_2/ISIC_0033248.jpg,histo,85.0,female,neck
HAM_0007248,ISIC_0025102,bcc,1,HAM10000_images_part_1/ISIC_0025102.jpg,histo,70.0,male,lower extremity
HAM_0007248,ISIC_0032850,bcc,1,HAM10000_images_part_2/ISIC_0032850.jpg,histo,70.0,male,lower extremity
HAM_0007248,ISIC_0030712,bcc,1,HAM10000_images_part_2/ISIC_0030712.jpg,histo,70.0,male,lower extremity
HAM_0004848,ISIC_0032727,bcc,1,HAM10000_images_part_2/ISIC_0032727.jpg,histo,80.0,female,face
HAM_0004849,ISIC_0032991,bcc,1,HAM10000_images_part_2/ISIC_0032991.jpg,histo,80.0,female,face
HAM_0004848,ISIC_0033979,bcc,1,HAM10000_images_part_2/ISIC_0033979.jpg,histo,80.0,female,face
HAM_0000212,ISIC_0028871,bcc,1,HAM10000_images_part_1/ISIC_0028871.jpg,histo,80.0,male,upper extremity
HAM_0004539,ISIC_0025617,bcc,1,HAM10000_images_part_1/ISIC_0025617.jpg,histo,40.0,female,face
HAM_0001018,ISIC_0027090,bcc,1,HAM10000_images_part_1/ISIC_0027090.jpg,histo,60.0,male,chest
HAM_0003039,ISIC_0026350,bcc,1,HAM10000_images_part_1/ISIC_0026350.jpg,histo,30.0,female,back
HAM_0003039,ISIC_0031569,bcc,1,HAM10000_images_part_2/ISIC_0031569.jpg,histo,30.0,female,back
HAM_0007550,ISIC_0026528,bcc,1,HAM10000_images_part_1/ISIC_0026528.jpg,histo,70.0,male,trunk
HAM_0004515,ISIC_0029564,bcc,1,HAM10000_images_part_2/ISIC_0029564.jpg,histo,55.0,female,face
HAM_0006631,ISIC_0027814,bcc,1,HAM10000_images_part_1/ISIC_0027814.jpg,histo,85.0,female,face
HAM_0001640,ISIC_0031026,bcc,1,HAM10000_images_part_2/ISIC_0031026.jpg,histo,65.0,male,back
HAM_0004435,ISIC_0032146,bcc,1,HAM10000_images_part_2/ISIC_0032146.jpg,histo,80.0,female,neck
HAM_0005302,ISIC_0031539,bcc,1,HAM10000_images_part_2/ISIC_0031539.jpg,histo,75.0,male,back
HAM_0003112,ISIC_0030233,bcc,1,HAM10000_images_part_2/ISIC_0030233.jpg,histo,80.0,male,chest
HAM_0006844,ISIC_0028688,bcc,1,HAM10000_images_part_1/ISIC_0028688.jpg,histo,60.0,male,scalp
HAM_0001711,ISIC_0028677,bcc,1,HAM10000_images_part_1/ISIC_0028677.jpg,histo,70.0,male,upper extremity
HAM_0004273,ISIC_0028059,bcc,1,HAM10000_images_part_1/ISIC_0028059.jpg,histo,40.0,male,back
HAM_0006115,ISIC_0025576,bcc,1,HAM10000_images_part_1/ISIC_0025576.jpg,histo,55.0,male,back
HAM_0002069,ISIC_0029331,bcc,1,HAM10000_images_part_2/ISIC_0029331.jpg,histo,50.0,male,lower extremity
HAM_0000082,ISIC_0031698,bcc,1,HAM10000_images_part_2/ISIC_0031698.jpg,histo,75.0,female,back
HAM_0005901,ISIC_0031245,bcc,1,HAM10000_images_part_2/ISIC_0031245.jpg,histo,65.0,male,chest
HAM_0004440,ISIC_0027631,bcc,1,HAM10000_images_part_1/ISIC_0027631.jpg,histo,65.0,male,back
HAM_0002818,ISIC_0028570,bcc,1,HAM10000_images_part_1/ISIC_0028570.jpg,histo,85.0,female,back
HAM_0004937,ISIC_0026988,bcc,1,HAM10000_images_part_1/ISIC_0026988.jpg,histo,60.0,male,neck
HAM_0001759,ISIC_0032497,bcc,1,HAM10000_images_part_2/ISIC_0032497.jpg,histo,70.0,female,lower extremity
HAM_0004831,ISIC_0025144,bcc,1,HAM10000_images_part_1/ISIC_0025144.jpg,histo,75.0,male,back
HAM_0002224,ISIC_0029278,bcc,1,HAM10000_images_part_1/ISIC_0029278.jpg,histo,60.0,male,back
HAM_0001666,ISIC_0024632,bcc,1,HAM10000_images_part_1/ISIC_0024632.jpg,histo,70.0,female,upper extremity
HAM_0001666,ISIC_0026668,bcc,1,HAM10000_images_part_1/ISIC_0026668.jpg,histo,70.0,female,upper extremity
HAM_0000987,ISIC_0025301,bcc,1,HAM10000_images_part_1/ISIC_0025301.jpg,histo,70.0,male,back
HAM_0003851,ISIC_0031643,bcc,1,HAM10000_images_part_2/ISIC_0031643.jpg,histo,70.0,male,back
HAM_0002611,ISIC_0026192,bcc,1,HAM10000_images_part_1/ISIC_0026192.jpg,histo,70.0,male,back
HAM_0003853,ISIC_0030644,bcc,1,HAM10000_images_part_2/ISIC_0030644.jpg,histo,85.0,male,face
HAM_0005981,ISIC_0028486,bcc,1,HAM10000_images_part_1/ISIC_0028486.jpg,histo,65.0,male,face
HAM_0005981,ISIC_0027371,bcc,1,HAM10000_images_part_1/ISIC_0027371.jpg,histo,65.0,male,face
HAM_0000953,ISIC_0026213,bcc,1,HAM10000_images_part_1/ISIC_0026213.jpg,histo,70.0,male,chest
HAM_0000953,ISIC_0026442,bcc,1,HAM10000_images_part_1/ISIC_0026442.jpg,histo,70.0,male,chest
HAM_0000504,ISIC_0026716,bcc,1,HAM10000_images_part_1/ISIC_0026716.jpg,histo,45.0,male,back
HAM_0000504,ISIC_0025971,bcc,1,HAM10000_images_part_1/ISIC_0025971.jpg,histo,45.0,male,back
HAM_0003119,ISIC_0030737,bcc,1,HAM10000_images_part_2/ISIC_0030737.jpg,histo,45.0,male,chest
HAM_0002312,ISIC_0025650,bcc,1,HAM10000_images_part_1/ISIC_0025650.jpg,histo,70.0,male,face
HAM_0002312,ISIC_0029083,bcc,1,HAM10000_images_part_1/ISIC_0029083.jpg,histo,70.0,male,face
HAM_0004511,ISIC_0028765,bcc,1,HAM10000_images_part_1/ISIC_0028765.jpg,histo,80.0,male,back
HAM_0004662,ISIC_0027531,bcc,1,HAM10000_images_part_1/ISIC_0027531.jpg,histo,65.0,male,lower extremity
HAM_0004662,ISIC_0024331,bcc,1,HAM10000_images_part_1/ISIC_0024331.jpg,histo,65.0,male,lower extremity
HAM_0002427,ISIC_0031384,bcc,1,HAM10000_images_part_2/ISIC_0031384.jpg,histo,85.0,male,back
HAM_0007313,ISIC_0025299,bcc,1,HAM10000_images_part_1/ISIC_0025299.jpg,histo,70.0,male,back
HAM_0007313,ISIC_0028739,bcc,1,HAM10000_images_part_1/ISIC_0028739.jpg,histo,70.0,male,back
HAM_0004147,ISIC_0031712,bcc,1,HAM10000_images_part_2/ISIC_0031712.jpg,histo,75.0,male,back
HAM_0006575,ISIC_0029391,bcc,1,HAM10000_images_part_2/ISIC_0029391.jpg,histo,65.0,female,chest
HAM_0004027,ISIC_0030403,bcc,1,HAM10000_images_part_2/ISIC_0030403.jpg,histo,65.0,female,back
HAM_0004027,ISIC_0024595,bcc,1,HAM10000_images_part_1/ISIC_0024595.jpg,histo,65.0,female,back
HAM_0002240,ISIC_0024332,bcc,1,HAM10000_images_part_1/ISIC_0024332.jpg,histo,60.0,male,unknown
HAM_0004285,ISIC_0029129,bcc,1,HAM10000_images_part_1/ISIC_0029129.jpg,histo,85.0,male,back
HAM_0005180,ISIC_0024454,bcc,1,HAM10000_images_part_1/ISIC_0024454.jpg,histo,80.0,male,lower extremity
HAM_0001440,ISIC_0027704,bcc,1,HAM10000_images_part_1/ISIC_0027704.jpg,histo,75.0,male,back
HAM_0002024,ISIC_0029412,bcc,1,HAM10000_images_part_2/ISIC_0029412.jpg,histo,80.0,male,back
HAM_0004880,ISIC_0028583,bcc,1,HAM10000_images_part_1/ISIC_0028583.jpg,histo,65.0,male,back
HAM_0003680,ISIC_0024403,bcc,1,HAM10000_images_part_1/ISIC_0024403.jpg,histo,65.0,male,back
HAM_0000612,ISIC_0026968,bcc,1,HAM10000_images_part_1/ISIC_0026968.jpg,histo,75.0,female,neck
HAM_0005933,ISIC_0024634,bcc,1,HAM10000_images_part_1/ISIC_0024634.jpg,histo,80.0,female,back
HAM_0005835,ISIC_0025975,bcc,1,HAM10000_images_part_1/ISIC_0025975.jpg,histo,40.0,male,back
HAM_0002744,ISIC_0031236,bcc,1,HAM10000_images_part_2/ISIC_0031236.jpg,histo,45.0,female,upper extremity
HAM_0000968,ISIC_0026074,bcc,1,HAM10000_images_part_1/ISIC_0026074.jpg,histo,40.0,female,chest
HAM_0001183,ISIC_0027846,bcc,1,HAM10000_images_part_1/ISIC_0027846.jpg,histo,65.0,female,back
HAM_0005304,ISIC_0026056,bcc,1,HAM10000_images_part_1/ISIC_0026056.jpg,histo,80.0,male,face
HAM_0005068,ISIC_0026156,bcc,1,HAM10000_images_part_1/ISIC_0026156.jpg,histo,80.0,male,face
HAM_0003596,ISIC_0032194,bcc,1,HAM10000_images_part_2/ISIC_0032194.jpg,histo,45.0,male,neck
HAM_0006005,ISIC_0029489,bcc,1,HAM10000_images_part_2/ISIC_0029489.jpg,histo,85.0,female,lower extremity
HAM_0004627,ISIC_0029974,bcc,1,HAM10000_images_part_2/ISIC_0029974.jpg,histo,85.0,female,back
HAM_0004627,ISIC_0031597,bcc,1,HAM10000_images_part_2/ISIC_0031597.jpg,histo,85.0,female,back
HAM_0004300,ISIC_0025266,bcc,1,HAM10000_images_part_1/ISIC_0025266.jpg,histo,65.0,female,upper extremity
HAM_0001301,ISIC_0032307,bcc,1,HAM10000_images_part_2/ISIC_0032307.jpg,histo,80.0,male,face
HAM_0004042,ISIC_0026978,bcc,1,HAM10000_images_part_1/ISIC_0026978.jpg,histo,80.0,male,upper extremity
HAM_0005417,ISIC_0027966,bcc,1,HAM10000_images_part_1/ISIC_0027966.jpg,histo,65.0,male,upper extremity
HAM_0005417,ISIC_0024448,bcc,1,HAM10000_images_part_1/ISIC_0024448.jpg,histo,65.0,male,upper extremity
HAM_0005417,ISIC_0032022,bcc,1,HAM10000_images_part_2/ISIC_0032022.jpg,histo,65.0,male,upper extremity
HAM_0005971,ISIC_0024452,bcc,1,HAM10000_images_part_1/ISIC_0024452.jpg,histo,40.0,male,back
HAM_0005971,ISIC_0029539,bcc,1,HAM10000_images_part_2/ISIC_0029539.jpg,histo,40.0,male,back
HAM_0005971,ISIC_0031258,bcc,1,HAM10000_images_part_2/ISIC_0031258.jpg,histo,40.0,male,back
HAM_0006727,ISIC_0030197,bcc,1,HAM10000_images_part_2/ISIC_0030197.jpg,histo,75.0,male,back
HAM_0006727,ISIC_0024582,bcc,1,HAM10000_images_part_1/ISIC_0024582.jpg,histo,75.0,male,back
HAM_0006727,ISIC_0029655,bcc,1,HAM10000_images_part_2/ISIC_0029655.jpg,histo,75.0,male,back
HAM_0002421,ISIC_0028556,bcc,1,HAM10000_images_part_1/ISIC_0028556.jpg,histo,55.0,male,back
HAM_0001654,ISIC_0024472,bcc,1,HAM10000_images_part_1/ISIC_0024472.jpg,histo,85.0,male,lower extremity
HAM_0001654,ISIC_0031175,bcc,1,HAM10000_images_part_2/ISIC_0031175.jpg,histo,85.0,male,lower extremity
HAM_0001654,ISIC_0030755,bcc,1,HAM10000_images_part_2/ISIC_0030755.jpg,histo,85.0,male,lower extremity
HAM_0004967,ISIC_0028815,bcc,1,HAM10000_images_part_1/ISIC_0028815.jpg,histo,70.0,female,face
HAM_0003389,ISIC_0031122,bcc,1,HAM10000_images_part_2/ISIC_0031122.jpg,histo,65.0,male,chest
HAM_0005268,ISIC_0027825,bcc,1,HAM10000_images_part_1/ISIC_0027825.jpg,histo,55.0,male,chest
HAM_0005585,ISIC_0025826,bcc,1,HAM10000_images_part_1/ISIC_0025826.jpg,histo,65.0,female,back
HAM_0001388,ISIC_0032225,bcc,1,HAM10000_images_part_2/ISIC_0032225.jpg,histo,70.0,female,lower extremity
HAM_0001457,ISIC_0029856,bcc,1,HAM10000_images_part_2/ISIC_0029856.jpg,histo,75.0,male,back
HAM_0000153,ISIC_0031007,bcc,1,HAM10000_images_part_2/ISIC_0031007.jpg,histo,80.0,male,face
HAM_0004480,ISIC_0032290,bcc,1,HAM10000_images_part_2/ISIC_0032290.jpg,histo,80.0,male,face
HAM_0007588,ISIC_0030230,bcc,1,HAM10000_images_part_2/ISIC_0030230.jpg,histo,55.0,female,back
HAM_0007588,ISIC_0031728,bcc,1,HAM10000_images_part_2/ISIC_0031728.jpg,histo,55.0,female,back
HAM_0007588,ISIC_0031526,bcc,1,HAM10000_images_part_2/ISIC_0031526.jpg,histo,55.0,female,back
HAM_0005665,ISIC_0028973,bcc,1,HAM10000_images_part_1/ISIC_0028973.jpg,histo,85.0,female,back
HAM_0005665,ISIC_0029082,bcc,1,HAM10000_images_part_1/ISIC_0029082.jpg,histo,85.0,female,back
HAM_0003716,ISIC_0024897,bcc,1,HAM10000_images_part_1/ISIC_0024897.jpg,histo,75.0,female,back
HAM_0002083,ISIC_0024432,bcc,1,HAM10000_images_part_1/ISIC_0024432.jpg,histo,65.0,male,face
HAM_0006386,ISIC_0029035,bcc,1,HAM10000_images_part_1/ISIC_0029035.jpg,histo,70.0,male,face
HAM_0001528,ISIC_0025601,bcc,1,HAM10000_images_part_1/ISIC_0025601.jpg,histo,40.0,female,back
HAM_0001528,ISIC_0032461,bcc,1,HAM10000_images_part_2/ISIC_0032461.jpg,histo,40.0,female,back
HAM_0004514,ISIC_0030690,bcc,1,HAM10000_images_part_2/ISIC_0030690.jpg,histo,50.0,female,back
HAM_0002959,ISIC_0027473,bcc,1,HAM10000_images_part_1/ISIC_0027473.jpg,histo,65.0,female,face
HAM_0002959,ISIC_0025362,bcc,1,HAM10000_images_part_1/ISIC_0025362.jpg,histo,65.0,female,face
HAM_0002959,ISIC_0027093,bcc,1,HAM10000_images_part_1/ISIC_0027093.jpg,histo,65.0,female,face
HAM_0005985,ISIC_0030181,bcc,1,HAM10000_images_part_2/ISIC_0030181.jpg,histo,45.0,male,chest
HAM_0007557,ISIC_0030964,bcc,1,HAM10000_images_part_2/ISIC_0030964.jpg,histo,55.0,male,back
HAM_0001434,ISIC_0031009,bcc,1,HAM10000_images_part_2/ISIC_0031009.jpg,histo,70.0,female,lower extremity
HAM_0004495,ISIC_0024743,bcc,1,HAM10000_images_part_1/ISIC_0024743.jpg,histo,65.0,female,lower extremity
HAM_0004235,ISIC_0030452,bcc,1,HAM10000_images_part_2/ISIC_0030452.jpg,histo,80.0,male,upper extremity
HAM_0001707,ISIC_0031925,bcc,1,HAM10000_images_part_2/ISIC_0031925.jpg,histo,75.0,male,lower extremity
HAM_0005669,ISIC_0024949,bcc,1,HAM10000_images_part_1/ISIC_0024949.jpg,histo,75.0,male,upper extremity
HAM_0005509,ISIC_0032246,bcc,1,HAM10000_images_part_2/ISIC_0032246.jpg,histo,70.0,female,upper extremity
HAM_0005509,ISIC_0026865,bcc,1,HAM10000_images_part_1/ISIC_0026865.jpg,histo,70.0,female,upper extremity
HAM_0005509,ISIC_0031057,bcc,1,HAM10000_images_part_2/ISIC_0031057.jpg,histo,70.0,female,upper extremity
HAM_0003778,ISIC_0027337,bcc,1,HAM10000_images_part_1/ISIC_0027337.jpg,histo,75.0,male,scalp
HAM_0002689,ISIC_0029263,bcc,1,HAM10000_images_part_1/ISIC_0029263.jpg,histo,60.0,male,lower extremity
HAM_0002689,ISIC_0026687,bcc,1,HAM10000_images_part_1/ISIC_0026687.jpg,histo,60.0,male,lower extremity
HAM_0003191,ISIC_0029524,bcc,1,HAM10000_images_part_2/ISIC_0029524.jpg,histo,65.0,female,hand
HAM_0003191,ISIC_0028050,bcc,1,HAM10000_images_part_1/ISIC_0028050.jpg,histo,65.0,female,hand
HAM_0004365,ISIC_0031294,bcc,1,HAM10000_images_part_2/ISIC_0031294.jpg,histo,80.0,male,face
HAM_0004365,ISIC_0028719,bcc,1,HAM10000_images_part_1/ISIC_0028719.jpg,histo,80.0,male,face
HAM_0007507,ISIC_0031056,bcc,1,HAM10000_images_part_2/ISIC_0031056.jpg,histo,65.0,female,lower extremity
HAM_0007627,ISIC_0026118,bcc,1,HAM10000_images_part_1/ISIC_0026118.jpg,histo,80.0,male,chest
HAM_0007627,ISIC_0029820,bcc,1,HAM10000_images_part_2/ISIC_0029820.jpg,histo,80.0,male,chest
HAM_0000987,ISIC_0027722,bcc,1,HAM10000_images_part_1/ISIC_0027722.jpg,histo,70.0,male,back
HAM_0005184,ISIC_0029644,bcc,1,HAM10000_images_part_2/ISIC_0029644.jpg,histo,40.0,female,lower extremity
HAM_0003764,ISIC_0031063,bcc,1,HAM10000_images_part_2/ISIC_0031063.jpg,histo,70.0,female,back
HAM_0003764,ISIC_0028877,bcc,1,HAM10000_images_part_1/ISIC_0028877.jpg,histo,70.0,female,back
HAM_0007611,ISIC_0032314,bcc,1,HAM10000_images_part_2/ISIC_0032314.jpg,histo,85.0,male,back
HAM_0007346,ISIC_0027425,bcc,1,HAM10000_images_part_1/ISIC_0027425.jpg,histo,75.0,male,upper extremity
HAM_0006588,ISIC_0031552,bcc,1,HAM10000_images_part_2/ISIC_0031552.jpg,histo,70.0,female,face
HAM_0004940,ISIC_0028084,bcc,1,HAM10000_images_part_1/ISIC_0028084.jpg,histo,80.0,male,back
HAM_0004940,ISIC_0026970,bcc,1,HAM10000_images_part_1/ISIC_0026970.jpg,histo,80.0,male,back
HAM_0002313,ISIC_0024461,bcc,1,HAM10000_images_part_1/ISIC_0024461.jpg,histo,80.0,female,foot
HAM_0002313,ISIC_0030526,bcc,1,HAM10000_images_part_2/ISIC_0030526.jpg,histo,80.0,female,foot
HAM_0002313,ISIC_0025530,bcc,1,HAM10000_images_part_1/ISIC_0025530.jpg,histo,80.0,female,foot
HAM_0002427,ISIC_0027629,bcc,1,HAM10000_images_part_1/ISIC_0027629.jpg,histo,85.0,male,back
HAM_0002506,ISIC_0029337,bcc,1,HAM10000_images_part_2/ISIC_0029337.jpg,histo,75.0,male,back
HAM_0003669,ISIC_0030096,bcc,1,HAM10000_images_part_2/ISIC_0030096.jpg,histo,65.0,male,chest
HAM_0004711,ISIC_0028197,bcc,1,HAM10000_images_part_1/ISIC_0028197.jpg,histo,85.0,male,upper extremity
HAM_0004711,ISIC_0029831,bcc,1,HAM10000_images_part_2/ISIC_0029831.jpg,histo,85.0,male,upper extremity
HAM_0000655,ISIC_0028283,bcc,1,HAM10000_images_part_1/ISIC_0028283.jpg,histo,70.0,female,neck
HAM_0000655,ISIC_0027175,bcc,1,HAM10000_images_part_1/ISIC_0027175.jpg,histo,70.0,female,neck
HAM_0001575,ISIC_0031407,bcc,1,HAM10000_images_part_2/ISIC_0031407.jpg,histo,65.0,male,face
HAM_0001575,ISIC_0028652,bcc,1,HAM10000_images_part_1/ISIC_0028652.jpg,histo,65.0,male,face
HAM_0005985,ISIC_0027038,bcc,1,HAM10000_images_part_1/ISIC_0027038.jpg,histo,45.0,male,chest
HAM_0005985,ISIC_0032030,bcc,1,HAM10000_images_part_2/ISIC_0032030.jpg,histo,45.0,male,chest
HAM_0006631,ISIC_0031651,bcc,1,HAM10000_images_part_2/ISIC_0031651.jpg,histo,85.0,female,face
HAM_0002998,ISIC_0028928,bcc,1,HAM10000_images_part_1/ISIC_0028928.jpg,histo,55.0,female,lower extremity
HAM_0002998,ISIC_0031378,bcc,1,HAM10000_images_part_2/ISIC_0031378.jpg,histo,55.0,female,lower extremity
HAM_0005617,ISIC_0027677,bcc,1,HAM10000_images_part_1/ISIC_0027677.jpg,histo,65.0,male,back
HAM_0005617,ISIC_0024833,bcc,1,HAM10000_images_part_1/ISIC_0024833.jpg,histo,65.0,male,back
HAM_0005617,ISIC_0027546,bcc,1,HAM10000_images_part_1/ISIC_0027546.jpg,histo,65.0,male,back
HAM_0001693,ISIC_0030868,bcc,1,HAM10000_images_part_2/ISIC_0030868.jpg,histo,80.0,male,lower extremity
HAM_0001693,ISIC_0026995,bcc,1,HAM10000_images_part_1/ISIC_0026995.jpg,histo,80.0,male,lower extremity
HAM_0001424,ISIC_0031318,bcc,1,HAM10000_images_part_2/ISIC_0031318.jpg,histo,65.0,female,back
HAM_0001424,ISIC_0031470,bcc,1,HAM10000_images_part_2/ISIC_0031470.jpg,histo,65.0,female,back
HAM_0005379,ISIC_0032092,bcc,1,HAM10000_images_part_2/ISIC_0032092.jpg,histo,45.0,male,upper extremity
HAM_0005379,ISIC_0024787,bcc,1,HAM10000_images_part_1/ISIC_0024787.jpg,histo,45.0,male,upper extremity
HAM_0006904,ISIC_0027281,bcc,1,HAM10000_images_part_1/ISIC_0027281.jpg,histo,70.0,male,back
HAM_0006904,ISIC_0027291,bcc,1,HAM10000_images_part_1/ISIC_0027291.jpg,histo,70.0,male,back
HAM_0003991,ISIC_0029602,bcc,1,HAM10000_images_part_2/ISIC_0029602.jpg,histo,60.0,female,back
HAM_0006053,ISIC_0028147,bcc,1,HAM10000_images_part_1/ISIC_0028147.jpg,histo,65.0,female,upper extremity
HAM_0003115,ISIC_0030954,bcc,1,HAM10000_images_part_2/ISIC_0030954.jpg,histo,85.0,male,chest
HAM_0001183,ISIC_0031062,bcc,1,HAM10000_images_part_2/ISIC_0031062.jpg,histo,65.0,female,back
HAM_0003101,ISIC_0030094,bcc,1,HAM10000_images_part_2/ISIC_0030094.jpg,histo,85.0,male,back
HAM_0005392,ISIC_0024436,bcc,1,HAM10000_images_part_1/ISIC_0024436.jpg,histo,80.0,male,back
HAM_0001129,ISIC_0030352,bcc,1,HAM10000_images_part_2/ISIC_0030352.jpg,histo,70.0,female,back
HAM_0004621,ISIC_0025818,bcc,1,HAM10000_images_part_1/ISIC_0025818.jpg,histo,70.0,female,back
HAM_0004621,ISIC_0030746,bcc,1,HAM10000_images_part_2/ISIC_0030746.jpg,histo,70.0,female,back
HAM_0002258,ISIC_0029220,bcc,1,HAM10000_images_part_1/ISIC_0029220.jpg,histo,80.0,male,back
HAM_0000658,ISIC_0031986,bcc,1,HAM10000_images_part_2/ISIC_0031986.jpg,histo,60.0,female,back
HAM_0003827,ISIC_0028350,bcc,1,HAM10000_images_part_1/ISIC_0028350.jpg,histo,70.0,female,back
HAM_0002269,ISIC_0025509,bcc,1,HAM10000_images_part_1/ISIC_0025509.jpg,histo,55.0,male,back
HAM_0002269,ISIC_0024443,bcc,1,HAM10000_images_part_1/ISIC_0024443.jpg,histo,55.0,male,back
HAM_0001237,ISIC_0029680,bcc,1,HAM10000_images_part_2/ISIC_0029680.jpg,histo,70.0,male,lower extremity
HAM_0000915,ISIC_0030339,bcc,1,HAM10000_images_part_2/ISIC_0030339.jpg,histo,75.0,female,lower extremity
HAM_0000092,ISIC_0028964,bcc,1,HAM10000_images_part_1/ISIC_0028964.jpg,histo,45.0,male,back
HAM_0000496,ISIC_0029545,bcc,1,HAM10000_images_part_2/ISIC_0029545.jpg,histo,55.0,female,chest
HAM_0001434,ISIC_0028568,bcc,1,HAM10000_images_part_1/ISIC_0028568.jpg,histo,70.0,female,lower extremity
HAM_0003444,ISIC_0030249,bcc,1,HAM10000_images_part_2/ISIC_0030249.jpg,histo,80.0,female,lower extremity
HAM_0006765,ISIC_0032302,bcc,1,HAM10000_images_part_2/ISIC_0032302.jpg,histo,60.0,female,upper extremity
HAM_0006765,ISIC_0029352,bcc,1,HAM10000_images_part_2/ISIC_0029352.jpg,histo,60.0,female,upper extremity
HAM_0004621,ISIC_0028122,bcc,1,HAM10000_images_part_1/ISIC_0028122.jpg,histo,70.0,female,back
HAM_0006624,ISIC_0027595,bcc,1,HAM10000_images_part_1/ISIC_0027595.jpg,histo,40.0,female,lower extremity
HAM_0006658,ISIC_0026154,bcc,1,HAM10000_images_part_1/ISIC_0026154.jpg,histo,85.0,male,neck
HAM_0003177,ISIC_0031697,bcc,1,HAM10000_images_part_2/ISIC_0031697.jpg,histo,60.0,female,upper extremity
HAM_0007364,ISIC_0029917,bcc,1,HAM10000_images_part_2/ISIC_0029917.jpg,histo,80.0,male,back
HAM_0003444,ISIC_0028687,bcc,1,HAM10000_images_part_1/ISIC_0028687.jpg,histo,80.0,female,lower extremity
HAM_0003444,ISIC_0027120,bcc,1,HAM10000_images_part_1/ISIC_0027120.jpg,histo,80.0,female,lower extremity
HAM_0002018,ISIC_0029501,bcc,1,HAM10000_images_part_2/ISIC_0029501.jpg,histo,70.0,male,upper extremity
HAM_0001415,ISIC_0032222,bcc,1,HAM10000_images_part_2/ISIC_0032222.jpg,histo,65.0,male,chest
HAM_0001415,ISIC_0025019,bcc,1,HAM10000_images_part_1/ISIC_0025019.jpg,histo,65.0,male,chest
HAM_0003198,ISIC_0027759,bcc,1,HAM10000_images_part_1/ISIC_0027759.jpg,histo,60.0,female,back
HAM_0004621,ISIC_0027675,bcc,1,HAM10000_images_part_1/ISIC_0027675.jpg,histo,70.0,female,back
HAM_0006049,ISIC_0031614,bcc,1,HAM10000_images_part_2/ISIC_0031614.jpg,histo,45.0,female,back
HAM_0005856,ISIC_0024984,bcc,1,HAM10000_images_part_1/ISIC_0024984.jpg,histo,55.0,female,back
HAM_0005856,ISIC_0029857,bcc,1,HAM10000_images_part_2/ISIC_0029857.jpg,histo,55.0,female,back
HAM_0007535,ISIC_0024829,bcc,1,HAM10000_images_part_1/ISIC_0024829.jpg,histo,75.0,male,neck
HAM_0000807,ISIC_0032164,bcc,1,HAM10000_images_part_2/ISIC_0032164.jpg,histo,65.0,female,chest
HAM_0000868,ISIC_0032316,bcc,1,HAM10000_images_part_2/ISIC_0032316.jpg,histo,65.0,male,face
HAM_0001713,ISIC_0028671,bcc,1,HAM10000_images_part_1/ISIC_0028671.jpg,histo,55.0,male,back
HAM_0001369,ISIC_0026957,bcc,1,HAM10000_images_part_1/ISIC_0026957.jpg,histo,70.0,male,back
HAM_0004161,ISIC_0025564,bcc,1,HAM10000_images_part_1/ISIC_0025564.jpg,histo,50.0,male,back
HAM_0006444,ISIC_0032318,bcc,1,HAM10000_images_part_2/ISIC_0032318.jpg,histo,65.0,male,face
HAM_0004685,ISIC_0030767,bcc,1,HAM10000_images_part_2/ISIC_0030767.jpg,histo,75.0,male,scalp
HAM_0004685,ISIC_0032061,bcc,1,HAM10000_images_part_2/ISIC_0032061.jpg,histo,75.0,male,scalp
HAM_0006564,ISIC_0031971,bcc,1,HAM10000_images_part_2/ISIC_0031971.jpg,histo,70.0,male,unknown
HAM_0006564,ISIC_0031721,bcc,1,HAM10000_images_part_2/ISIC_0031721.jpg,histo,70.0,male,unknown
HAM_0004516,ISIC_0025775,nv,0,HAM10000_images_part_1/ISIC_0025775.jpg,follow_up,45.0,female,neck
HAM_0007567,ISIC_0031588,nv,0,HAM10000_images_part_2/ISIC_0031588.jpg,follow_up,45.0,female,lower extremity
HAM_0001940,ISIC_0028502,nv,0,HAM10000_images_part_1/ISIC_0028502.jpg,follow_up,45.0,female,abdomen
HAM_0002082,ISIC_0031325,nv,0,HAM10000_images_part_2/ISIC_0031325.jpg,follow_up,40.0,male,trunk
HAM_0000701,ISIC_0032115,nv,0,HAM10000_images_part_2/ISIC_0032115.jpg,follow_up,45.0,female,upper extremity
HAM_0000956,ISIC_0025251,nv,0,HAM10000_images_part_1/ISIC_0025251.jpg,follow_up,45.0,female,neck
HAM_0004098,ISIC_0025843,nv,0,HAM10000_images_part_1/ISIC_0025843.jpg,follow_up,45.0,female,trunk
HAM_0002483,ISIC_0032446,nv,0,HAM10000_images_part_2/ISIC_0032446.jpg,follow_up,45.0,female,trunk
HAM_0006830,ISIC_0032285,nv,0,HAM10000_images_part_2/ISIC_0032285.jpg,follow_up,45.0,female,abdomen
HAM_0005234,ISIC_0027347,nv,0,HAM10000_images_part_1/ISIC_0027347.jpg,follow_up,45.0,female,genital
HAM_0004233,ISIC_0029979,nv,0,HAM10000_images_part_2/ISIC_0029979.jpg,follow_up,45.0,female,back
HAM_0006489,ISIC_0029624,nv,0,HAM10000_images_part_2/ISIC_0029624.jpg,follow_up,45.0,female,trunk
HAM_0005586,ISIC_0024415,nv,0,HAM10000_images_part_1/ISIC_0024415.jpg,follow_up,45.0,female,back
HAM_0001594,ISIC_0025311,nv,0,HAM10000_images_part_1/ISIC_0025311.jpg,follow_up,45.0,female,trunk
HAM_0003042,ISIC_0031282,nv,0,HAM10000_images_part_2/ISIC_0031282.jpg,follow_up,50.0,male,trunk
HAM_0000727,ISIC_0029961,nv,0,HAM10000_images_part_2/ISIC_0029961.jpg,follow_up,50.0,male,lower extremity
HAM_0007329,ISIC_0026583,nv,0,HAM10000_images_part_1/ISIC_0026583.jpg,follow_up,50.0,male,lower extremity
HAM_0007339,ISIC_0031536,nv,0,HAM10000_images_part_2/ISIC_0031536.jpg,follow_up,50.0,male,upper extremity
HAM_0007320,ISIC_0026780,nv,0,HAM10000_images_part_1/ISIC_0026780.jpg,follow_up,50.0,male,upper extremity
HAM_0003093,ISIC_0025218,nv,0,HAM10000_images_part_1/ISIC_0025218.jpg,follow_up,50.0,male,trunk
HAM_0002108,ISIC_0025457,nv,0,HAM10000_images_part_1/ISIC_0025457.jpg,follow_up,50.0,male,abdomen
HAM_0003227,ISIC_0029594,nv,0,HAM10000_images_part_2/ISIC_0029594.jpg,follow_up,50.0,male,back
HAM_0005508,ISIC_0032060,nv,0,HAM10000_images_part_2/ISIC_0032060.jpg,follow_up,50.0,male,upper extremity
HAM_0001180,ISIC_0029303,nv,0,HAM10000_images_part_1/ISIC_0029303.jpg,follow_up,50.0,male,trunk
HAM_0002943,ISIC_0026054,nv,0,HAM10000_images_part_1/ISIC_0026054.jpg,follow_up,50.0,male,lower extremity
HAM_0000256,ISIC_0029347,nv,0,HAM10000_images_part_2/ISIC_0029347.jpg,follow_up,50.0,male,back
HAM_0006678,ISIC_0028727,nv,0,HAM10000_images_part_1/ISIC_0028727.jpg,follow_up,50.0,male,trunk
HAM_0002202,ISIC_0027315,nv,0,HAM10000_images_part_1/ISIC_0027315.jpg,follow_up,50.0,male,trunk
HAM_0001287,ISIC_0024535,nv,0,HAM10000_images_part_1/ISIC_0024535.jpg,follow_up,50.0,male,back
HAM_0004408,ISIC_0026824,nv,0,HAM10000_images_part_1/ISIC_0026824.jpg,follow_up,50.0,male,foot
HAM_0000128,ISIC_0024968,nv,0,HAM10000_images_part_1/ISIC_0024968.jpg,follow_up,50.0,male,foot
HAM_0006653,ISIC_0025320,nv,0,HAM10000_images_part_1/ISIC_0025320.jpg,follow_up,45.0,male,trunk
HAM_0004290,ISIC_0031184,nv,0,HAM10000_images_part_2/ISIC_0031184.jpg,follow_up,40.0,female,upper extremity
HAM_0001587,ISIC_0024828,nv,0,HAM10000_images_part_1/ISIC_0024828.jpg,follow_up,60.0,male,back
HAM_0005775,ISIC_0027725,nv,0,HAM10000_images_part_1/ISIC_0027725.jpg,follow_up,45.0,male,abdomen
HAM_0004140,ISIC_0028298,nv,0,HAM10000_images_part_1/ISIC_0028298.jpg,follow_up,45.0,male,upper extremity
HAM_0001965,ISIC_0031269,nv,0,HAM10000_images_part_2/ISIC_0031269.jpg,follow_up,40.0,female,trunk
HAM_0007193,ISIC_0025398,nv,0,HAM10000_images_part_1/ISIC_0025398.jpg,follow_up,45.0,male,trunk
HAM_0001065,ISIC_0030035,nv,0,HAM10000_images_part_2/ISIC_0030035.jpg,follow_up,40.0,female,lower extremity
HAM_0004513,ISIC_0026011,nv,0,HAM10000_images_part_1/ISIC_0026011.jpg,follow_up,45.0,male,trunk
HAM_0003646,ISIC_0026518,nv,0,HAM10000_images_part_1/ISIC_0026518.jpg,follow_up,45.0,male,trunk
HAM_0006998,ISIC_0030993,nv,0,HAM10000_images_part_2/ISIC_0030993.jpg,follow_up,45.0,male,lower extremity
HAM_0002180,ISIC_0027479,nv,0,HAM10000_images_part_1/ISIC_0027479.jpg,follow_up,45.0,male,lower extremity
HAM_0003396,ISIC_0031068,nv,0,HAM10000_images_part_2/ISIC_0031068.jpg,follow_up,45.0,male,lower extremity
HAM_0002925,ISIC_0025338,nv,0,HAM10000_images_part_1/ISIC_0025338.jpg,follow_up,60.0,female,lower extremity
HAM_0001263,ISIC_0031463,nv,0,HAM10000_images_part_2/ISIC_0031463.jpg,follow_up,45.0,male,back
HAM_0003711,ISIC_0024896,nv,0,HAM10000_images_part_1/ISIC_0024896.jpg,follow_up,45.0,male,foot
HAM_0004124,ISIC_0029153,nv,0,HAM10000_images_part_1/ISIC_0029153.jpg,follow_up,55.0,male,lower extremity
HAM_0005093,ISIC_0030517,nv,0,HAM10000_images_part_2/ISIC_0030517.jpg,follow_up,55.0,male,back
HAM_0002514,ISIC_0026768,nv,0,HAM10000_images_part_1/ISIC_0026768.jpg,follow_up,55.0,male,lower extremity
HAM_0005853,ISIC_0029569,nv,0,HAM10000_images_part_2/ISIC_0029569.jpg,follow_up,55.0,male,lower extremity
HAM_0006224,ISIC_0029351,nv,0,HAM10000_images_part_2/ISIC_0029351.jpg,follow_up,55.0,male,abdomen
HAM_0000984,ISIC_0024376,nv,0,HAM10000_images_part_1/ISIC_0024376.jpg,follow_up,45.0,male,trunk
HAM_0005487,ISIC_0031486,nv,0,HAM10000_images_part_2/ISIC_0031486.jpg,follow_up,45.0,male,upper extremity
HAM_0006498,ISIC_0028446,nv,0,HAM10000_images_part_1/ISIC_0028446.jpg,follow_up,45.0,male,lower extremity
HAM_0007316,ISIC_0031895,nv,0,HAM10000_images_part_2/ISIC_0031895.jpg,follow_up,50.0,female,upper extremity
HAM_0005552,ISIC_0025723,nv,0,HAM10000_images_part_1/ISIC_0025723.jpg,follow_up,35.0,male,back
HAM_0005823,ISIC_0024872,nv,0,HAM10000_images_part_1/ISIC_0024872.jpg,follow_up,55.0,male,upper extremity
HAM_0001270,ISIC_0031935,nv,0,HAM10000_images_part_2/ISIC_0031935.jpg,follow_up,55.0,male,trunk
HAM_0002112,ISIC_0030820,nv,0,HAM10000_images_part_2/ISIC_0030820.jpg,follow_up,55.0,male,upper extremity
HAM_0007236,ISIC_0027278,nv,0,HAM10000_images_part_1/ISIC_0027278.jpg,follow_up,55.0,male,lower extremity
HAM_0002753,ISIC_0026641,nv,0,HAM10000_images_part_1/ISIC_0026641.jpg,follow_up,55.0,male,lower extremity
HAM_0005252,ISIC_0028185,nv,0,HAM10000_images_part_1/ISIC_0028185.jpg,follow_up,55.0,male,lower extremity
HAM_0005407,ISIC_0028090,nv,0,HAM10000_images_part_1/ISIC_0028090.jpg,follow_up,55.0,male,lower extremity
HAM_0000381,ISIC_0030148,nv,0,HAM10000_images_part_2/ISIC_0030148.jpg,follow_up,55.0,male,back
HAM_0001149,ISIC_0028924,nv,0,HAM10000_images_part_1/ISIC_0028924.jpg,follow_up,55.0,male,upper extremity
HAM_0000742,ISIC_0032048,nv,0,HAM10000_images_part_2/ISIC_0032048.jpg,follow_up,55.0,male,trunk
HAM_0002221,ISIC_0026255,nv,0,HAM10000_images_part_1/ISIC_0026255.jpg,follow_up,55.0,male,lower extremity
HAM_0001530,ISIC_0030013,nv,0,HAM10000_images_part_2/ISIC_0030013.jpg,follow_up,55.0,male,lower extremity
HAM_0000576,ISIC_0025585,nv,0,HAM10000_images_part_1/ISIC_0025585.jpg,follow_up,55.0,male,foot
HAM_0006362,ISIC_0030523,nv,0,HAM10000_images_part_2/ISIC_0030523.jpg,follow_up,55.0,male,lower extremity
HAM_0006178,ISIC_0031100,nv,0,HAM10000_images_part_2/ISIC_0031100.jpg,follow_up,55.0,male,lower extremity
HAM_0004264,ISIC_0031671,nv,0,HAM10000_images_part_2/ISIC_0031671.jpg,follow_up,55.0,male,lower extremity
HAM_0005103,ISIC_0025079,nv,0,HAM10000_images_part_1/ISIC_0025079.jpg,follow_up,55.0,male,foot
HAM_0001807,ISIC_0029637,nv,0,HAM10000_images_part_2/ISIC_0029637.jpg,follow_up,45.0,male,trunk
HAM_0006490,ISIC_0024979,nv,0,HAM10000_images_part_1/ISIC_0024979.jpg,follow_up,45.0,male,lower extremity
HAM_0006693,ISIC_0024462,nv,0,HAM10000_images_part_1/ISIC_0024462.jpg,follow_up,45.0,male,lower extremity
HAM_0005619,ISIC_0025415,nv,0,HAM10000_images_part_1/ISIC_0025415.jpg,follow_up,45.0,male,abdomen
HAM_0001103,ISIC_0030918,nv,0,HAM10000_images_part_2/ISIC_0030918.jpg,follow_up,45.0,male,upper extremity
HAM_0006715,ISIC_0025161,nv,0,HAM10000_images_part_1/ISIC_0025161.jpg,follow_up,20.0,male,trunk
HAM_0007391,ISIC_0031926,nv,0,HAM10000_images_part_2/ISIC_0031926.jpg,follow_up,55.0,female,trunk
HAM_0003189,ISIC_0027324,nv,0,HAM10000_images_part_1/ISIC_0027324.jpg,follow_up,45.0,female,lower extremity
HAM_0006242,ISIC_0030846,nv,0,HAM10000_images_part_2/ISIC_0030846.jpg,follow_up,45.0,female,trunk
HAM_0006992,ISIC_0029829,nv,0,HAM10000_images_part_2/ISIC_0029829.jpg,follow_up,60.0,male,abdomen
HAM_0002226,ISIC_0025407,nv,0,HAM10000_images_part_1/ISIC_0025407.jpg,follow_up,45.0,female,genital
HAM_0003323,ISIC_0031297,nv,0,HAM10000_images_part_2/ISIC_0031297.jpg,follow_up,45.0,female,lower extremity
HAM_0004481,ISIC_0032391,nv,0,HAM10000_images_part_2/ISIC_0032391.jpg,follow_up,45.0,female,lower extremity
HAM_0005044,ISIC_0032169,nv,0,HAM10000_images_part_2/ISIC_0032169.jpg,follow_up,45.0,female,lower extremity
HAM_0001391,ISIC_0024584,nv,0,HAM10000_images_part_1/ISIC_0024584.jpg,follow_up,45.0,female,back
HAM_0002151,ISIC_0029870,nv,0,HAM10000_images_part_2/ISIC_0029870.jpg,follow_up,65.0,male,abdomen
HAM_0006443,ISIC_0028164,nv,0,HAM10000_images_part_1/ISIC_0028164.jpg,follow_up,45.0,female,back
HAM_0000408,ISIC_0027000,nv,0,HAM10000_images_part_1/ISIC_0027000.jpg,follow_up,45.0,female,lower extremity
HAM_0004737,ISIC_0027221,nv,0,HAM10000_images_part_1/ISIC_0027221.jpg,follow_up,75.0,male,trunk
HAM_0006703,ISIC_0031833,nv,0,HAM10000_images_part_2/ISIC_0031833.jpg,follow_up,45.0,female,lower extremity
HAM_0002748,ISIC_0028289,nv,0,HAM10000_images_part_1/ISIC_0028289.jpg,follow_up,45.0,female,lower extremity
HAM_0007230,ISIC_0031164,nv,0,HAM10000_images_part_2/ISIC_0031164.jpg,follow_up,30.0,female,abdomen
HAM_0005401,ISIC_0029998,nv,0,HAM10000_images_part_2/ISIC_0029998.jpg,follow_up,75.0,male,abdomen
HAM_0003020,ISIC_0031579,nv,0,HAM10000_images_part_2/ISIC_0031579.jpg,follow_up,75.0,male,back
HAM_0000047,ISIC_0027810,nv,0,HAM10000_images_part_1/ISIC_0027810.jpg,follow_up,50.0,female,trunk
HAM_0004951,ISIC_0026339,nv,0,HAM10000_images_part_1/ISIC_0026339.jpg,follow_up,50.0,female,trunk
HAM_0001629,ISIC_0032317,nv,0,HAM10000_images_part_2/ISIC_0032317.jpg,follow_up,50.0,female,trunk
HAM_0000526,ISIC_0029997,nv,0,HAM10000_images_part_2/ISIC_0029997.jpg,follow_up,5.0,male,upper extremity
HAM_0005661,ISIC_0025053,nv,0,HAM10000_images_part_1/ISIC_0025053.jpg,follow_up,50.0,female,abdomen
HAM_0001775,ISIC_0030338,nv,0,HAM10000_images_part_2/ISIC_0030338.jpg,follow_up,50.0,female,trunk
HAM_0006863,ISIC_0030907,nv,0,HAM10000_images_part_2/ISIC_0030907.jpg,follow_up,45.0,female,abdomen
HAM_0002508,ISIC_0030428,nv,0,HAM10000_images_part_2/ISIC_0030428.jpg,follow_up,50.0,female,lower extremity
HAM_0000797,ISIC_0026039,nv,0,HAM10000_images_part_1/ISIC_0026039.jpg,follow_up,50.0,female,lower extremity
HAM_0007378,ISIC_0025692,nv,0,HAM10000_images_part_1/ISIC_0025692.jpg,follow_up,45.0,female,lower extremity
HAM_0007183,ISIC_0030421,nv,0,HAM10000_images_part_2/ISIC_0030421.jpg,follow_up,45.0,female,trunk
HAM_0000647,ISIC_0029911,nv,0,HAM10000_images_part_2/ISIC_0029911.jpg,follow_up,45.0,female,upper extremity
HAM_0002924,ISIC_0030682,nv,0,HAM10000_images_part_2/ISIC_0030682.jpg,follow_up,45.0,female,trunk
HAM_0005725,ISIC_0027634,nv,0,HAM10000_images_part_1/ISIC_0027634.jpg,follow_up,60.0,female,abdomen
HAM_0001931,ISIC_0026755,nv,0,HAM10000_images_part_1/ISIC_0026755.jpg,follow_up,45.0,female,upper extremity
HAM_0001723,ISIC_0027784,nv,0,HAM10000_images_part_1/ISIC_0027784.jpg,follow_up,45.0,female,lower extremity
HAM_0001842,ISIC_0028359,nv,0,HAM10000_images_part_1/ISIC_0028359.jpg,follow_up,45.0,female,upper extremity
HAM_0001021,ISIC_0031332,nv,0,HAM10000_images_part_2/ISIC_0031332.jpg,follow_up,45.0,female,trunk
HAM_0002317,ISIC_0027268,nv,0,HAM10000_images_part_1/ISIC_0027268.jpg,follow_up,45.0,female,upper extremity
HAM_0007619,ISIC_0026948,nv,0,HAM10000_images_part_1/ISIC_0026948.jpg,follow_up,45.0,female,back
HAM_0003004,ISIC_0028889,nv,0,HAM10000_images_part_1/ISIC_0028889.jpg,follow_up,65.0,female,trunk
HAM_0001467,ISIC_0032501,nv,0,HAM10000_images_part_2/ISIC_0032501.jpg,follow_up,35.0,female,genital
HAM_0003524,ISIC_0028779,nv,0,HAM10000_images_part_1/ISIC_0028779.jpg,follow_up,65.0,female,abdomen
HAM_0006847,ISIC_0025095,nv,0,HAM10000_images_part_1/ISIC_0025095.jpg,follow_up,65.0,female,abdomen
HAM_0000785,ISIC_0027585,nv,0,HAM10000_images_part_1/ISIC_0027585.jpg,follow_up,55.0,female,neck
HAM_0000724,ISIC_0026038,nv,0,HAM10000_images_part_1/ISIC_0026038.jpg,follow_up,65.0,female,back
HAM_0003349,ISIC_0028917,nv,0,HAM10000_images_part_1/ISIC_0028917.jpg,follow_up,65.0,female,lower extremity
HAM_0003217,ISIC_0029888,nv,0,HAM10000_images_part_2/ISIC_0029888.jpg,follow_up,65.0,female,lower extremity
HAM_0005892,ISIC_0024861,nv,0,HAM10000_images_part_1/ISIC_0024861.jpg,follow_up,40.0,female,lower extremity
HAM_0005867,ISIC_0032387,nv,0,HAM10000_images_part_2/ISIC_0032387.jpg,follow_up,65.0,female,trunk
HAM_0004792,ISIC_0031604,nv,0,HAM10000_images_part_2/ISIC_0031604.jpg,follow_up,50.0,female,trunk
HAM_0001957,ISIC_0025593,nv,0,HAM10000_images_part_1/ISIC_0025593.jpg,follow_up,50.0,female,abdomen
HAM_0005690,ISIC_0025487,nv,0,HAM10000_images_part_1/ISIC_0025487.jpg,follow_up,50.0,female,lower extremity
HAM_0004538,ISIC_0029273,nv,0,HAM10000_images_part_1/ISIC_0029273.jpg,follow_up,50.0,female,upper extremity
HAM_0004395,ISIC_0025206,nv,0,HAM10000_images_part_1/ISIC_0025206.jpg,follow_up,50.0,female,trunk
HAM_0006778,ISIC_0030617,nv,0,HAM10000_images_part_2/ISIC_0030617.jpg,follow_up,50.0,female,abdomen
HAM_0001448,ISIC_0029496,nv,0,HAM10000_images_part_2/ISIC_0029496.jpg,follow_up,50.0,female,lower extremity
HAM_0005939,ISIC_0024327,nv,0,HAM10000_images_part_1/ISIC_0024327.jpg,follow_up,50.0,female,foot
HAM_0000776,ISIC_0027339,nv,0,HAM10000_images_part_1/ISIC_0027339.jpg,follow_up,50.0,female,lower extremity
HAM_0000472,ISIC_0028339,nv,0,HAM10000_images_part_1/ISIC_0028339.jpg,follow_up,50.0,female,back
HAM_0004419,ISIC_0031331,nv,0,HAM10000_images_part_2/ISIC_0031331.jpg,follow_up,50.0,female,trunk
HAM_0006920,ISIC_0025432,nv,0,HAM10000_images_part_1/ISIC_0025432.jpg,follow_up,50.0,female,trunk
HAM_0000598,ISIC_0026557,nv,0,HAM10000_images_part_1/ISIC_0026557.jpg,follow_up,50.0,female,back
HAM_0000323,ISIC_0027170,nv,0,HAM10000_images_part_1/ISIC_0027170.jpg,follow_up,50.0,male,back
HAM_0003250,ISIC_0031997,nv,0,HAM10000_images_part_2/ISIC_0031997.jpg,follow_up,50.0,female,lower extremity
HAM_0007244,ISIC_0030669,nv,0,HAM10000_images_part_2/ISIC_0030669.jpg,follow_up,40.0,male,abdomen
HAM_0002620,ISIC_0032490,nv,0,HAM10000_images_part_2/ISIC_0032490.jpg,follow_up,45.0,male,back
HAM_0007023,ISIC_0030642,nv,0,HAM10000_images_part_2/ISIC_0030642.jpg,follow_up,50.0,female,genital
HAM_0000692,ISIC_0025364,nv,0,HAM10000_images_part_1/ISIC_0025364.jpg,follow_up,50.0,female,lower extremity
HAM_0001049,ISIC_0027703,nv,0,HAM10000_images_part_1/ISIC_0027703.jpg,follow_up,50.0,female,trunk
HAM_0001662,ISIC_0030050,nv,0,HAM10000_images_part_2/ISIC_0030050.jpg,follow_up,50.0,female,upper extremity
HAM_0003729,ISIC_0026234,nv,0,HAM10000_images_part_1/ISIC_0026234.jpg,follow_up,50.0,female,trunk
HAM_0006395,ISIC_0025934,nv,0,HAM10000_images_part_1/ISIC_0025934.jpg,follow_up,50.0,female,lower extremity
HAM_0003665,ISIC_0030573,nv,0,HAM10000_images_part_2/ISIC_0030573.jpg,follow_up,50.0,female,lower extremity
HAM_0005647,ISIC_0027717,nv,0,HAM10000_images_part_1/ISIC_0027717.jpg,follow_up,50.0,male,upper extremity
HAM_0003064,ISIC_0029966,nv,0,HAM10000_images_part_2/ISIC_0029966.jpg,follow_up,40.0,male,upper extremity
HAM_0001117,ISIC_0027411,nv,0,HAM10000_images_part_1/ISIC_0027411.jpg,follow_up,40.0,male,upper extremity
HAM_0004863,ISIC_0024945,nv,0,HAM10000_images_part_1/ISIC_0024945.jpg,follow_up,40.0,male,abdomen
HAM_0000789,ISIC_0028932,nv,0,HAM10000_images_part_1/ISIC_0028932.jpg,follow_up,40.0,male,abdomen
HAM_0006132,ISIC_0027732,nv,0,HAM10000_images_part_1/ISIC_0027732.jpg,follow_up,45.0,female,back
HAM_0002775,ISIC_0024407,nv,0,HAM10000_images_part_1/ISIC_0024407.jpg,follow_up,40.0,male,back
HAM_0000532,ISIC_0025365,nv,0,HAM10000_images_part_1/ISIC_0025365.jpg,follow_up,45.0,female,foot
HAM_0007050,ISIC_0027160,nv,0,HAM10000_images_part_1/ISIC_0027160.jpg,follow_up,45.0,female,lower extremity
HAM_0006001,ISIC_0028395,nv,0,HAM10000_images_part_1/ISIC_0028395.jpg,follow_up,45.0,female,trunk
HAM_0004055,ISIC_0030287,nv,0,HAM10000_images_part_2/ISIC_0030287.jpg,follow_up,45.0,female,trunk
HAM_0004437,ISIC_0027316,nv,0,HAM10000_images_part_1/ISIC_0027316.jpg,follow_up,45.0,female,trunk
HAM_0001494,ISIC_0026621,nv,0,HAM10000_images_part_1/ISIC_0026621.jpg,follow_up,45.0,female,abdomen
HAM_0001367,ISIC_0029239,nv,0,HAM10000_images_part_1/ISIC_0029239.jpg,follow_up,45.0,female,abdomen
HAM_0004381,ISIC_0027426,nv,0,HAM10000_images_part_1/ISIC_0027426.jpg,follow_up,45.0,female,abdomen
HAM_0006962,ISIC_0025914,nv,0,HAM10000_images_part_1/ISIC_0025914.jpg,follow_up,45.0,female,abdomen
HAM_0003483,ISIC_0025501,nv,0,HAM10000_images_part_1/ISIC_0025501.jpg,follow_up,45.0,female,lower extremity
HAM_0004074,ISIC_0030599,nv,0,HAM10000_images_part_2/ISIC_0030599.jpg,follow_up,45.0,female,back
HAM_0001627,ISIC_0032153,nv,0,HAM10000_images_part_2/ISIC_0032153.jpg,follow_up,45.0,female,back
HAM_0000377,ISIC_0025201,nv,0,HAM10000_images_part_1/ISIC_0025201.jpg,follow_up,45.0,female,trunk
HAM_0005134,ISIC_0029523,nv,0,HAM10000_images_part_2/ISIC_0029523.jpg,follow_up,45.0,female,back
HAM_0002994,ISIC_0027836,nv,0,HAM10000_images_part_1/ISIC_0027836.jpg,follow_up,50.0,female,back
HAM_0002651,ISIC_0028682,nv,0,HAM10000_images_part_1/ISIC_0028682.jpg,follow_up,25.0,female,trunk
HAM_0003883,ISIC_0029112,nv,0,HAM10000_images_part_1/ISIC_0029112.jpg,follow_up,25.0,female,lower extremity
HAM_0003344,ISIC_0026399,nv,0,HAM10000_images_part_1/ISIC_0026399.jpg,follow_up,35.0,female,abdomen
HAM_0005226,ISIC_0029290,nv,0,HAM10000_images_part_1/ISIC_0029290.jpg,follow_up,45.0,female,lower extremity
HAM_0007294,ISIC_0025749,nv,0,HAM10000_images_part_1/ISIC_0025749.jpg,follow_up,55.0,male,back
HAM_0000572,ISIC_0025224,nv,0,HAM10000_images_part_1/ISIC_0025224.jpg,follow_up,55.0,male,trunk
HAM_0003463,ISIC_0031388,nv,0,HAM10000_images_part_2/ISIC_0031388.jpg,follow_up,55.0,male,abdomen
HAM_0004169,ISIC_0028482,nv,0,HAM10000_images_part_1/ISIC_0028482.jpg,follow_up,55.0,male,abdomen
HAM_0005753,ISIC_0028034,nv,0,HAM10000_images_part_1/ISIC_0028034.jpg,follow_up,55.0,male,abdomen
HAM_0005863,ISIC_0029336,nv,0,HAM10000_images_part_2/ISIC_0029336.jpg,follow_up,55.0,male,abdomen
HAM_0002853,ISIC_0027429,nv,0,HAM10000_images_part_1/ISIC_0027429.jpg,follow_up,55.0,male,foot
HAM_0002773,ISIC_0028690,nv,0,HAM10000_images_part_1/ISIC_0028690.jpg,follow_up,55.0,male,trunk
HAM_0006507,ISIC_0026585,nv,0,HAM10000_images_part_1/ISIC_0026585.jpg,follow_up,55.0,male,trunk
HAM_0003148,ISIC_0025353,nv,0,HAM10000_images_part_1/ISIC_0025353.jpg,follow_up,55.0,male,trunk
HAM_0005806,ISIC_0024980,nv,0,HAM10000_images_part_1/ISIC_0024980.jpg,follow_up,55.0,male,back
HAM_0002466,ISIC_0030128,nv,0,HAM10000_images_part_2/ISIC_0030128.jpg,follow_up,30.0,female,back
HAM_0000101,ISIC_0032100,nv,0,HAM10000_images_part_2/ISIC_0032100.jpg,follow_up,75.0,female,abdomen
HAM_0005072,ISIC_0031632,nv,0,HAM10000_images_part_2/ISIC_0031632.jpg,follow_up,75.0,female,trunk
HAM_0001915,ISIC_0025813,nv,0,HAM10000_images_part_1/ISIC_0025813.jpg,follow_up,50.0,male,trunk
HAM_0000015,ISIC_0031453,nv,0,HAM10000_images_part_2/ISIC_0031453.jpg,follow_up,50.0,male,trunk
HAM_0002539,ISIC_0027422,nv,0,HAM10000_images_part_1/ISIC_0027422.jpg,follow_up,55.0,female,back
HAM_0001590,ISIC_0025722,nv,0,HAM10000_images_part_1/ISIC_0025722.jpg,follow_up,50.0,male,lower extremity
HAM_0002624,ISIC_0028282,nv,0,HAM10000_images_part_1/ISIC_0028282.jpg,follow_up,50.0,male,foot
HAM_0003560,ISIC_0028136,nv,0,HAM10000_images_part_1/ISIC_0028136.jpg,follow_up,60.0,male,abdomen
HAM_0006532,ISIC_0026435,nv,0,HAM10000_images_part_1/ISIC_0026435.jpg,follow_up,50.0,female,abdomen
HAM_0000303,ISIC_0026476,nv,0,HAM10000_images_part_1/ISIC_0026476.jpg,follow_up,50.0,female,lower extremity
HAM_0007065,ISIC_0031773,nv,0,HAM10000_images_part_2/ISIC_0031773.jpg,follow_up,50.0,female,abdomen
HAM_0006544,ISIC_0031881,nv,0,HAM10000_images_part_2/ISIC_0031881.jpg,follow_up,50.0,female,lower extremity
HAM_0003654,ISIC_0026283,nv,0,HAM10000_images_part_1/ISIC_0026283.jpg,follow_up,50.0,female,trunk
HAM_0002632,ISIC_0029943,nv,0,HAM10000_images_part_2/ISIC_0029943.jpg,follow_up,50.0,female,genital
HAM_0005046,ISIC_0029561,nv,0,HAM10000_images_part_2/ISIC_0029561.jpg,follow_up,50.0,female,back
HAM_0000327,ISIC_0026682,nv,0,HAM10000_images_part_1/ISIC_0026682.jpg,follow_up,50.0,female,trunk
HAM_0004828,ISIC_0028848,nv,0,HAM10000_images_part_1/ISIC_0028848.jpg,follow_up,50.0,female,lower extremity
HAM_0003382,ISIC_0028862,nv,0,HAM10000_images_part_1/ISIC_0028862.jpg,follow_up,50.0,female,lower extremity
HAM_0004623,ISIC_0024746,nv,0,HAM10000_images_part_1/ISIC_0024746.jpg,follow_up,50.0,male,abdomen
HAM_0004929,ISIC_0029044,nv,0,HAM10000_images_part_1/ISIC_0029044.jpg,follow_up,50.0,male,abdomen
HAM_0004890,ISIC_0028054,nv,0,HAM10000_images_part_1/ISIC_0028054.jpg,follow_up,50.0,male,trunk
HAM_0000219,ISIC_0030550,nv,0,HAM10000_images_part_2/ISIC_0030550.jpg,follow_up,50.0,male,lower extremity
HAM_0002918,ISIC_0031704,nv,0,HAM10000_images_part_2/ISIC_0031704.jpg,follow_up,35.0,female,abdomen
HAM_0002896,ISIC_0030235,nv,0,HAM10000_images_part_2/ISIC_0030235.jpg,follow_up,35.0,female,lower extremity
HAM_0005142,ISIC_0031701,nv,0,HAM10000_images_part_2/ISIC_0031701.jpg,follow_up,75.0,male,trunk
HAM_0006228,ISIC_0028594,nv,0,HAM10000_images_part_1/ISIC_0028594.jpg,follow_up,35.0,female,genital
HAM_0000329,ISIC_0031185,nv,0,HAM10000_images_part_2/ISIC_0031185.jpg,follow_up,35.0,female,back
HAM_0004657,ISIC_0024369,nv,0,HAM10000_images_part_1/ISIC_0024369.jpg,follow_up,60.0,male,trunk
HAM_0003704,ISIC_0029463,nv,0,HAM10000_images_part_2/ISIC_0029463.jpg,follow_up,35.0,female,lower extremity
HAM_0006537,ISIC_0029815,nv,0,HAM10000_images_part_2/ISIC_0029815.jpg,follow_up,35.0,female,lower extremity
HAM_0000629,ISIC_0029008,nv,0,HAM10000_images_part_1/ISIC_0029008.jpg,follow_up,45.0,male,abdomen
HAM_0001987,ISIC_0024636,nv,0,HAM10000_images_part_1/ISIC_0024636.jpg,follow_up,45.0,male,abdomen
HAM_0003238,ISIC_0031157,nv,0,HAM10000_images_part_2/ISIC_0031157.jpg,follow_up,45.0,male,trunk
HAM_0006177,ISIC_0031234,nv,0,HAM10000_images_part_2/ISIC_0031234.jpg,follow_up,45.0,male,trunk
HAM_0007336,ISIC_0024544,nv,0,HAM10000_images_part_1/ISIC_0024544.jpg,follow_up,45.0,male,back
HAM_0005055,ISIC_0030903,nv,0,HAM10000_images_part_2/ISIC_0030903.jpg,follow_up,45.0,male,trunk
HAM_0001322,ISIC_0028962,nv,0,HAM10000_images_part_1/ISIC_0028962.jpg,follow_up,45.0,male,back
HAM_0002387,ISIC_0030292,nv,0,HAM10000_images_part_2/ISIC_0030292.jpg,follow_up,45.0,male,back
HAM_0007204,ISIC_0025205,nv,0,HAM10000_images_part_1/ISIC_0025205.jpg,follow_up,45.0,female,lower extremity
HAM_0005810,ISIC_0030469,nv,0,HAM10000_images_part_2/ISIC_0030469.jpg,follow_up,45.0,female,back
HAM_0007155,ISIC_0025056,nv,0,HAM10000_images_part_1/ISIC_0025056.jpg,follow_up,45.0,female,upper extremity
HAM_0000912,ISIC_0026232,nv,0,HAM10000_images_part_1/ISIC_0026232.jpg,follow_up,45.0,female,abdomen
HAM_0005279,ISIC_0030322,nv,0,HAM10000_images_part_2/ISIC_0030322.jpg,follow_up,45.0,female,lower extremity
HAM_0000631,ISIC_0030885,nv,0,HAM10000_images_part_2/ISIC_0030885.jpg,follow_up,45.0,female,trunk
HAM_0002704,ISIC_0031638,nv,0,HAM10000_images_part_2/ISIC_0031638.jpg,follow_up,45.0,female,lower extremity
HAM_0000429,ISIC_0026562,nv,0,HAM10000_images_part_1/ISIC_0026562.jpg,follow_up,45.0,female,lower extremity
HAM_0004710,ISIC_0028270,nv,0,HAM10000_images_part_1/ISIC_0028270.jpg,follow_up,45.0,female,upper extremity
HAM_0003063,ISIC_0027576,nv,0,HAM10000_images_part_1/ISIC_0027576.jpg,follow_up,45.0,female,lower extremity
HAM_0002495,ISIC_0031330,nv,0,HAM10000_images_part_2/ISIC_0031330.jpg,follow_up,45.0,female,lower extremity
HAM_0001675,ISIC_0024433,nv,0,HAM10000_images_part_1/ISIC_0024433.jpg,follow_up,40.0,female,lower extremity
HAM_0000529,ISIC_0030540,nv,0,HAM10000_images_part_2/ISIC_0030540.jpg,follow_up,45.0,female,upper extremity
HAM_0003438,ISIC_0031151,nv,0,HAM10000_images_part_2/ISIC_0031151.jpg,follow_up,45.0,female,trunk
HAM_0007369,ISIC_0024593,nv,0,HAM10000_images_part_1/ISIC_0024593.jpg,follow_up,45.0,female,trunk
HAM_0005454,ISIC_0029184,nv,0,HAM10000_images_part_1/ISIC_0029184.jpg,follow_up,45.0,female,trunk
HAM_0002294,ISIC_0025221,nv,0,HAM10000_images_part_1/ISIC_0025221.jpg,follow_up,45.0,female,abdomen
HAM_0003636,ISIC_0027124,nv,0,HAM10000_images_part_1/ISIC_0027124.jpg,follow_up,45.0,female,abdomen
HAM_0004046,ISIC_0032366,nv,0,HAM10000_images_part_2/ISIC_0032366.jpg,follow_up,50.0,male,trunk
HAM_0002276,ISIC_0025366,bkl,0,HAM10000_images_part_1/ISIC_0025366.jpg,consensus,50.0,female,trunk
HAM_0002066,ISIC_0030936,nv,0,HAM10000_images_part_2/ISIC_0030936.jpg,follow_up,45.0,female,back
HAM_0000966,ISIC_0030168,nv,0,HAM10000_images_part_2/ISIC_0030168.jpg,follow_up,45.0,female,trunk
HAM_0004489,ISIC_0031229,nv,0,HAM10000_images_part_2/ISIC_0031229.jpg,follow_up,45.0,female,back
HAM_0006909,ISIC_0031777,nv,0,HAM10000_images_part_2/ISIC_0031777.jpg,follow_up,45.0,female,lower extremity
HAM_0000642,ISIC_0026520,nv,0,HAM10000_images_part_1/ISIC_0026520.jpg,follow_up,45.0,female,lower extremity
HAM_0006969,ISIC_0028007,nv,0,HAM10000_images_part_1/ISIC_0028007.jpg,follow_up,45.0,female,lower extremity
HAM_0004744,ISIC_0024692,nv,0,HAM10000_images_part_1/ISIC_0024692.jpg,follow_up,45.0,female,abdomen
HAM_0003048,ISIC_0030729,nv,0,HAM10000_images_part_2/ISIC_0030729.jpg,follow_up,45.0,female,trunk
HAM_0006662,ISIC_0030457,nv,0,HAM10000_images_part_2/ISIC_0030457.jpg,follow_up,45.0,female,genital
HAM_0003008,ISIC_0029729,nv,0,HAM10000_images_part_2/ISIC_0029729.jpg,follow_up,75.0,female,lower extremity
HAM_0000148,ISIC_0028768,nv,0,HAM10000_images_part_1/ISIC_0028768.jpg,follow_up,75.0,female,lower extremity
HAM_0006416,ISIC_0028137,nv,0,HAM10000_images_part_1/ISIC_0028137.jpg,follow_up,35.0,female,upper extremity
HAM_0001414,ISIC_0024473,nv,0,HAM10000_images_part_1/ISIC_0024473.jpg,follow_up,50.0,male,lower extremity
HAM_0002940,ISIC_0024791,nv,0,HAM10000_images_part_1/ISIC_0024791.jpg,follow_up,50.0,female,abdomen
HAM_0006166,ISIC_0028805,nv,0,HAM10000_images_part_1/ISIC_0028805.jpg,follow_up,50.0,female,abdomen
HAM_0000812,ISIC_0032442,nv,0,HAM10000_images_part_2/ISIC_0032442.jpg,follow_up,50.0,female,trunk
HAM_0007142,ISIC_0025255,nv,0,HAM10000_images_part_1/ISIC_0025255.jpg,follow_up,50.0,female,lower extremity
HAM_0004702,ISIC_0028462,nv,0,HAM10000_images_part_1/ISIC_0028462.jpg,follow_up,45.0,female,trunk
HAM_0000058,ISIC_0030302,nv,0,HAM10000_images_part_2/ISIC_0030302.jpg,follow_up,45.0,female,lower extremity
HAM_0004248,ISIC_0028812,nv,0,HAM10000_images_part_1/ISIC_0028812.jpg,follow_up,45.0,female,foot
HAM_0006270,ISIC_0031606,nv,0,HAM10000_images_part_2/ISIC_0031606.jpg,follow_up,55.0,female,lower extremity
HAM_0000132,ISIC_0032453,nv,0,HAM10000_images_part_2/ISIC_0032453.jpg,follow_up,70.0,male,abdomen
HAM_0005563,ISIC_0029784,nv,0,HAM10000_images_part_2/ISIC_0029784.jpg,follow_up,50.0,male,abdomen
HAM_0002302,ISIC_0029633,nv,0,HAM10000_images_part_2/ISIC_0029633.jpg,follow_up,50.0,male,trunk
HAM_0002266,ISIC_0027136,nv,0,HAM10000_images_part_1/ISIC_0027136.jpg,follow_up,50.0,male,back
HAM_0007512,ISIC_0028546,nv,0,HAM10000_images_part_1/ISIC_0028546.jpg,follow_up,50.0,male,lower extremity
HAM_0004803,ISIC_0030880,nv,0,HAM10000_images_part_2/ISIC_0030880.jpg,follow_up,55.0,male,lower extremity
HAM_0001307,ISIC_0025041,nv,0,HAM10000_images_part_1/ISIC_0025041.jpg,follow_up,55.0,male,abdomen
HAM_0000548,ISIC_0027763,nv,0,HAM10000_images_part_1/ISIC_0027763.jpg,follow_up,55.0,male,abdomen
HAM_0006901,ISIC_0026700,nv,0,HAM10000_images_part_1/ISIC_0026700.jpg,follow_up,55.0,male,abdomen
HAM_0002845,ISIC_0031319,nv,0,HAM10000_images_part_2/ISIC_0031319.jpg,follow_up,55.0,male,abdomen
HAM_0005462,ISIC_0028025,nv,0,HAM10000_images_part_1/ISIC_0028025.jpg,follow_up,55.0,male,abdomen
HAM_0006271,ISIC_0027572,nv,0,HAM10000_images_part_1/ISIC_0027572.jpg,follow_up,55.0,male,abdomen
HAM_0003341,ISIC_0027212,nv,0,HAM10000_images_part_1/ISIC_0027212.jpg,follow_up,55.0,male,lower extremity
HAM_0000053,ISIC_0030376,nv,0,HAM10000_images_part_2/ISIC_0030376.jpg,follow_up,55.0,male,back
HAM_0006332,ISIC_0029822,nv,0,HAM10000_images_part_2/ISIC_0029822.jpg,follow_up,35.0,female,abdomen
HAM_0005569,ISIC_0027932,nv,0,HAM10000_images_part_1/ISIC_0027932.jpg,follow_up,55.0,male,lower extremity
HAM_0005187,ISIC_0029385,nv,0,HAM10000_images_part_2/ISIC_0029385.jpg,follow_up,40.0,female,trunk
HAM_0006044,ISIC_0026986,nv,0,HAM10000_images_part_1/ISIC_0026986.jpg,follow_up,40.0,female,lower extremity
HAM_0003092,ISIC_0027301,nv,0,HAM10000_images_part_1/ISIC_0027301.jpg,follow_up,40.0,female,lower extremity
HAM_0006871,ISIC_0026836,nv,0,HAM10000_images_part_1/ISIC_0026836.jpg,follow_up,40.0,female,face
HAM_0000170,ISIC_0029918,nv,0,HAM10000_images_part_2/ISIC_0029918.jpg,follow_up,40.0,female,lower extremity
HAM_0004841,ISIC_0028694,nv,0,HAM10000_images_part_1/ISIC_0028694.jpg,follow_up,40.0,female,abdomen
HAM_0000339,ISIC_0025044,nv,0,HAM10000_images_part_1/ISIC_0025044.jpg,follow_up,40.0,female,abdomen
HAM_0000705,ISIC_0025508,nv,0,HAM10000_images_part_1/ISIC_0025508.jpg,follow_up,40.0,female,back
HAM_0002286,ISIC_0029876,nv,0,HAM10000_images_part_2/ISIC_0029876.jpg,follow_up,40.0,female,trunk
HAM_0004819,ISIC_0028975,nv,0,HAM10000_images_part_1/ISIC_0028975.jpg,follow_up,40.0,female,trunk
HAM_0001425,ISIC_0029701,nv,0,HAM10000_images_part_2/ISIC_0029701.jpg,follow_up,40.0,female,lower extremity
HAM_0006671,ISIC_0027843,nv,0,HAM10000_images_part_1/ISIC_0027843.jpg,follow_up,60.0,male,lower extremity
HAM_0000444,ISIC_0029118,nv,0,HAM10000_images_part_1/ISIC_0029118.jpg,follow_up,55.0,male,abdomen
HAM_0001523,ISIC_0028523,nv,0,HAM10000_images_part_1/ISIC_0028523.jpg,follow_up,55.0,male,lower extremity
HAM_0004790,ISIC_0030902,nv,0,HAM10000_images_part_2/ISIC_0030902.jpg,follow_up,35.0,female,trunk
HAM_0002359,ISIC_0024863,nv,0,HAM10000_images_part_1/ISIC_0024863.jpg,follow_up,55.0,male,neck
HAM_0002889,ISIC_0030774,nv,0,HAM10000_images_part_2/ISIC_0030774.jpg,follow_up,55.0,male,lower extremity
HAM_0000925,ISIC_0030041,nv,0,HAM10000_images_part_2/ISIC_0030041.jpg,follow_up,45.0,female,abdomen
HAM_0006568,ISIC_0025615,nv,0,HAM10000_images_part_1/ISIC_0025615.jpg,follow_up,45.0,female,abdomen
HAM_0000943,ISIC_0025900,nv,0,HAM10000_images_part_1/ISIC_0025900.jpg,follow_up,45.0,female,lower extremity
HAM_0006691,ISIC_0030797,nv,0,HAM10000_images_part_2/ISIC_0030797.jpg,follow_up,55.0,male,lower extremity
HAM_0006809,ISIC_0031690,nv,0,HAM10000_images_part_2/ISIC_0031690.jpg,follow_up,40.0,male,abdomen
HAM_0000574,ISIC_0026936,nv,0,HAM10000_images_part_1/ISIC_0026936.jpg,follow_up,45.0,female,face
HAM_0000539,ISIC_0024512,nv,0,HAM10000_images_part_1/ISIC_0024512.jpg,follow_up,45.0,male,lower extremity
HAM_0002741,ISIC_0027939,nv,0,HAM10000_images_part_1/ISIC_0027939.jpg,follow_up,45.0,female,abdomen
HAM_0004328,ISIC_0027164,nv,0,HAM10000_images_part_1/ISIC_0027164.jpg,follow_up,45.0,female,abdomen
HAM_0006812,ISIC_0024637,nv,0,HAM10000_images_part_1/ISIC_0024637.jpg,follow_up,55.0,female,trunk
HAM_0000649,ISIC_0027276,nv,0,HAM10000_images_part_1/ISIC_0027276.jpg,follow_up,40.0,female,abdomen
HAM_0001387,ISIC_0024879,nv,0,HAM10000_images_part_1/ISIC_0024879.jpg,follow_up,45.0,female,back
HAM_0000551,ISIC_0025120,nv,0,HAM10000_images_part_1/ISIC_0025120.jpg,follow_up,45.0,female,foot
HAM_0001918,ISIC_0031291,nv,0,HAM10000_images_part_2/ISIC_0031291.jpg,follow_up,45.0,female,back
HAM_0002961,ISIC_0031947,nv,0,HAM10000_images_part_2/ISIC_0031947.jpg,follow_up,45.0,female,lower extremity
HAM_0000120,ISIC_0030904,nv,0,HAM10000_images_part_2/ISIC_0030904.jpg,follow_up,55.0,male,lower extremity
HAM_0003080,ISIC_0024868,nv,0,HAM10000_images_part_1/ISIC_0024868.jpg,follow_up,55.0,male,trunk
HAM_0004613,ISIC_0031938,nv,0,HAM10000_images_part_2/ISIC_0031938.jpg,follow_up,60.0,male,trunk
HAM_0003502,ISIC_0027290,nv,0,HAM10000_images_part_1/ISIC_0027290.jpg,follow_up,60.0,male,trunk
HAM_0004707,ISIC_0029386,nv,0,HAM10000_images_part_2/ISIC_0029386.jpg,follow_up,60.0,male,trunk
HAM_0005797,ISIC_0027220,nv,0,HAM10000_images_part_1/ISIC_0027220.jpg,follow_up,60.0,male,abdomen
HAM_0004286,ISIC_0029410,nv,0,HAM10000_images_part_2/ISIC_0029410.jpg,follow_up,60.0,male,abdomen
HAM_0001314,ISIC_0029675,nv,0,HAM10000_images_part_2/ISIC_0029675.jpg,follow_up,60.0,male,upper extremity
HAM_0004786,ISIC_0029751,nv,0,HAM10000_images_part_2/ISIC_0029751.jpg,follow_up,75.0,male,back
HAM_0007618,ISIC_0030293,nv,0,HAM10000_images_part_2/ISIC_0030293.jpg,follow_up,60.0,male,trunk
HAM_0004253,ISIC_0031035,nv,0,HAM10000_images_part_2/ISIC_0031035.jpg,follow_up,60.0,male,lower extremity
HAM_0001804,ISIC_0029604,nv,0,HAM10000_images_part_2/ISIC_0029604.jpg,follow_up,45.0,female,foot
HAM_0001449,ISIC_0028967,nv,0,HAM10000_images_part_1/ISIC_0028967.jpg,follow_up,45.0,female,foot
HAM_0000867,ISIC_0028044,nv,0,HAM10000_images_part_1/ISIC_0028044.jpg,follow_up,45.0,female,abdomen
HAM_0002662,ISIC_0031572,nv,0,HAM10000_images_part_2/ISIC_0031572.jpg,follow_up,45.0,female,abdomen
HAM_0001392,ISIC_0030411,nv,0,HAM10000_images_part_2/ISIC_0030411.jpg,follow_up,45.0,female,lower extremity
HAM_0006817,ISIC_0030269,nv,0,HAM10000_images_part_2/ISIC_0030269.jpg,follow_up,65.0,female,upper extremity
HAM_0004851,ISIC_0031219,nv,0,HAM10000_images_part_2/ISIC_0031219.jpg,follow_up,40.0,female,lower extremity
HAM_0004263,ISIC_0031781,nv,0,HAM10000_images_part_2/ISIC_0031781.jpg,follow_up,40.0,male,trunk
HAM_0002124,ISIC_0025175,nv,0,HAM10000_images_part_1/ISIC_0025175.jpg,follow_up,50.0,female,upper extremity
HAM_0000958,ISIC_0028175,nv,0,HAM10000_images_part_1/ISIC_0028175.jpg,follow_up,45.0,male,lower extremity
HAM_0000427,ISIC_0025444,nv,0,HAM10000_images_part_1/ISIC_0025444.jpg,follow_up,50.0,female,upper extremity
HAM_0001504,ISIC_0025274,nv,0,HAM10000_images_part_1/ISIC_0025274.jpg,follow_up,45.0,male,upper extremity
HAM_0000729,ISIC_0030120,nv,0,HAM10000_images_part_2/ISIC_0030120.jpg,follow_up,45.0,male,trunk
HAM_0000038,ISIC_0026057,nv,0,HAM10000_images_part_1/ISIC_0026057.jpg,follow_up,45.0,male,trunk
HAM_0001231,ISIC_0025878,nv,0,HAM10000_images_part_1/ISIC_0025878.jpg,follow_up,45.0,male,trunk
HAM_0002111,ISIC_0031534,nv,0,HAM10000_images_part_2/ISIC_0031534.jpg,follow_up,45.0,male,abdomen
HAM_0000446,ISIC_0025613,nv,0,HAM10000_images_part_1/ISIC_0025613.jpg,follow_up,45.0,male,abdomen
HAM_0004826,ISIC_0027564,nv,0,HAM10000_images_part_1/ISIC_0027564.jpg,follow_up,45.0,male,genital
HAM_0006774,ISIC_0025256,nv,0,HAM10000_images_part_1/ISIC_0025256.jpg,follow_up,45.0,male,upper extremity
HAM_0006661,ISIC_0026465,nv,0,HAM10000_images_part_1/ISIC_0026465.jpg,follow_up,45.0,male,trunk
HAM_0003960,ISIC_0026256,nv,0,HAM10000_images_part_1/ISIC_0026256.jpg,follow_up,45.0,male,back
HAM_0007209,ISIC_0028365,nv,0,HAM10000_images_part_1/ISIC_0028365.jpg,follow_up,45.0,male,back
HAM_0005037,ISIC_0028108,nv,0,HAM10000_images_part_1/ISIC_0028108.jpg,follow_up,45.0,male,lower extremity
HAM_0004861,ISIC_0031153,nv,0,HAM10000_images_part_2/ISIC_0031153.jpg,follow_up,35.0,male,upper extremity
HAM_0001260,ISIC_0024421,nv,0,HAM10000_images_part_1/ISIC_0024421.jpg,follow_up,35.0,male,lower extremity
HAM_0005236,ISIC_0026366,nv,0,HAM10000_images_part_1/ISIC_0026366.jpg,follow_up,35.0,male,lower extremity
HAM_0006649,ISIC_0031995,nv,0,HAM10000_images_part_2/ISIC_0031995.jpg,follow_up,35.0,male,lower extremity
HAM_0002013,ISIC_0026168,nv,0,HAM10000_images_part_1/ISIC_0026168.jpg,follow_up,35.0,male,abdomen
HAM_0001572,ISIC_0028933,nv,0,HAM10000_images_part_1/ISIC_0028933.jpg,follow_up,35.0,male,lower extremity
HAM_0001554,ISIC_0030836,nv,0,HAM10000_images_part_2/ISIC_0030836.jpg,follow_up,35.0,male,back
HAM_0005104,ISIC_0030204,nv,0,HAM10000_images_part_2/ISIC_0030204.jpg,follow_up,35.0,male,back
HAM_0000768,ISIC_0028242,nv,0,HAM10000_images_part_1/ISIC_0028242.jpg,follow_up,35.0,male,back
HAM_0002260,ISIC_0028699,nv,0,HAM10000_images_part_1/ISIC_0028699.jpg,follow_up,35.0,male,lower extremity
HAM_0005229,ISIC_0030003,nv,0,HAM10000_images_part_2/ISIC_0030003.jpg,follow_up,35.0,male,lower extremity
HAM_0006859,ISIC_0032321,nv,0,HAM10000_images_part_2/ISIC_0032321.jpg,follow_up,35.0,male,lower extremity
HAM_0002474,ISIC_0030658,nv,0,HAM10000_images_part_2/ISIC_0030658.jpg,follow_up,50.0,male,trunk
HAM_0007492,ISIC_0032193,nv,0,HAM10000_images_part_2/ISIC_0032193.jpg,follow_up,35.0,male,lower extremity
HAM_0002464,ISIC_0030566,nv,0,HAM10000_images_part_2/ISIC_0030566.jpg,follow_up,35.0,male,lower extremity
HAM_0001431,ISIC_0028142,nv,0,HAM10000_images_part_1/ISIC_0028142.jpg,follow_up,35.0,male,lower extremity
HAM_0004080,ISIC_0028613,nv,0,HAM10000_images_part_1/ISIC_0028613.jpg,follow_up,35.0,male,lower extremity
HAM_0003457,ISIC_0024887,nv,0,HAM10000_images_part_1/ISIC_0024887.jpg,follow_up,35.0,male,lower extremity
HAM_0006261,ISIC_0028466,nv,0,HAM10000_images_part_1/ISIC_0028466.jpg,follow_up,50.0,female,abdomen
HAM_0001336,ISIC_0028935,nv,0,HAM10000_images_part_1/ISIC_0028935.jpg,follow_up,50.0,female,upper extremity
HAM_0002900,ISIC_0024985,nv,0,HAM10000_images_part_1/ISIC_0024985.jpg,follow_up,75.0,female,trunk
HAM_0003145,ISIC_0026136,nv,0,HAM10000_images_part_1/ISIC_0026136.jpg,follow_up,75.0,male,neck
HAM_0004009,ISIC_0024856,nv,0,HAM10000_images_part_1/ISIC_0024856.jpg,follow_up,75.0,male,lower extremity
HAM_0000748,ISIC_0024598,nv,0,HAM10000_images_part_1/ISIC_0024598.jpg,follow_up,75.0,male,abdomen
HAM_0005864,ISIC_0025054,nv,0,HAM10000_images_part_1/ISIC_0025054.jpg,follow_up,75.0,male,trunk
HAM_0003611,ISIC_0031699,nv,0,HAM10000_images_part_2/ISIC_0031699.jpg,follow_up,75.0,male,hand
HAM_0005225,ISIC_0031213,nv,0,HAM10000_images_part_2/ISIC_0031213.jpg,follow_up,75.0,male,back
HAM_0007323,ISIC_0031038,nv,0,HAM10000_images_part_2/ISIC_0031038.jpg,follow_up,75.0,male,back
HAM_0002038,ISIC_0032337,nv,0,HAM10000_images_part_2/ISIC_0032337.jpg,follow_up,75.0,male,back
HAM_0002531,ISIC_0027467,nv,0,HAM10000_images_part_1/ISIC_0027467.jpg,follow_up,35.0,female,trunk
HAM_0006641,ISIC_0026659,nv,0,HAM10000_images_part_1/ISIC_0026659.jpg,follow_up,40.0,female,back
HAM_0002283,ISIC_0028869,nv,0,HAM10000_images_part_1/ISIC_0028869.jpg,follow_up,40.0,female,lower extremity
HAM_0005495,ISIC_0028775,nv,0,HAM10000_images_part_1/ISIC_0028775.jpg,follow_up,50.0,male,trunk
HAM_0000232,ISIC_0029950,nv,0,HAM10000_images_part_2/ISIC_0029950.jpg,follow_up,50.0,male,foot
HAM_0000235,ISIC_0025910,nv,0,HAM10000_images_part_1/ISIC_0025910.jpg,follow_up,50.0,male,lower extremity
HAM_0002949,ISIC_0030761,nv,0,HAM10000_images_part_2/ISIC_0030761.jpg,follow_up,80.0,male,lower extremity
HAM_0002505,ISIC_0031402,nv,0,HAM10000_images_part_2/ISIC_0031402.jpg,follow_up,35.0,female,abdomen
HAM_0001241,ISIC_0031461,nv,0,HAM10000_images_part_2/ISIC_0031461.jpg,follow_up,35.0,female,trunk
HAM_0006428,ISIC_0030862,nv,0,HAM10000_images_part_2/ISIC_0030862.jpg,follow_up,35.0,female,upper extremity
HAM_0007469,ISIC_0030049,nv,0,HAM10000_images_part_2/ISIC_0030049.jpg,follow_up,35.0,female,trunk
HAM_0005035,ISIC_0025536,nv,0,HAM10000_images_part_1/ISIC_0025536.jpg,follow_up,35.0,female,trunk
HAM_0001188,ISIC_0032162,nv,0,HAM10000_images_part_2/ISIC_0032162.jpg,follow_up,35.0,female,abdomen
HAM_0004013,ISIC_0026021,nv,0,HAM10000_images_part_1/ISIC_0026021.jpg,follow_up,35.0,female,lower extremity
HAM_0003371,ISIC_0030957,nv,0,HAM10000_images_part_2/ISIC_0030957.jpg,follow_up,35.0,female,back
HAM_0003131,ISIC_0025833,nv,0,HAM10000_images_part_1/ISIC_0025833.jpg,follow_up,35.0,female,trunk
HAM_0006956,ISIC_0030547,nv,0,HAM10000_images_part_2/ISIC_0030547.jpg,follow_up,35.0,female,lower extremity
HAM_0005182,ISIC_0031288,nv,0,HAM10000_images_part_2/ISIC_0031288.jpg,follow_up,35.0,female,lower extremity
HAM_0003576,ISIC_0027106,nv,0,HAM10000_images_part_1/ISIC_0027106.jpg,follow_up,45.0,male,lower extremity
HAM_0007465,ISIC_0031392,nv,0,HAM10000_images_part_2/ISIC_0031392.jpg,follow_up,45.0,male,back
HAM_0007266,ISIC_0031909,nv,0,HAM10000_images_part_2/ISIC_0031909.jpg,follow_up,45.0,male,lower extremity
HAM_0005066,ISIC_0030787,nv,0,HAM10000_images_part_2/ISIC_0030787.jpg,follow_up,45.0,male,lower extremity
HAM_0003536,ISIC_0028819,nv,0,HAM10000_images_part_1/ISIC_0028819.jpg,follow_up,45.0,male,back
HAM_0006792,ISIC_0026460,nv,0,HAM10000_images_part_1/ISIC_0026460.jpg,follow_up,45.0,male,trunk
HAM_0005598,ISIC_0029023,nv,0,HAM10000_images_part_1/ISIC_0029023.jpg,follow_up,45.0,male,abdomen
HAM_0005456,ISIC_0026960,nv,0,HAM10000_images_part_1/ISIC_0026960.jpg,follow_up,55.0,male,trunk
HAM_0000183,ISIC_0027764,nv,0,HAM10000_images_part_1/ISIC_0027764.jpg,follow_up,45.0,male,lower extremity
HAM_0002653,ISIC_0026817,nv,0,HAM10000_images_part_1/ISIC_0026817.jpg,follow_up,45.0,male,lower extremity
HAM_0003632,ISIC_0029274,nv,0,HAM10000_images_part_1/ISIC_0029274.jpg,follow_up,45.0,male,upper extremity
HAM_0005476,ISIC_0027165,nv,0,HAM10000_images_part_1/ISIC_0027165.jpg,follow_up,45.0,male,lower extremity
HAM_0001522,ISIC_0025084,nv,0,HAM10000_images_part_1/ISIC_0025084.jpg,follow_up,45.0,male,back
HAM_0000546,ISIC_0028337,nv,0,HAM10000_images_part_1/ISIC_0028337.jpg,follow_up,55.0,male,upper extremity
HAM_0005001,ISIC_0031438,nv,0,HAM10000_images_part_2/ISIC_0031438.jpg,follow_up,55.0,male,lower extremity
HAM_0002166,ISIC_0028077,nv,0,HAM10000_images_part_1/ISIC_0028077.jpg,follow_up,55.0,male,lower extremity
HAM_0001632,ISIC_0029132,nv,0,HAM10000_images_part_1/ISIC_0029132.jpg,follow_up,55.0,male,trunk
HAM_0006272,ISIC_0024429,nv,0,HAM10000_images_part_1/ISIC_0024429.jpg,follow_up,55.0,male,trunk
HAM_0002997,ISIC_0029972,nv,0,HAM10000_images_part_2/ISIC_0029972.jpg,follow_up,35.0,female,upper extremity
HAM_0001338,ISIC_0028428,nv,0,HAM10000_images_part_1/ISIC_0028428.jpg,follow_up,55.0,male,trunk
HAM_0003781,ISIC_0026225,nv,0,HAM10000_images_part_1/ISIC_0026225.jpg,follow_up,55.0,male,trunk
HAM_0000016,ISIC_0029142,nv,0,HAM10000_images_part_1/ISIC_0029142.jpg,follow_up,55.0,male,back
HAM_0005621,ISIC_0028861,nv,0,HAM10000_images_part_1/ISIC_0028861.jpg,follow_up,55.0,male,back
HAM_0007616,ISIC_0027373,nv,0,HAM10000_images_part_1/ISIC_0027373.jpg,follow_up,55.0,male,lower extremity
HAM_0006780,ISIC_0031021,nv,0,HAM10000_images_part_2/ISIC_0031021.jpg,follow_up,50.0,female,lower extremity
HAM_0001464,ISIC_0028319,nv,0,HAM10000_images_part_1/ISIC_0028319.jpg,follow_up,70.0,male,trunk
HAM_0000484,ISIC_0024309,nv,0,HAM10000_images_part_1/ISIC_0024309.jpg,follow_up,40.0,male,trunk
HAM_0001794,ISIC_0032073,nv,0,HAM10000_images_part_2/ISIC_0032073.jpg,follow_up,50.0,female,back
HAM_0001123,ISIC_0027554,nv,0,HAM10000_images_part_1/ISIC_0027554.jpg,follow_up,50.0,female,lower extremity
HAM_0004269,ISIC_0025003,nv,0,HAM10000_images_part_1/ISIC_0025003.jpg,follow_up,50.0,female,lower extremity
HAM_0003108,ISIC_0027166,nv,0,HAM10000_images_part_1/ISIC_0027166.jpg,follow_up,50.0,female,upper extremity
HAM_0003151,ISIC_0024556,nv,0,HAM10000_images_part_1/ISIC_0024556.jpg,follow_up,50.0,female,foot
HAM_0006385,ISIC_0026733,nv,0,HAM10000_images_part_1/ISIC_0026733.jpg,follow_up,50.0,female,trunk
HAM_0004533,ISIC_0030871,nv,0,HAM10000_images_part_2/ISIC_0030871.jpg,follow_up,40.0,female,abdomen
HAM_0004834,ISIC_0025328,nv,0,HAM10000_images_part_1/ISIC_0025328.jpg,follow_up,20.0,female,trunk
HAM_0001606,ISIC_0024901,nv,0,HAM10000_images_part_1/ISIC_0024901.jpg,follow_up,20.0,female,lower extremity
HAM_0001420,ISIC_0025544,nv,0,HAM10000_images_part_1/ISIC_0025544.jpg,follow_up,20.0,female,neck
HAM_0004971,ISIC_0028836,nv,0,HAM10000_images_part_1/ISIC_0028836.jpg,follow_up,20.0,female,back
HAM_0006917,ISIC_0025861,nv,0,HAM10000_images_part_1/ISIC_0025861.jpg,follow_up,30.0,male,upper extremity
HAM_0002756,ISIC_0027157,nv,0,HAM10000_images_part_1/ISIC_0027157.jpg,follow_up,30.0,male,lower extremity
HAM_0003674,ISIC_0028660,nv,0,HAM10000_images_part_1/ISIC_0028660.jpg,follow_up,45.0,male,lower extremity
HAM_0000227,ISIC_0032201,nv,0,HAM10000_images_part_2/ISIC_0032201.jpg,follow_up,45.0,male,lower extremity
HAM_0002225,ISIC_0032066,nv,0,HAM10000_images_part_2/ISIC_0032066.jpg,follow_up,60.0,male,upper extremity
HAM_0000657,ISIC_0030955,nv,0,HAM10000_images_part_2/ISIC_0030955.jpg,follow_up,45.0,male,abdomen
HAM_0000203,ISIC_0024738,nv,0,HAM10000_images_part_1/ISIC_0024738.jpg,follow_up,45.0,male,lower extremity
HAM_0006339,ISIC_0031279,nv,0,HAM10000_images_part_2/ISIC_0031279.jpg,follow_up,45.0,male,back
HAM_0000702,ISIC_0030804,nv,0,HAM10000_images_part_2/ISIC_0030804.jpg,follow_up,50.0,female,trunk
HAM_0004227,ISIC_0029628,nv,0,HAM10000_images_part_2/ISIC_0029628.jpg,follow_up,65.0,female,upper extremity
HAM_0007093,ISIC_0026858,nv,0,HAM10000_images_part_1/ISIC_0026858.jpg,follow_up,50.0,female,abdomen
HAM_0006100,ISIC_0032288,nv,0,HAM10000_images_part_2/ISIC_0032288.jpg,follow_up,50.0,female,foot
HAM_0004678,ISIC_0025952,nv,0,HAM10000_images_part_1/ISIC_0025952.jpg,follow_up,50.0,male,lower extremity
HAM_0003251,ISIC_0025868,nv,0,HAM10000_images_part_1/ISIC_0025868.jpg,follow_up,50.0,female,lower extremity
HAM_0004499,ISIC_0027331,nv,0,HAM10000_images_part_1/ISIC_0027331.jpg,follow_up,40.0,male,neck
HAM_0003060,ISIC_0027485,nv,0,HAM10000_images_part_1/ISIC_0027485.jpg,follow_up,40.0,male,abdomen
HAM_0000564,ISIC_0027333,nv,0,HAM10000_images_part_1/ISIC_0027333.jpg,follow_up,40.0,male,foot
HAM_0000435,ISIC_0026620,nv,0,HAM10000_images_part_1/ISIC_0026620.jpg,follow_up,40.0,male,lower extremity
HAM_0001833,ISIC_0027227,nv,0,HAM10000_images_part_1/ISIC_0027227.jpg,follow_up,40.0,male,trunk
HAM_0003207,ISIC_0024534,nv,0,HAM10000_images_part_1/ISIC_0024534.jpg,follow_up,40.0,male,back
HAM_0004094,ISIC_0031313,nv,0,HAM10000_images_part_2/ISIC_0031313.jpg,follow_up,40.0,male,lower extremity
HAM_0001067,ISIC_0028813,nv,0,HAM10000_images_part_1/ISIC_0028813.jpg,follow_up,40.0,male,lower extremity
HAM_0003924,ISIC_0030569,nv,0,HAM10000_images_part_2/ISIC_0030569.jpg,follow_up,80.0,male,trunk
HAM_0005361,ISIC_0024374,nv,0,HAM10000_images_part_1/ISIC_0024374.jpg,follow_up,35.0,female,face
HAM_0001519,ISIC_0031661,nv,0,HAM10000_images_part_2/ISIC_0031661.jpg,follow_up,55.0,female,abdomen
HAM_0005242,ISIC_0027597,nv,0,HAM10000_images_part_1/ISIC_0027597.jpg,follow_up,45.0,female,back
HAM_0005813,ISIC_0026051,nv,0,HAM10000_images_part_1/ISIC_0026051.jpg,follow_up,20.0,male,back
HAM_0007152,ISIC_0028184,nv,0,HAM10000_images_part_1/ISIC_0028184.jpg,follow_up,20.0,male,trunk
HAM_0002211,ISIC_0026862,nv,0,HAM10000_images_part_1/ISIC_0026862.jpg,follow_up,45.0,female,abdomen
HAM_0004879,ISIC_0032419,nv,0,HAM10000_images_part_2/ISIC_0032419.jpg,follow_up,45.0,female,trunk
HAM_0001064,ISIC_0031797,nv,0,HAM10000_images_part_2/ISIC_0031797.jpg,follow_up,45.0,female,lower extremity
HAM_0005217,ISIC_0025057,nv,0,HAM10000_images_part_1/ISIC_0025057.jpg,follow_up,45.0,female,trunk
HAM_0000518,ISIC_0030943,nv,0,HAM10000_images_part_2/ISIC_0030943.jpg,follow_up,45.0,female,back
HAM_0006611,ISIC_0028985,nv,0,HAM10000_images_part_1/ISIC_0028985.jpg,follow_up,45.0,female,lower extremity
HAM_0004818,ISIC_0030736,nv,0,HAM10000_images_part_2/ISIC_0030736.jpg,follow_up,50.0,female,abdomen
HAM_0002054,ISIC_0031685,nv,0,HAM10000_images_part_2/ISIC_0031685.jpg,follow_up,50.0,female,abdomen
HAM_0005036,ISIC_0025815,nv,0,HAM10000_images_part_1/ISIC_0025815.jpg,follow_up,50.0,female,trunk
HAM_0002250,ISIC_0029426,nv,0,HAM10000_images_part_2/ISIC_0029426.jpg,follow_up,50.0,female,trunk
HAM_0001015,ISIC_0028833,nv,0,HAM10000_images_part_1/ISIC_0028833.jpg,follow_up,50.0,female,back
HAM_0005119,ISIC_0029335,nv,0,HAM10000_images_part_2/ISIC_0029335.jpg,follow_up,50.0,female,back
HAM_0007251,ISIC_0024964,nv,0,HAM10000_images_part_1/ISIC_0024964.jpg,follow_up,50.0,female,back
HAM_0002378,ISIC_0026087,nv,0,HAM10000_images_part_1/ISIC_0026087.jpg,follow_up,50.0,female,lower extremity
HAM_0004135,ISIC_0025634,nv,0,HAM10000_images_part_1/ISIC_0025634.jpg,follow_up,45.0,female,upper extremity
HAM_0006246,ISIC_0024523,nv,0,HAM10000_images_part_1/ISIC_0024523.jpg,follow_up,45.0,female,genital
HAM_0003964,ISIC_0029111,nv,0,HAM10000_images_part_1/ISIC_0029111.jpg,follow_up,45.0,female,back
HAM_0007505,ISIC_0027061,nv,0,HAM10000_images_part_1/ISIC_0027061.jpg,follow_up,45.0,female,lower extremity
HAM_0006885,ISIC_0027938,nv,0,HAM10000_images_part_1/ISIC_0027938.jpg,follow_up,30.0,male,abdomen
HAM_0005100,ISIC_0030274,nv,0,HAM10000_images_part_2/ISIC_0030274.jpg,follow_up,50.0,male,lower extremity
HAM_0003841,ISIC_0028349,nv,0,HAM10000_images_part_1/ISIC_0028349.jpg,follow_up,30.0,male,trunk
HAM_0005065,ISIC_0031256,nv,0,HAM10000_images_part_2/ISIC_0031256.jpg,follow_up,30.0,male,lower extremity
HAM_0006982,ISIC_0032071,nv,0,HAM10000_images_part_2/ISIC_0032071.jpg,follow_up,30.0,male,lower extremity
HAM_0004964,ISIC_0028062,nv,0,HAM10000_images_part_1/ISIC_0028062.jpg,follow_up,30.0,male,scalp
HAM_0005166,ISIC_0024815,nv,0,HAM10000_images_part_1/ISIC_0024815.jpg,follow_up,25.0,female,abdomen
HAM_0005214,ISIC_0031114,nv,0,HAM10000_images_part_2/ISIC_0031114.jpg,follow_up,75.0,female,lower extremity
HAM_0005218,ISIC_0028939,nv,0,HAM10000_images_part_1/ISIC_0028939.jpg,follow_up,55.0,female,lower extremity
HAM_0005219,ISIC_0027935,nv,0,HAM10000_images_part_1/ISIC_0027935.jpg,follow_up,35.0,female,upper extremity
HAM_0004692,ISIC_0030734,nv,0,HAM10000_images_part_2/ISIC_0030734.jpg,follow_up,60.0,male,abdomen
HAM_0005506,ISIC_0032484,nv,0,HAM10000_images_part_2/ISIC_0032484.jpg,follow_up,60.0,male,trunk
HAM_0000228,ISIC_0025146,nv,0,HAM10000_images_part_1/ISIC_0025146.jpg,follow_up,50.0,female,hand
HAM_0005172,ISIC_0027156,nv,0,HAM10000_images_part_1/ISIC_0027156.jpg,follow_up,50.0,female,trunk
HAM_0001959,ISIC_0027600,nv,0,HAM10000_images_part_1/ISIC_0027600.jpg,follow_up,45.0,female,lower extremity
HAM_0002264,ISIC_0024838,nv,0,HAM10000_images_part_1/ISIC_0024838.jpg,follow_up,45.0,female,abdomen
HAM_0006415,ISIC_0032367,nv,0,HAM10000_images_part_2/ISIC_0032367.jpg,follow_up,60.0,male,trunk
HAM_0007173,ISIC_0028721,nv,0,HAM10000_images_part_1/ISIC_0028721.jpg,follow_up,55.0,male,foot
HAM_0000852,ISIC_0025461,nv,0,HAM10000_images_part_1/ISIC_0025461.jpg,follow_up,55.0,male,upper extremity
HAM_0006659,ISIC_0028160,nv,0,HAM10000_images_part_1/ISIC_0028160.jpg,follow_up,55.0,male,trunk
HAM_0003992,ISIC_0028821,nv,0,HAM10000_images_part_1/ISIC_0028821.jpg,follow_up,55.0,male,trunk
HAM_0001170,ISIC_0032202,nv,0,HAM10000_images_part_2/ISIC_0032202.jpg,follow_up,55.0,male,abdomen
HAM_0006733,ISIC_0024804,nv,0,HAM10000_images_part_1/ISIC_0024804.jpg,follow_up,55.0,male,abdomen
HAM_0003900,ISIC_0027868,nv,0,HAM10000_images_part_1/ISIC_0027868.jpg,follow_up,55.0,male,lower extremity
HAM_0007035,ISIC_0030332,nv,0,HAM10000_images_part_2/ISIC_0030332.jpg,follow_up,55.0,male,lower extremity
HAM_0001969,ISIC_0026651,nv,0,HAM10000_images_part_1/ISIC_0026651.jpg,follow_up,55.0,male,lower extremity
HAM_0005671,ISIC_0029697,nv,0,HAM10000_images_part_2/ISIC_0029697.jpg,follow_up,55.0,male,trunk
HAM_0000723,ISIC_0031364,nv,0,HAM10000_images_part_2/ISIC_0031364.jpg,follow_up,35.0,female,upper extremity
HAM_0003025,ISIC_0027440,nv,0,HAM10000_images_part_1/ISIC_0027440.jpg,follow_up,35.0,female,trunk
HAM_0006911,ISIC_0025747,nv,0,HAM10000_images_part_1/ISIC_0025747.jpg,follow_up,35.0,female,trunk
HAM_0007145,ISIC_0027758,nv,0,HAM10000_images_part_1/ISIC_0027758.jpg,follow_up,35.0,female,back
HAM_0001411,ISIC_0027869,nv,0,HAM10000_images_part_1/ISIC_0027869.jpg,follow_up,35.0,female,lower extremity
HAM_0003661,ISIC_0026910,nv,0,HAM10000_images_part_1/ISIC_0026910.jpg,follow_up,35.0,female,trunk
HAM_0005521,ISIC_0031963,nv,0,HAM10000_images_part_2/ISIC_0031963.jpg,follow_up,65.0,male,lower extremity
HAM_0005130,ISIC_0032002,nv,0,HAM10000_images_part_2/ISIC_0032002.jpg,follow_up,45.0,male,back
HAM_0003551,ISIC_0031800,nv,0,HAM10000_images_part_2/ISIC_0031800.jpg,follow_up,5.0,male,upper extremity
HAM_0004664,ISIC_0027566,nv,0,HAM10000_images_part_1/ISIC_0027566.jpg,follow_up,5.0,male,abdomen
HAM_0007441,ISIC_0024548,nv,0,HAM10000_images_part_1/ISIC_0024548.jpg,follow_up,60.0,male,trunk
HAM_0007095,ISIC_0030374,nv,0,HAM10000_images_part_2/ISIC_0030374.jpg,follow_up,60.0,male,abdomen
HAM_0002758,ISIC_0027575,nv,0,HAM10000_images_part_1/ISIC_0027575.jpg,follow_up,45.0,female,upper extremity
HAM_0006377,ISIC_0024465,nv,0,HAM10000_images_part_1/ISIC_0024465.jpg,follow_up,45.0,female,abdomen
HAM_0005474,ISIC_0031398,nv,0,HAM10000_images_part_2/ISIC_0031398.jpg,follow_up,45.0,female,lower extremity
HAM_0004523,ISIC_0029984,nv,0,HAM10000_images_part_2/ISIC_0029984.jpg,follow_up,45.0,female,lower extremity
HAM_0005654,ISIC_0032039,nv,0,HAM10000_images_part_2/ISIC_0032039.jpg,follow_up,45.0,male,trunk
HAM_0001904,ISIC_0030306,nv,0,HAM10000_images_part_2/ISIC_0030306.jpg,follow_up,45.0,female,lower extremity
HAM_0001153,ISIC_0025849,nv,0,HAM10000_images_part_1/ISIC_0025849.jpg,follow_up,45.0,female,lower extremity
HAM_0003231,ISIC_0025028,nv,0,HAM10000_images_part_1/ISIC_0025028.jpg,follow_up,45.0,female,lower extremity
HAM_0003644,ISIC_0030202,nv,0,HAM10000_images_part_2/ISIC_0030202.jpg,follow_up,45.0,female,lower extremity
HAM_0005247,ISIC_0024687,nv,0,HAM10000_images_part_1/ISIC_0024687.jpg,follow_up,50.0,female,lower extremity
HAM_0004473,ISIC_0027881,nv,0,HAM10000_images_part_1/ISIC_0027881.jpg,follow_up,40.0,female,upper extremity
HAM_0003595,ISIC_0027621,nv,0,HAM10000_images_part_1/ISIC_0027621.jpg,follow_up,40.0,female,trunk
HAM_0001960,ISIC_0032166,nv,0,HAM10000_images_part_2/ISIC_0032166.jpg,follow_up,40.0,male,trunk
HAM_0002289,ISIC_0032266,nv,0,HAM10000_images_part_2/ISIC_0032266.jpg,follow_up,55.0,female,lower extremity
HAM_0006997,ISIC_0028375,nv,0,HAM10000_images_part_1/ISIC_0028375.jpg,follow_up,35.0,female,trunk
HAM_0000205,ISIC_0029471,nv,0,HAM10000_images_part_2/ISIC_0029471.jpg,follow_up,35.0,female,trunk
HAM_0002073,ISIC_0025406,nv,0,HAM10000_images_part_1/ISIC_0025406.jpg,follow_up,35.0,female,trunk
HAM_0007044,ISIC_0024501,nv,0,HAM10000_images_part_1/ISIC_0024501.jpg,follow_up,5.0,male,lower extremity
HAM_0000520,ISIC_0026415,nv,0,HAM10000_images_part_1/ISIC_0026415.jpg,follow_up,5.0,male,upper extremity
HAM_0004378,ISIC_0025738,nv,0,HAM10000_images_part_1/ISIC_0025738.jpg,follow_up,5.0,male,trunk
HAM_0001339,ISIC_0026201,nv,0,HAM10000_images_part_1/ISIC_0026201.jpg,follow_up,5.0,male,trunk
HAM_0004885,ISIC_0030570,nv,0,HAM10000_images_part_2/ISIC_0030570.jpg,follow_up,5.0,male,abdomen
HAM_0002230,ISIC_0026243,nv,0,HAM10000_images_part_1/ISIC_0026243.jpg,follow_up,5.0,male,abdomen
HAM_0004517,ISIC_0025359,nv,0,HAM10000_images_part_1/ISIC_0025359.jpg,follow_up,5.0,male,lower extremity
HAM_0001042,ISIC_0025246,nv,0,HAM10000_images_part_1/ISIC_0025246.jpg,follow_up,5.0,male,lower extremity
HAM_0001670,ISIC_0027910,nv,0,HAM10000_images_part_1/ISIC_0027910.jpg,follow_up,5.0,male,trunk
HAM_0007258,ISIC_0025090,nv,0,HAM10000_images_part_1/ISIC_0025090.jpg,follow_up,5.0,male,back
HAM_0005419,ISIC_0030524,nv,0,HAM10000_images_part_2/ISIC_0030524.jpg,follow_up,35.0,male,upper extremity
HAM_0007159,ISIC_0031637,nv,0,HAM10000_images_part_2/ISIC_0031637.jpg,follow_up,65.0,female,hand
HAM_0001311,ISIC_0031544,nv,0,HAM10000_images_part_2/ISIC_0031544.jpg,follow_up,45.0,female,lower extremity
HAM_0005675,ISIC_0030814,nv,0,HAM10000_images_part_2/ISIC_0030814.jpg,follow_up,45.0,female,lower extremity
HAM_0000671,ISIC_0030193,nv,0,HAM10000_images_part_2/ISIC_0030193.jpg,follow_up,45.0,female,foot
HAM_0006103,ISIC_0031504,nv,0,HAM10000_images_part_2/ISIC_0031504.jpg,follow_up,45.0,female,trunk
HAM_0006370,ISIC_0026032,nv,0,HAM10000_images_part_1/ISIC_0026032.jpg,follow_up,50.0,male,trunk
HAM_0000760,ISIC_0025318,nv,0,HAM10000_images_part_1/ISIC_0025318.jpg,follow_up,50.0,male,trunk
HAM_0003732,ISIC_0026710,nv,0,HAM10000_images_part_1/ISIC_0026710.jpg,follow_up,65.0,female,abdomen
HAM_0001538,ISIC_0024322,nv,0,HAM10000_images_part_1/ISIC_0024322.jpg,follow_up,65.0,female,foot
HAM_0006033,ISIC_0026128,nv,0,HAM10000_images_part_1/ISIC_0026128.jpg,follow_up,65.0,female,back
HAM_0005784,ISIC_0030679,nv,0,HAM10000_images_part_2/ISIC_0030679.jpg,follow_up,65.0,female,trunk
HAM_0003657,ISIC_0026740,nv,0,HAM10000_images_part_1/ISIC_0026740.jpg,follow_up,65.0,female,trunk
HAM_0000301,ISIC_0026112,nv,0,HAM10000_images_part_1/ISIC_0026112.jpg,follow_up,65.0,female,lower extremity
HAM_0002460,ISIC_0032336,nv,0,HAM10000_images_part_2/ISIC_0032336.jpg,follow_up,35.0,female,lower extremity
HAM_0003772,ISIC_0024379,nv,0,HAM10000_images_part_1/ISIC_0024379.jpg,follow_up,35.0,female,foot
HAM_0005341,ISIC_0031882,nv,0,HAM10000_images_part_2/ISIC_0031882.jpg,follow_up,60.0,male,trunk
HAM_0003751,ISIC_0026302,nv,0,HAM10000_images_part_1/ISIC_0026302.jpg,follow_up,55.0,female,genital
HAM_0007383,ISIC_0026812,nv,0,HAM10000_images_part_1/ISIC_0026812.jpg,follow_up,60.0,male,abdomen
HAM_0001035,ISIC_0026129,nv,0,HAM10000_images_part_1/ISIC_0026129.jpg,follow_up,60.0,male,lower extremity
HAM_0005266,ISIC_0027605,nv,0,HAM10000_images_part_1/ISIC_0027605.jpg,follow_up,60.0,male,lower extremity
HAM_0006950,ISIC_0027215,nv,0,HAM10000_images_part_1/ISIC_0027215.jpg,follow_up,60.0,male,lower extremity
HAM_0007166,ISIC_0030878,nv,0,HAM10000_images_part_2/ISIC_0030878.jpg,follow_up,50.0,female,trunk
HAM_0003234,ISIC_0032467,nv,0,HAM10000_images_part_2/ISIC_0032467.jpg,follow_up,50.0,female,trunk
HAM_0002262,ISIC_0027307,nv,0,HAM10000_images_part_1/ISIC_0027307.jpg,follow_up,50.0,female,abdomen
HAM_0001631,ISIC_0025390,nv,0,HAM10000_images_part_1/ISIC_0025390.jpg,follow_up,50.0,female,genital
HAM_0003721,ISIC_0029490,nv,0,HAM10000_images_part_2/ISIC_0029490.jpg,follow_up,50.0,female,lower extremity
HAM_0000455,ISIC_0032005,nv,0,HAM10000_images_part_2/ISIC_0032005.jpg,follow_up,50.0,female,back
HAM_0003412,ISIC_0026241,nv,0,HAM10000_images_part_1/ISIC_0026241.jpg,follow_up,50.0,female,back
HAM_0001213,ISIC_0026731,nv,0,HAM10000_images_part_1/ISIC_0026731.jpg,follow_up,50.0,female,upper extremity
HAM_0004625,ISIC_0029346,nv,0,HAM10000_images_part_2/ISIC_0029346.jpg,follow_up,40.0,male,upper extremity
HAM_0004407,ISIC_0024555,nv,0,HAM10000_images_part_1/ISIC_0024555.jpg,follow_up,50.0,female,hand
HAM_0003128,ISIC_0030660,nv,0,HAM10000_images_part_2/ISIC_0030660.jpg,follow_up,50.0,female,unknown
HAM_0001648,ISIC_0030239,nv,0,HAM10000_images_part_2/ISIC_0030239.jpg,follow_up,45.0,female,trunk
HAM_0001770,ISIC_0025974,nv,0,HAM10000_images_part_1/ISIC_0025974.jpg,follow_up,55.0,female,trunk
HAM_0002851,ISIC_0026915,nv,0,HAM10000_images_part_1/ISIC_0026915.jpg,follow_up,55.0,female,lower extremity
HAM_0002275,ISIC_0031774,nv,0,HAM10000_images_part_2/ISIC_0031774.jpg,follow_up,45.0,female,lower extremity
HAM_0007499,ISIC_0025981,nv,0,HAM10000_images_part_1/ISIC_0025981.jpg,follow_up,45.0,female,trunk
HAM_0003952,ISIC_0031176,nv,0,HAM10000_images_part_2/ISIC_0031176.jpg,follow_up,45.0,female,trunk
HAM_0003210,ISIC_0030237,nv,0,HAM10000_images_part_2/ISIC_0030237.jpg,follow_up,45.0,female,upper extremity
HAM_0003114,ISIC_0032091,nv,0,HAM10000_images_part_2/ISIC_0032091.jpg,follow_up,45.0,female,back
HAM_0003150,ISIC_0025213,nv,0,HAM10000_images_part_1/ISIC_0025213.jpg,follow_up,45.0,female,lower extremity
HAM_0005259,ISIC_0030174,nv,0,HAM10000_images_part_2/ISIC_0030174.jpg,follow_up,50.0,female,lower extremity
HAM_0005087,ISIC_0024765,nv,0,HAM10000_images_part_1/ISIC_0024765.jpg,follow_up,45.0,female,foot
HAM_0000474,ISIC_0030099,nv,0,HAM10000_images_part_2/ISIC_0030099.jpg,follow_up,45.0,female,hand
HAM_0000209,ISIC_0024776,nv,0,HAM10000_images_part_1/ISIC_0024776.jpg,follow_up,40.0,male,trunk
HAM_0004629,ISIC_0027019,nv,0,HAM10000_images_part_1/ISIC_0027019.jpg,follow_up,45.0,female,abdomen
HAM_0000023,ISIC_0026144,nv,0,HAM10000_images_part_1/ISIC_0026144.jpg,follow_up,40.0,male,lower extremity
HAM_0001290,ISIC_0032263,nv,0,HAM10000_images_part_2/ISIC_0032263.jpg,follow_up,40.0,male,lower extremity
HAM_0005294,ISIC_0027055,nv,0,HAM10000_images_part_1/ISIC_0027055.jpg,follow_up,40.0,female,lower extremity
HAM_0000882,ISIC_0032241,nv,0,HAM10000_images_part_2/ISIC_0032241.jpg,follow_up,50.0,male,back
HAM_0006891,ISIC_0031367,nv,0,HAM10000_images_part_2/ISIC_0031367.jpg,follow_up,50.0,male,trunk
HAM_0006285,ISIC_0030596,nv,0,HAM10000_images_part_2/ISIC_0030596.jpg,follow_up,50.0,male,upper extremity
HAM_0007201,ISIC_0026208,nv,0,HAM10000_images_part_1/ISIC_0026208.jpg,follow_up,50.0,male,lower extremity
HAM_0000031,ISIC_0028177,nv,0,HAM10000_images_part_1/ISIC_0028177.jpg,follow_up,45.0,female,trunk
HAM_0002991,ISIC_0030502,nv,0,HAM10000_images_part_2/ISIC_0030502.jpg,follow_up,45.0,female,lower extremity
HAM_0001875,ISIC_0031231,nv,0,HAM10000_images_part_2/ISIC_0031231.jpg,follow_up,40.0,female,lower extremity
HAM_0005307,ISIC_0027765,nv,0,HAM10000_images_part_1/ISIC_0027765.jpg,follow_up,40.0,female,trunk
HAM_0003970,ISIC_0025093,nv,0,HAM10000_images_part_1/ISIC_0025093.jpg,follow_up,40.0,female,lower extremity
HAM_0002640,ISIC_0030337,nv,0,HAM10000_images_part_2/ISIC_0030337.jpg,follow_up,40.0,female,trunk
HAM_0006579,ISIC_0030668,nv,0,HAM10000_images_part_2/ISIC_0030668.jpg,follow_up,40.0,female,foot
HAM_0005397,ISIC_0028105,nv,0,HAM10000_images_part_1/ISIC_0028105.jpg,follow_up,35.0,male,lower extremity
HAM_0000942,ISIC_0028554,nv,0,HAM10000_images_part_1/ISIC_0028554.jpg,follow_up,75.0,female,abdomen
HAM_0004307,ISIC_0031714,nv,0,HAM10000_images_part_2/ISIC_0031714.jpg,follow_up,70.0,male,face
HAM_0007285,ISIC_0026718,nv,0,HAM10000_images_part_1/ISIC_0026718.jpg,follow_up,55.0,female,genital
HAM_0000743,ISIC_0024661,nv,0,HAM10000_images_part_1/ISIC_0024661.jpg,follow_up,55.0,female,back
HAM_0007453,ISIC_0024510,nv,0,HAM10000_images_part_1/ISIC_0024510.jpg,follow_up,55.0,female,lower extremity
HAM_0007045,ISIC_0032088,nv,0,HAM10000_images_part_2/ISIC_0032088.jpg,follow_up,45.0,female,trunk
HAM_0003304,ISIC_0029367,nv,0,HAM10000_images_part_2/ISIC_0029367.jpg,follow_up,45.0,female,trunk
HAM_0003059,ISIC_0032223,nv,0,HAM10000_images_part_2/ISIC_0032223.jpg,follow_up,45.0,female,lower extremity
HAM_0002284,ISIC_0026449,nv,0,HAM10000_images_part_1/ISIC_0026449.jpg,consensus,15.0,male,back
HAM_0007608,ISIC_0028609,nv,0,HAM10000_images_part_1/ISIC_0028609.jpg,follow_up,55.0,female,lower extremity
HAM_0001882,ISIC_0025866,nv,0,HAM10000_images_part_1/ISIC_0025866.jpg,follow_up,55.0,female,trunk
HAM_0007109,ISIC_0026529,nv,0,HAM10000_images_part_1/ISIC_0026529.jpg,follow_up,55.0,male,abdomen
HAM_0001355,ISIC_0028711,nv,0,HAM10000_images_part_1/ISIC_0028711.jpg,follow_up,55.0,male,trunk
HAM_0003948,ISIC_0025806,nv,0,HAM10000_images_part_1/ISIC_0025806.jpg,follow_up,55.0,male,lower extremity
HAM_0007022,ISIC_0026364,nv,0,HAM10000_images_part_1/ISIC_0026364.jpg,follow_up,55.0,male,lower extremity
HAM_0007325,ISIC_0026267,nv,0,HAM10000_images_part_1/ISIC_0026267.jpg,follow_up,55.0,male,trunk
HAM_0003865,ISIC_0032188,nv,0,HAM10000_images_part_2/ISIC_0032188.jpg,follow_up,55.0,male,abdomen
HAM_0004404,ISIC_0025822,nv,0,HAM10000_images_part_1/ISIC_0025822.jpg,follow_up,55.0,male,neck
HAM_0001438,ISIC_0030490,nv,0,HAM10000_images_part_2/ISIC_0030490.jpg,follow_up,55.0,male,back
HAM_0006726,ISIC_0027736,nv,0,HAM10000_images_part_1/ISIC_0027736.jpg,follow_up,55.0,male,trunk
HAM_0006996,ISIC_0027610,nv,0,HAM10000_images_part_1/ISIC_0027610.jpg,follow_up,55.0,male,back
HAM_0002165,ISIC_0031172,nv,0,HAM10000_images_part_2/ISIC_0031172.jpg,follow_up,55.0,male,lower extremity
HAM_0003309,ISIC_0028403,nv,0,HAM10000_images_part_1/ISIC_0028403.jpg,follow_up,55.0,male,lower extremity
HAM_0007365,ISIC_0028798,nv,0,HAM10000_images_part_1/ISIC_0028798.jpg,follow_up,65.0,female,lower extremity
HAM_0007434,ISIC_0024816,nv,0,HAM10000_images_part_1/ISIC_0024816.jpg,follow_up,65.0,female,back
HAM_0000161,ISIC_0031820,nv,0,HAM10000_images_part_2/ISIC_0031820.jpg,follow_up,65.0,female,lower extremity
HAM_0004628,ISIC_0027405,nv,0,HAM10000_images_part_1/ISIC_0027405.jpg,follow_up,45.0,male,foot
HAM_0000499,ISIC_0029599,nv,0,HAM10000_images_part_2/ISIC_0029599.jpg,follow_up,45.0,male,abdomen
HAM_0003411,ISIC_0024346,nv,0,HAM10000_images_part_1/ISIC_0024346.jpg,follow_up,50.0,female,trunk
HAM_0006448,ISIC_0028912,nv,0,HAM10000_images_part_1/ISIC_0028912.jpg,follow_up,50.0,female,trunk
HAM_0006786,ISIC_0029436,nv,0,HAM10000_images_part_2/ISIC_0029436.jpg,follow_up,50.0,female,lower extremity
HAM_0005908,ISIC_0029150,nv,0,HAM10000_images_part_1/ISIC_0029150.jpg,follow_up,50.0,female,trunk
HAM_0001806,ISIC_0026920,nv,0,HAM10000_images_part_1/ISIC_0026920.jpg,follow_up,50.0,female,abdomen
HAM_0005224,ISIC_0026929,nv,0,HAM10000_images_part_1/ISIC_0026929.jpg,follow_up,50.0,female,upper extremity
HAM_0005195,ISIC_0025929,nv,0,HAM10000_images_part_1/ISIC_0025929.jpg,follow_up,50.0,female,lower extremity
HAM_0001373,ISIC_0029999,nv,0,HAM10000_images_part_2/ISIC_0029999.jpg,follow_up,50.0,female,lower extremity
HAM_0002418,ISIC_0030711,nv,0,HAM10000_images_part_2/ISIC_0030711.jpg,follow_up,50.0,female,lower extremity
HAM_0007286,ISIC_0031978,nv,0,HAM10000_images_part_2/ISIC_0031978.jpg,follow_up,50.0,female,lower extremity
HAM_0001700,ISIC_0030971,nv,0,HAM10000_images_part_2/ISIC_0030971.jpg,follow_up,50.0,female,lower extremity
HAM_0007254,ISIC_0027541,nv,0,HAM10000_images_part_1/ISIC_0027541.jpg,follow_up,50.0,female,lower extremity
HAM_0001008,ISIC_0031898,nv,0,HAM10000_images_part_2/ISIC_0031898.jpg,follow_up,50.0,female,back
HAM_0000265,ISIC_0027283,nv,0,HAM10000_images_part_1/ISIC_0027283.jpg,follow_up,50.0,female,trunk
HAM_0005169,ISIC_0027557,nv,0,HAM10000_images_part_1/ISIC_0027557.jpg,follow_up,50.0,female,trunk
HAM_0004434,ISIC_0024744,nv,0,HAM10000_images_part_1/ISIC_0024744.jpg,follow_up,50.0,female,back
HAM_0000497,ISIC_0024563,nv,0,HAM10000_images_part_1/ISIC_0024563.jpg,follow_up,50.0,female,lower extremity
HAM_0004130,ISIC_0026173,nv,0,HAM10000_images_part_1/ISIC_0026173.jpg,follow_up,45.0,female,lower extremity
HAM_0000986,ISIC_0026227,nv,0,HAM10000_images_part_1/ISIC_0026227.jpg,follow_up,45.0,female,upper extremity
HAM_0006473,ISIC_0026696,nv,0,HAM10000_images_part_1/ISIC_0026696.jpg,follow_up,45.0,female,trunk
HAM_0004301,ISIC_0032487,nv,0,HAM10000_images_part_2/ISIC_0032487.jpg,follow_up,45.0,female,trunk
HAM_0002062,ISIC_0027400,nv,0,HAM10000_images_part_1/ISIC_0027400.jpg,follow_up,45.0,female,trunk
HAM_0005253,ISIC_0026715,nv,0,HAM10000_images_part_1/ISIC_0026715.jpg,follow_up,55.0,female,lower extremity
HAM_0003022,ISIC_0025551,nv,0,HAM10000_images_part_1/ISIC_0025551.jpg,follow_up,45.0,female,upper extremity
HAM_0001159,ISIC_0026533,nv,0,HAM10000_images_part_1/ISIC_0026533.jpg,follow_up,45.0,female,back
HAM_0005076,ISIC_0024404,nv,0,HAM10000_images_part_1/ISIC_0024404.jpg,follow_up,45.0,female,lower extremity
HAM_0003209,ISIC_0031156,nv,0,HAM10000_images_part_2/ISIC_0031156.jpg,follow_up,45.0,female,neck
HAM_0006850,ISIC_0030186,nv,0,HAM10000_images_part_2/ISIC_0030186.jpg,follow_up,45.0,female,trunk
HAM_0006393,ISIC_0029189,nv,0,HAM10000_images_part_1/ISIC_0029189.jpg,follow_up,40.0,female,trunk
HAM_0004721,ISIC_0032234,nv,0,HAM10000_images_part_2/ISIC_0032234.jpg,follow_up,60.0,male,upper extremity
HAM_0005015,ISIC_0026355,nv,0,HAM10000_images_part_1/ISIC_0026355.jpg,follow_up,60.0,male,trunk
HAM_0000640,ISIC_0024663,nv,0,HAM10000_images_part_1/ISIC_0024663.jpg,follow_up,55.0,female,abdomen
HAM_0007082,ISIC_0027971,nv,0,HAM10000_images_part_1/ISIC_0027971.jpg,follow_up,55.0,female,lower extremity
HAM_0005272,ISIC_0028786,nv,0,HAM10000_images_part_1/ISIC_0028786.jpg,follow_up,65.0,female,trunk
HAM_0004003,ISIC_0031097,nv,0,HAM10000_images_part_2/ISIC_0031097.jpg,follow_up,65.0,female,upper extremity
HAM_0003917,ISIC_0026814,nv,0,HAM10000_images_part_1/ISIC_0026814.jpg,follow_up,65.0,female,back
HAM_0004306,ISIC_0032056,nv,0,HAM10000_images_part_2/ISIC_0032056.jpg,follow_up,65.0,female,lower extremity
HAM_0004981,ISIC_0030493,nv,0,HAM10000_images_part_2/ISIC_0030493.jpg,follow_up,65.0,female,lower extremity
HAM_0001584,ISIC_0029004,nv,0,HAM10000_images_part_1/ISIC_0029004.jpg,follow_up,65.0,female,lower extremity
HAM_0005872,ISIC_0030518,nv,0,HAM10000_images_part_2/ISIC_0030518.jpg,follow_up,65.0,female,lower extremity
HAM_0003464,ISIC_0031715,nv,0,HAM10000_images_part_2/ISIC_0031715.jpg,follow_up,65.0,female,lower extremity
HAM_0006131,ISIC_0024822,nv,0,HAM10000_images_part_1/ISIC_0024822.jpg,follow_up,65.0,male,lower extremity
HAM_0005031,ISIC_0025109,nv,0,HAM10000_images_part_1/ISIC_0025109.jpg,follow_up,65.0,male,abdomen
HAM_0006348,ISIC_0027110,nv,0,HAM10000_images_part_1/ISIC_0027110.jpg,follow_up,65.0,male,back
HAM_0004966,ISIC_0029508,nv,0,HAM10000_images_part_2/ISIC_0029508.jpg,follow_up,65.0,male,trunk
HAM_0002102,ISIC_0024474,nv,0,HAM10000_images_part_1/ISIC_0024474.jpg,follow_up,65.0,male,trunk
HAM_0004634,ISIC_0032454,nv,0,HAM10000_images_part_2/ISIC_0032454.jpg,follow_up,65.0,male,trunk
HAM_0007274,ISIC_0030484,nv,0,HAM10000_images_part_2/ISIC_0030484.jpg,follow_up,65.0,male,trunk
HAM_0004726,ISIC_0027579,nv,0,HAM10000_images_part_1/ISIC_0027579.jpg,follow_up,45.0,female,abdomen
HAM_0000816,ISIC_0027082,nv,0,HAM10000_images_part_1/ISIC_0027082.jpg,follow_up,45.0,female,lower extremity
HAM_0002779,ISIC_0026515,nv,0,HAM10000_images_part_1/ISIC_0026515.jpg,follow_up,45.0,female,lower extremity
HAM_0005849,ISIC_0028647,nv,0,HAM10000_images_part_1/ISIC_0028647.jpg,follow_up,40.0,female,lower extremity
HAM_0003329,ISIC_0031581,nv,0,HAM10000_images_part_2/ISIC_0031581.jpg,follow_up,40.0,female,trunk
HAM_0006474,ISIC_0030262,nv,0,HAM10000_images_part_2/ISIC_0030262.jpg,follow_up,40.0,female,trunk
HAM_0003126,ISIC_0029181,nv,0,HAM10000_images_part_1/ISIC_0029181.jpg,follow_up,40.0,female,lower extremity
HAM_0005677,ISIC_0032399,nv,0,HAM10000_images_part_2/ISIC_0032399.jpg,follow_up,40.0,female,back
HAM_0003972,ISIC_0029706,nv,0,HAM10000_images_part_2/ISIC_0029706.jpg,follow_up,40.0,female,trunk
HAM_0002394,ISIC_0029550,nv,0,HAM10000_images_part_2/ISIC_0029550.jpg,follow_up,60.0,female,foot
HAM_0000614,ISIC_0025493,nv,0,HAM10000_images_part_1/ISIC_0025493.jpg,follow_up,60.0,female,hand
HAM_0001543,ISIC_0029639,nv,0,HAM10000_images_part_2/ISIC_0029639.jpg,follow_up,60.0,female,foot
HAM_0001771,ISIC_0030556,nv,0,HAM10000_images_part_2/ISIC_0030556.jpg,follow_up,55.0,male,trunk
HAM_0005946,ISIC_0026368,nv,0,HAM10000_images_part_1/ISIC_0026368.jpg,follow_up,55.0,male,genital
HAM_0001909,ISIC_0025481,nv,0,HAM10000_images_part_1/ISIC_0025481.jpg,follow_up,55.0,male,upper extremity
HAM_0002784,ISIC_0027712,nv,0,HAM10000_images_part_1/ISIC_0027712.jpg,follow_up,55.0,male,lower extremity
HAM_0003517,ISIC_0029798,nv,0,HAM10000_images_part_2/ISIC_0029798.jpg,follow_up,55.0,male,face
HAM_0005170,ISIC_0026253,nv,0,HAM10000_images_part_1/ISIC_0026253.jpg,follow_up,80.0,male,trunk
HAM_0003071,ISIC_0026000,nv,0,HAM10000_images_part_1/ISIC_0026000.jpg,follow_up,80.0,male,abdomen
HAM_0000340,ISIC_0026397,nv,0,HAM10000_images_part_1/ISIC_0026397.jpg,follow_up,80.0,male,back
HAM_0005179,ISIC_0024957,nv,0,HAM10000_images_part_1/ISIC_0024957.jpg,follow_up,80.0,male,lower extremity
HAM_0001923,ISIC_0029219,nv,0,HAM10000_images_part_1/ISIC_0029219.jpg,follow_up,80.0,male,lower extremity
HAM_0002181,ISIC_0030972,nv,0,HAM10000_images_part_2/ISIC_0030972.jpg,follow_up,80.0,male,lower extremity
HAM_0000780,ISIC_0027453,nv,0,HAM10000_images_part_1/ISIC_0027453.jpg,follow_up,80.0,male,lower extremity
HAM_0000213,ISIC_0029167,nv,0,HAM10000_images_part_1/ISIC_0029167.jpg,follow_up,60.0,female,upper extremity
HAM_0001798,ISIC_0030141,nv,0,HAM10000_images_part_2/ISIC_0030141.jpg,follow_up,50.0,male,back
HAM_0005223,ISIC_0029536,nv,0,HAM10000_images_part_2/ISIC_0029536.jpg,follow_up,70.0,female,trunk
HAM_0002398,ISIC_0028208,nv,0,HAM10000_images_part_1/ISIC_0028208.jpg,follow_up,70.0,female,foot
HAM_0003257,ISIC_0024559,nv,0,HAM10000_images_part_1/ISIC_0024559.jpg,follow_up,75.0,male,back
HAM_0004359,ISIC_0025087,nv,0,HAM10000_images_part_1/ISIC_0025087.jpg,follow_up,50.0,female,neck
HAM_0000305,ISIC_0030815,nv,0,HAM10000_images_part_2/ISIC_0030815.jpg,follow_up,50.0,female,abdomen
HAM_0000094,ISIC_0026233,nv,0,HAM10000_images_part_1/ISIC_0026233.jpg,follow_up,50.0,female,abdomen
HAM_0000577,ISIC_0026385,nv,0,HAM10000_images_part_1/ISIC_0026385.jpg,follow_up,60.0,female,lower extremity
HAM_0001857,ISIC_0027317,nv,0,HAM10000_images_part_1/ISIC_0027317.jpg,follow_up,50.0,male,abdomen
HAM_0006546,ISIC_0030413,nv,0,HAM10000_images_part_2/ISIC_0030413.jpg,follow_up,50.0,male,lower extremity
HAM_0002428,ISIC_0026510,nv,0,HAM10000_images_part_1/ISIC_0026510.jpg,follow_up,70.0,female,trunk
HAM_0004552,ISIC_0027593,nv,0,HAM10000_images_part_1/ISIC_0027593.jpg,follow_up,70.0,female,abdomen
HAM_0005633,ISIC_0029218,nv,0,HAM10000_images_part_1/ISIC_0029218.jpg,follow_up,70.0,female,upper extremity
HAM_0002254,ISIC_0028027,nv,0,HAM10000_images_part_1/ISIC_0028027.jpg,follow_up,70.0,female,lower extremity
HAM_0003594,ISIC_0027009,nv,0,HAM10000_images_part_1/ISIC_0027009.jpg,follow_up,70.0,female,lower extremity
HAM_0002239,ISIC_0028021,nv,0,HAM10000_images_part_1/ISIC_0028021.jpg,follow_up,70.0,female,lower extremity
HAM_0006502,ISIC_0029312,nv,0,HAM10000_images_part_2/ISIC_0029312.jpg,follow_up,70.0,female,trunk
HAM_0000010,ISIC_0027730,nv,0,HAM10000_images_part_1/ISIC_0027730.jpg,follow_up,70.0,female,back
HAM_0002728,ISIC_0026570,nv,0,HAM10000_images_part_1/ISIC_0026570.jpg,follow_up,70.0,female,lower extremity
HAM_0001196,ISIC_0028088,nv,0,HAM10000_images_part_1/ISIC_0028088.jpg,follow_up,70.0,female,lower extremity
HAM_0003798,ISIC_0030307,nv,0,HAM10000_images_part_2/ISIC_0030307.jpg,follow_up,60.0,female,scalp
HAM_0000350,ISIC_0030921,nv,0,HAM10000_images_part_2/ISIC_0030921.jpg,follow_up,60.0,female,back
HAM_0005639,ISIC_0030657,nv,0,HAM10000_images_part_2/ISIC_0030657.jpg,follow_up,45.0,female,trunk
HAM_0005042,ISIC_0026220,nv,0,HAM10000_images_part_1/ISIC_0026220.jpg,follow_up,60.0,female,lower extremity
HAM_0000630,ISIC_0026832,nv,0,HAM10000_images_part_1/ISIC_0026832.jpg,follow_up,80.0,male,trunk
HAM_0002974,ISIC_0027553,nv,0,HAM10000_images_part_1/ISIC_0027553.jpg,follow_up,80.0,male,upper extremity
HAM_0002763,ISIC_0026884,nv,0,HAM10000_images_part_1/ISIC_0026884.jpg,follow_up,80.0,male,back
HAM_0002405,ISIC_0030380,nv,0,HAM10000_images_part_2/ISIC_0030380.jpg,follow_up,80.0,male,upper extremity
HAM_0000715,ISIC_0029287,nv,0,HAM10000_images_part_1/ISIC_0029287.jpg,follow_up,50.0,male,trunk
HAM_0006961,ISIC_0031792,nv,0,HAM10000_images_part_2/ISIC_0031792.jpg,follow_up,50.0,male,trunk
HAM_0005517,ISIC_0028561,nv,0,HAM10000_images_part_1/ISIC_0028561.jpg,follow_up,50.0,male,abdomen
HAM_0006829,ISIC_0024619,nv,0,HAM10000_images_part_1/ISIC_0024619.jpg,follow_up,50.0,male,abdomen
HAM_0006935,ISIC_0026628,nv,0,HAM10000_images_part_1/ISIC_0026628.jpg,follow_up,50.0,male,back
HAM_0000471,ISIC_0031656,nv,0,HAM10000_images_part_2/ISIC_0031656.jpg,follow_up,50.0,male,trunk
HAM_0004704,ISIC_0026093,nv,0,HAM10000_images_part_1/ISIC_0026093.jpg,follow_up,50.0,male,trunk
HAM_0000479,ISIC_0030441,nv,0,HAM10000_images_part_2/ISIC_0030441.jpg,follow_up,50.0,male,back
HAM_0006712,ISIC_0025072,nv,0,HAM10000_images_part_1/ISIC_0025072.jpg,follow_up,65.0,male,trunk
HAM_0003529,ISIC_0029871,nv,0,HAM10000_images_part_2/ISIC_0029871.jpg,follow_up,65.0,male,trunk
HAM_0005080,ISIC_0027951,nv,0,HAM10000_images_part_1/ISIC_0027951.jpg,follow_up,65.0,male,abdomen
HAM_0004242,ISIC_0028769,nv,0,HAM10000_images_part_1/ISIC_0028769.jpg,follow_up,65.0,male,back
HAM_0005405,ISIC_0025164,nv,0,HAM10000_images_part_1/ISIC_0025164.jpg,follow_up,45.0,male,back
HAM_0004247,ISIC_0031532,nv,0,HAM10000_images_part_2/ISIC_0031532.jpg,follow_up,65.0,male,trunk
HAM_0002969,ISIC_0030913,nv,0,HAM10000_images_part_2/ISIC_0030913.jpg,follow_up,65.0,male,back
HAM_0000648,ISIC_0027080,nv,0,HAM10000_images_part_1/ISIC_0027080.jpg,follow_up,65.0,male,trunk
HAM_0005656,ISIC_0026478,nv,0,HAM10000_images_part_1/ISIC_0026478.jpg,follow_up,45.0,male,face
HAM_0003425,ISIC_0031434,nv,0,HAM10000_images_part_2/ISIC_0031434.jpg,follow_up,65.0,male,back
HAM_0006808,ISIC_0027438,nv,0,HAM10000_images_part_1/ISIC_0027438.jpg,follow_up,65.0,male,lower extremity
HAM_0001558,ISIC_0025007,nv,0,HAM10000_images_part_1/ISIC_0025007.jpg,follow_up,50.0,female,lower extremity
HAM_0006922,ISIC_0024807,nv,0,HAM10000_images_part_1/ISIC_0024807.jpg,follow_up,65.0,male,lower extremity
HAM_0001206,ISIC_0031320,nv,0,HAM10000_images_part_2/ISIC_0031320.jpg,follow_up,55.0,male,abdomen
HAM_0003406,ISIC_0030896,nv,0,HAM10000_images_part_2/ISIC_0030896.jpg,follow_up,55.0,male,abdomen
HAM_0005871,ISIC_0032080,nv,0,HAM10000_images_part_2/ISIC_0032080.jpg,follow_up,50.0,female,trunk
HAM_0006977,ISIC_0029456,nv,0,HAM10000_images_part_2/ISIC_0029456.jpg,follow_up,50.0,female,back
HAM_0001843,ISIC_0028279,nv,0,HAM10000_images_part_1/ISIC_0028279.jpg,follow_up,70.0,male,trunk
HAM_0001828,ISIC_0030692,nv,0,HAM10000_images_part_2/ISIC_0030692.jpg,follow_up,70.0,male,lower extremity
HAM_0005281,ISIC_0028908,nv,0,HAM10000_images_part_1/ISIC_0028908.jpg,follow_up,60.0,female,lower extremity
HAM_0000813,ISIC_0024395,nv,0,HAM10000_images_part_1/ISIC_0024395.jpg,follow_up,60.0,female,lower extremity
HAM_0000555,ISIC_0026791,nv,0,HAM10000_images_part_1/ISIC_0026791.jpg,follow_up,60.0,female,trunk
HAM_0002747,ISIC_0025242,nv,0,HAM10000_images_part_1/ISIC_0025242.jpg,follow_up,60.0,female,lower extremity
HAM_0004244,ISIC_0032352,nv,0,HAM10000_images_part_2/ISIC_0032352.jpg,follow_up,60.0,female,lower extremity
HAM_0002583,ISIC_0026572,nv,0,HAM10000_images_part_1/ISIC_0026572.jpg,follow_up,40.0,male,trunk
HAM_0004918,ISIC_0026317,nv,0,HAM10000_images_part_1/ISIC_0026317.jpg,follow_up,40.0,male,trunk
HAM_0006687,ISIC_0031273,nv,0,HAM10000_images_part_2/ISIC_0031273.jpg,follow_up,40.0,male,lower extremity
HAM_0000475,ISIC_0027299,nv,0,HAM10000_images_part_1/ISIC_0027299.jpg,follow_up,40.0,male,lower extremity
HAM_0004608,ISIC_0028979,nv,0,HAM10000_images_part_1/ISIC_0028979.jpg,follow_up,40.0,male,lower extremity
HAM_0000697,ISIC_0029148,nv,0,HAM10000_images_part_1/ISIC_0029148.jpg,follow_up,40.0,male,abdomen
HAM_0001690,ISIC_0032361,nv,0,HAM10000_images_part_2/ISIC_0032361.jpg,follow_up,50.0,female,abdomen
HAM_0001483,ISIC_0030752,nv,0,HAM10000_images_part_2/ISIC_0030752.jpg,follow_up,55.0,female,trunk
HAM_0003453,ISIC_0031508,nv,0,HAM10000_images_part_2/ISIC_0031508.jpg,follow_up,55.0,female,abdomen
HAM_0000587,ISIC_0025379,nv,0,HAM10000_images_part_1/ISIC_0025379.jpg,follow_up,85.0,male,lower extremity
HAM_0000437,ISIC_0027731,nv,0,HAM10000_images_part_1/ISIC_0027731.jpg,follow_up,55.0,female,abdomen
HAM_0001332,ISIC_0026953,nv,0,HAM10000_images_part_1/ISIC_0026953.jpg,follow_up,55.0,female,abdomen
HAM_0005685,ISIC_0031490,nv,0,HAM10000_images_part_2/ISIC_0031490.jpg,follow_up,55.0,female,unknown
HAM_0001886,ISIC_0028318,nv,0,HAM10000_images_part_1/ISIC_0028318.jpg,follow_up,50.0,female,lower extremity
HAM_0001636,ISIC_0030866,nv,0,HAM10000_images_part_2/ISIC_0030866.jpg,follow_up,50.0,female,upper extremity
HAM_0002868,ISIC_0031998,nv,0,HAM10000_images_part_2/ISIC_0031998.jpg,follow_up,50.0,female,upper extremity
HAM_0003087,ISIC_0028133,nv,0,HAM10000_images_part_1/ISIC_0028133.jpg,follow_up,75.0,male,chest
HAM_0000641,ISIC_0027477,nv,0,HAM10000_images_part_1/ISIC_0027477.jpg,follow_up,60.0,male,lower extremity
HAM_0002614,ISIC_0027637,nv,0,HAM10000_images_part_1/ISIC_0027637.jpg,follow_up,75.0,male,trunk
HAM_0000260,ISIC_0026436,nv,0,HAM10000_images_part_1/ISIC_0026436.jpg,follow_up,75.0,male,trunk
HAM_0005305,ISIC_0028771,nv,0,HAM10000_images_part_1/ISIC_0028771.jpg,follow_up,80.0,male,trunk
HAM_0001085,ISIC_0025919,nv,0,HAM10000_images_part_1/ISIC_0025919.jpg,follow_up,75.0,male,abdomen
HAM_0001436,ISIC_0029128,nv,0,HAM10000_images_part_1/ISIC_0029128.jpg,follow_up,75.0,male,back
HAM_0007388,ISIC_0031693,nv,0,HAM10000_images_part_2/ISIC_0031693.jpg,follow_up,75.0,male,trunk
HAM_0006374,ISIC_0031540,nv,0,HAM10000_images_part_2/ISIC_0031540.jpg,follow_up,75.0,male,lower extremity
HAM_0001691,ISIC_0029264,nv,0,HAM10000_images_part_1/ISIC_0029264.jpg,follow_up,75.0,male,lower extremity
HAM_0005890,ISIC_0027653,nv,0,HAM10000_images_part_1/ISIC_0027653.jpg,follow_up,60.0,male,abdomen
HAM_0002457,ISIC_0027457,nv,0,HAM10000_images_part_1/ISIC_0027457.jpg,follow_up,60.0,male,back
HAM_0000911,ISIC_0029087,nv,0,HAM10000_images_part_1/ISIC_0029087.jpg,follow_up,60.0,male,upper extremity
HAM_0002544,ISIC_0029711,nv,0,HAM10000_images_part_2/ISIC_0029711.jpg,follow_up,45.0,female,trunk
HAM_0004482,ISIC_0025449,nv,0,HAM10000_images_part_1/ISIC_0025449.jpg,follow_up,60.0,male,trunk
HAM_0001634,ISIC_0025792,nv,0,HAM10000_images_part_1/ISIC_0025792.jpg,follow_up,60.0,female,genital
HAM_0003353,ISIC_0025162,nv,0,HAM10000_images_part_1/ISIC_0025162.jpg,follow_up,50.0,male,abdomen
HAM_0000945,ISIC_0031104,nv,0,HAM10000_images_part_2/ISIC_0031104.jpg,follow_up,60.0,female,foot
HAM_0001736,ISIC_0026407,nv,0,HAM10000_images_part_1/ISIC_0026407.jpg,follow_up,60.0,female,unknown
HAM_0007377,ISIC_0029695,nv,0,HAM10000_images_part_2/ISIC_0029695.jpg,follow_up,55.0,female,abdomen
HAM_0006413,ISIC_0031165,nv,0,HAM10000_images_part_2/ISIC_0031165.jpg,follow_up,55.0,female,upper extremity
HAM_0004983,ISIC_0030291,nv,0,HAM10000_images_part_2/ISIC_0030291.jpg,follow_up,55.0,female,foot
HAM_0004527,ISIC_0027638,nv,0,HAM10000_images_part_1/ISIC_0027638.jpg,follow_up,55.0,female,trunk
HAM_0004148,ISIC_0026503,nv,0,HAM10000_images_part_1/ISIC_0026503.jpg,follow_up,55.0,female,trunk
HAM_0001262,ISIC_0026677,nv,0,HAM10000_images_part_1/ISIC_0026677.jpg,follow_up,55.0,female,lower extremity
HAM_0001087,ISIC_0031785,nv,0,HAM10000_images_part_2/ISIC_0031785.jpg,follow_up,60.0,male,lower extremity
HAM_0005534,ISIC_0032075,nv,0,HAM10000_images_part_2/ISIC_0032075.jpg,follow_up,50.0,male,back
HAM_0005306,ISIC_0027056,nv,0,HAM10000_images_part_1/ISIC_0027056.jpg,follow_up,60.0,male,back
HAM_0001109,ISIC_0027636,nv,0,HAM10000_images_part_1/ISIC_0027636.jpg,follow_up,60.0,male,trunk
HAM_0002019,ISIC_0030402,nv,0,HAM10000_images_part_2/ISIC_0030402.jpg,follow_up,60.0,male,back
HAM_0004464,ISIC_0025720,nv,0,HAM10000_images_part_1/ISIC_0025720.jpg,follow_up,40.0,male,lower extremity
HAM_0002999,ISIC_0029844,nv,0,HAM10000_images_part_2/ISIC_0029844.jpg,follow_up,40.0,male,back
HAM_0006093,ISIC_0024974,nv,0,HAM10000_images_part_1/ISIC_0024974.jpg,follow_up,40.0,male,trunk
HAM_0007190,ISIC_0030505,nv,0,HAM10000_images_part_2/ISIC_0030505.jpg,follow_up,40.0,male,abdomen
HAM_0002859,ISIC_0025119,nv,0,HAM10000_images_part_1/ISIC_0025119.jpg,follow_up,40.0,male,back
HAM_0000565,ISIC_0025976,nv,0,HAM10000_images_part_1/ISIC_0025976.jpg,follow_up,40.0,male,trunk
HAM_0003950,ISIC_0026474,nv,0,HAM10000_images_part_1/ISIC_0026474.jpg,follow_up,40.0,male,lower extremity
HAM_0000426,ISIC_0028182,nv,0,HAM10000_images_part_1/ISIC_0028182.jpg,follow_up,50.0,male,trunk
HAM_0001687,ISIC_0027230,nv,0,HAM10000_images_part_1/ISIC_0027230.jpg,follow_up,50.0,male,back
HAM_0005493,ISIC_0028535,nv,0,HAM10000_images_part_1/ISIC_0028535.jpg,follow_up,40.0,female,back
HAM_0005390,ISIC_0024574,nv,0,HAM10000_images_part_1/ISIC_0024574.jpg,follow_up,40.0,female,lower extremity
HAM_0002938,ISIC_0025580,nv,0,HAM10000_images_part_1/ISIC_0025580.jpg,follow_up,50.0,male,upper extremity
HAM_0002789,ISIC_0030578,nv,0,HAM10000_images_part_2/ISIC_0030578.jpg,follow_up,50.0,male,back
HAM_0005538,ISIC_0028246,nv,0,HAM10000_images_part_1/ISIC_0028246.jpg,follow_up,45.0,male,abdomen
HAM_0002634,ISIC_0028392,nv,0,HAM10000_images_part_1/ISIC_0028392.jpg,follow_up,50.0,male,trunk
HAM_0005210,ISIC_0025965,nv,0,HAM10000_images_part_1/ISIC_0025965.jpg,follow_up,50.0,male,trunk
HAM_0006307,ISIC_0024570,nv,0,HAM10000_images_part_1/ISIC_0024570.jpg,follow_up,50.0,male,back
HAM_0000240,ISIC_0028552,nv,0,HAM10000_images_part_1/ISIC_0028552.jpg,follow_up,60.0,male,trunk
HAM_0000733,ISIC_0024965,nv,0,HAM10000_images_part_1/ISIC_0024965.jpg,follow_up,60.0,male,genital
HAM_0007624,ISIC_0026322,nv,0,HAM10000_images_part_1/ISIC_0026322.jpg,follow_up,60.0,male,trunk
HAM_0003067,ISIC_0032084,nv,0,HAM10000_images_part_2/ISIC_0032084.jpg,follow_up,60.0,male,abdomen
HAM_0000831,ISIC_0029226,nv,0,HAM10000_images_part_1/ISIC_0029226.jpg,follow_up,60.0,male,abdomen
HAM_0000654,ISIC_0027799,nv,0,HAM10000_images_part_1/ISIC_0027799.jpg,follow_up,45.0,male,abdomen
HAM_0000669,ISIC_0032052,nv,0,HAM10000_images_part_2/ISIC_0032052.jpg,follow_up,55.0,female,lower extremity
HAM_0000829,ISIC_0029440,nv,0,HAM10000_images_part_2/ISIC_0029440.jpg,follow_up,60.0,male,lower extremity
HAM_0005920,ISIC_0026727,nv,0,HAM10000_images_part_1/ISIC_0026727.jpg,follow_up,80.0,male,trunk
HAM_0000514,ISIC_0028934,nv,0,HAM10000_images_part_1/ISIC_0028934.jpg,follow_up,80.0,male,trunk
HAM_0003999,ISIC_0026945,nv,0,HAM10000_images_part_1/ISIC_0026945.jpg,follow_up,80.0,male,abdomen
HAM_0000711,ISIC_0029387,nv,0,HAM10000_images_part_2/ISIC_0029387.jpg,follow_up,80.0,male,abdomen
HAM_0001408,ISIC_0031004,nv,0,HAM10000_images_part_2/ISIC_0031004.jpg,follow_up,80.0,male,back
HAM_0001432,ISIC_0024393,nv,0,HAM10000_images_part_1/ISIC_0024393.jpg,follow_up,80.0,male,trunk
HAM_0000489,ISIC_0024960,nv,0,HAM10000_images_part_1/ISIC_0024960.jpg,follow_up,80.0,male,trunk
HAM_0000360,ISIC_0025854,nv,0,HAM10000_images_part_1/ISIC_0025854.jpg,follow_up,35.0,male,lower extremity
HAM_0007362,ISIC_0030373,nv,0,HAM10000_images_part_2/ISIC_0030373.jpg,follow_up,35.0,male,back
HAM_0007351,ISIC_0032183,nv,0,HAM10000_images_part_2/ISIC_0032183.jpg,follow_up,35.0,male,back
HAM_0003511,ISIC_0024321,nv,0,HAM10000_images_part_1/ISIC_0024321.jpg,follow_up,35.0,male,lower extremity
HAM_0001371,ISIC_0029322,nv,0,HAM10000_images_part_2/ISIC_0029322.jpg,follow_up,50.0,female,trunk
HAM_0004602,ISIC_0031240,nv,0,HAM10000_images_part_2/ISIC_0031240.jpg,follow_up,55.0,female,trunk
HAM_0005406,ISIC_0027807,nv,0,HAM10000_images_part_1/ISIC_0027807.jpg,follow_up,45.0,female,upper extremity
HAM_0002568,ISIC_0030037,nv,0,HAM10000_images_part_2/ISIC_0030037.jpg,follow_up,55.0,female,lower extremity
HAM_0005128,ISIC_0025549,nv,0,HAM10000_images_part_1/ISIC_0025549.jpg,follow_up,55.0,female,back
HAM_0000957,ISIC_0029449,nv,0,HAM10000_images_part_2/ISIC_0029449.jpg,follow_up,55.0,female,back
HAM_0005917,ISIC_0032272,nv,0,HAM10000_images_part_2/ISIC_0032272.jpg,follow_up,50.0,female,trunk
HAM_0005990,ISIC_0032320,nv,0,HAM10000_images_part_2/ISIC_0032320.jpg,follow_up,50.0,female,trunk
HAM_0007198,ISIC_0026200,nv,0,HAM10000_images_part_1/ISIC_0026200.jpg,follow_up,50.0,female,lower extremity
HAM_0003930,ISIC_0028221,nv,0,HAM10000_images_part_1/ISIC_0028221.jpg,follow_up,50.0,male,abdomen
HAM_0002931,ISIC_0028427,nv,0,HAM10000_images_part_1/ISIC_0028427.jpg,follow_up,45.0,male,lower extremity
HAM_0004262,ISIC_0025236,nv,0,HAM10000_images_part_1/ISIC_0025236.jpg,follow_up,45.0,male,lower extremity
HAM_0005875,ISIC_0032250,nv,0,HAM10000_images_part_2/ISIC_0032250.jpg,follow_up,45.0,male,back
HAM_0004749,ISIC_0024543,nv,0,HAM10000_images_part_1/ISIC_0024543.jpg,follow_up,45.0,male,lower extremity
HAM_0000458,ISIC_0025714,nv,0,HAM10000_images_part_1/ISIC_0025714.jpg,follow_up,20.0,male,back
HAM_0004858,ISIC_0032239,nv,0,HAM10000_images_part_2/ISIC_0032239.jpg,follow_up,50.0,female,trunk
HAM_0000803,ISIC_0025925,nv,0,HAM10000_images_part_1/ISIC_0025925.jpg,follow_up,50.0,female,trunk
HAM_0005067,ISIC_0026261,nv,0,HAM10000_images_part_1/ISIC_0026261.jpg,follow_up,50.0,female,upper extremity
HAM_0000592,ISIC_0030781,nv,0,HAM10000_images_part_2/ISIC_0030781.jpg,follow_up,50.0,female,back
HAM_0006090,ISIC_0026859,nv,0,HAM10000_images_part_1/ISIC_0026859.jpg,follow_up,50.0,female,back
HAM_0006839,ISIC_0028683,nv,0,HAM10000_images_part_1/ISIC_0028683.jpg,follow_up,50.0,female,trunk
HAM_0006373,ISIC_0028143,nv,0,HAM10000_images_part_1/ISIC_0028143.jpg,follow_up,50.0,female,abdomen
HAM_0001256,ISIC_0025997,nv,0,HAM10000_images_part_1/ISIC_0025997.jpg,follow_up,50.0,female,trunk
HAM_0006840,ISIC_0025844,nv,0,HAM10000_images_part_1/ISIC_0025844.jpg,follow_up,35.0,male,trunk
HAM_0002403,ISIC_0028612,nv,0,HAM10000_images_part_1/ISIC_0028612.jpg,follow_up,75.0,female,abdomen
HAM_0006010,ISIC_0028695,nv,0,HAM10000_images_part_1/ISIC_0028695.jpg,follow_up,75.0,female,back
HAM_0007503,ISIC_0026109,nv,0,HAM10000_images_part_1/ISIC_0026109.jpg,follow_up,50.0,male,trunk
HAM_0002737,ISIC_0029795,nv,0,HAM10000_images_part_2/ISIC_0029795.jpg,follow_up,50.0,male,abdomen
HAM_0000030,ISIC_0031383,nv,0,HAM10000_images_part_2/ISIC_0031383.jpg,follow_up,50.0,male,lower extremity
HAM_0006212,ISIC_0029721,nv,0,HAM10000_images_part_2/ISIC_0029721.jpg,follow_up,70.0,male,trunk
HAM_0005556,ISIC_0028383,nv,0,HAM10000_images_part_1/ISIC_0028383.jpg,follow_up,50.0,male,back
HAM_0001758,ISIC_0024362,nv,0,HAM10000_images_part_1/ISIC_0024362.jpg,follow_up,50.0,male,trunk
HAM_0007211,ISIC_0025377,nv,0,HAM10000_images_part_1/ISIC_0025377.jpg,follow_up,50.0,male,trunk
HAM_0001568,ISIC_0030614,nv,0,HAM10000_images_part_2/ISIC_0030614.jpg,follow_up,50.0,male,trunk
HAM_0002735,ISIC_0029992,nv,0,HAM10000_images_part_2/ISIC_0029992.jpg,follow_up,50.0,male,trunk
HAM_0003298,ISIC_0031535,nv,0,HAM10000_images_part_2/ISIC_0031535.jpg,follow_up,50.0,male,back
HAM_0005426,ISIC_0028902,nv,0,HAM10000_images_part_1/ISIC_0028902.jpg,follow_up,40.0,female,lower extremity
HAM_0003577,ISIC_0024307,nv,0,HAM10000_images_part_1/ISIC_0024307.jpg,follow_up,50.0,male,lower extremity
HAM_0004026,ISIC_0030357,nv,0,HAM10000_images_part_2/ISIC_0030357.jpg,follow_up,50.0,female,back
HAM_0007397,ISIC_0027393,nv,0,HAM10000_images_part_1/ISIC_0027393.jpg,follow_up,50.0,female,trunk
HAM_0006060,ISIC_0030513,nv,0,HAM10000_images_part_2/ISIC_0030513.jpg,follow_up,50.0,female,lower extremity
HAM_0004093,ISIC_0030562,nv,0,HAM10000_images_part_2/ISIC_0030562.jpg,follow_up,50.0,female,upper extremity
HAM_0007387,ISIC_0027119,nv,0,HAM10000_images_part_1/ISIC_0027119.jpg,follow_up,75.0,female,abdomen
HAM_0007509,ISIC_0027542,nv,0,HAM10000_images_part_1/ISIC_0027542.jpg,follow_up,75.0,female,lower extremity
HAM_0001093,ISIC_0032198,nv,0,HAM10000_images_part_2/ISIC_0032198.jpg,follow_up,75.0,female,upper extremity
HAM_0002075,ISIC_0026678,nv,0,HAM10000_images_part_1/ISIC_0026678.jpg,follow_up,75.0,female,trunk
HAM_0006383,ISIC_0025183,nv,0,HAM10000_images_part_1/ISIC_0025183.jpg,follow_up,75.0,female,trunk
HAM_0004894,ISIC_0030643,nv,0,HAM10000_images_part_2/ISIC_0030643.jpg,follow_up,50.0,male,trunk
HAM_0007328,ISIC_0030684,nv,0,HAM10000_images_part_2/ISIC_0030684.jpg,follow_up,50.0,male,lower extremity
HAM_0004723,ISIC_0032413,nv,0,HAM10000_images_part_2/ISIC_0032413.jpg,follow_up,60.0,female,genital
HAM_0000293,ISIC_0030154,nv,0,HAM10000_images_part_2/ISIC_0030154.jpg,follow_up,55.0,male,abdomen
HAM_0004718,ISIC_0027589,nv,0,HAM10000_images_part_1/ISIC_0027589.jpg,follow_up,50.0,female,abdomen
HAM_0000385,ISIC_0024611,nv,0,HAM10000_images_part_1/ISIC_0024611.jpg,follow_up,50.0,female,back
HAM_0000991,ISIC_0028275,nv,0,HAM10000_images_part_1/ISIC_0028275.jpg,follow_up,30.0,male,lower extremity
HAM_0004236,ISIC_0032180,nv,0,HAM10000_images_part_2/ISIC_0032180.jpg,follow_up,55.0,female,back
HAM_0006811,ISIC_0024794,nv,0,HAM10000_images_part_1/ISIC_0024794.jpg,follow_up,55.0,female,trunk
HAM_0007594,ISIC_0028772,nv,0,HAM10000_images_part_1/ISIC_0028772.jpg,follow_up,55.0,female,lower extremity
HAM_0006768,ISIC_0028284,nv,0,HAM10000_images_part_1/ISIC_0028284.jpg,follow_up,55.0,female,lower extremity
HAM_0000714,ISIC_0027857,nv,0,HAM10000_images_part_1/ISIC_0027857.jpg,follow_up,55.0,female,back
HAM_0001644,ISIC_0029906,nv,0,HAM10000_images_part_2/ISIC_0029906.jpg,follow_up,55.0,female,lower extremity
HAM_0005850,ISIC_0026708,nv,0,HAM10000_images_part_1/ISIC_0026708.jpg,follow_up,50.0,female,back
HAM_0005816,ISIC_0027257,nv,0,HAM10000_images_part_1/ISIC_0027257.jpg,follow_up,50.0,female,trunk
HAM_0005843,ISIC_0024820,nv,0,HAM10000_images_part_1/ISIC_0024820.jpg,follow_up,50.0,female,trunk
HAM_0005269,ISIC_0025649,nv,0,HAM10000_images_part_1/ISIC_0025649.jpg,follow_up,50.0,female,abdomen
HAM_0007495,ISIC_0027491,nv,0,HAM10000_images_part_1/ISIC_0027491.jpg,follow_up,35.0,female,trunk
HAM_0007559,ISIC_0028603,nv,0,HAM10000_images_part_1/ISIC_0028603.jpg,follow_up,35.0,female,trunk
HAM_0000359,ISIC_0025701,nv,0,HAM10000_images_part_1/ISIC_0025701.jpg,follow_up,35.0,female,lower extremity
HAM_0001827,ISIC_0031275,nv,0,HAM10000_images_part_2/ISIC_0031275.jpg,follow_up,50.0,female,trunk
HAM_0000901,ISIC_0032120,nv,0,HAM10000_images_part_2/ISIC_0032120.jpg,follow_up,50.0,female,lower extremity
HAM_0006505,ISIC_0031343,nv,0,HAM10000_images_part_2/ISIC_0031343.jpg,follow_up,45.0,female,abdomen
HAM_0007181,ISIC_0031964,nv,0,HAM10000_images_part_2/ISIC_0031964.jpg,follow_up,50.0,male,upper extremity
HAM_0000824,ISIC_0029702,nv,0,HAM10000_images_part_2/ISIC_0029702.jpg,follow_up,50.0,male,lower extremity
HAM_0002064,ISIC_0030131,nv,0,HAM10000_images_part_2/ISIC_0030131.jpg,follow_up,50.0,female,trunk
HAM_0003432,ISIC_0027962,nv,0,HAM10000_images_part_1/ISIC_0027962.jpg,follow_up,50.0,female,upper extremity
HAM_0000470,ISIC_0026965,nv,0,HAM10000_images_part_1/ISIC_0026965.jpg,follow_up,50.0,female,foot
HAM_0001181,ISIC_0030409,nv,0,HAM10000_images_part_2/ISIC_0030409.jpg,follow_up,50.0,female,upper extremity
HAM_0007161,ISIC_0026734,nv,0,HAM10000_images_part_1/ISIC_0026734.jpg,follow_up,50.0,female,lower extremity
HAM_0005285,ISIC_0025167,nv,0,HAM10000_images_part_1/ISIC_0025167.jpg,follow_up,50.0,female,trunk
HAM_0001127,ISIC_0029307,nv,0,HAM10000_images_part_2/ISIC_0029307.jpg,follow_up,50.0,female,trunk
HAM_0005951,ISIC_0027325,nv,0,HAM10000_images_part_1/ISIC_0027325.jpg,follow_up,50.0,female,lower extremity
HAM_0006361,ISIC_0030196,nv,0,HAM10000_images_part_2/ISIC_0030196.jpg,follow_up,50.0,female,lower extremity
HAM_0006404,ISIC_0026983,nv,0,HAM10000_images_part_1/ISIC_0026983.jpg,follow_up,40.0,female,trunk
HAM_0005177,ISIC_0029423,nv,0,HAM10000_images_part_2/ISIC_0029423.jpg,follow_up,40.0,female,lower extremity
HAM_0007615,ISIC_0027417,nv,0,HAM10000_images_part_1/ISIC_0027417.jpg,follow_up,40.0,female,back
HAM_0002311,ISIC_0028514,nv,0,HAM10000_images_part_1/ISIC_0028514.jpg,follow_up,40.0,female,lower extremity
HAM_0000997,ISIC_0030385,nv,0,HAM10000_images_part_2/ISIC_0030385.jpg,follow_up,75.0,female,trunk
HAM_0007270,ISIC_0030166,nv,0,HAM10000_images_part_2/ISIC_0030166.jpg,follow_up,75.0,female,trunk
HAM_0002825,ISIC_0031296,nv,0,HAM10000_images_part_2/ISIC_0031296.jpg,follow_up,75.0,female,abdomen
HAM_0003612,ISIC_0024456,nv,0,HAM10000_images_part_1/ISIC_0024456.jpg,follow_up,75.0,female,back
HAM_0004152,ISIC_0025137,nv,0,HAM10000_images_part_1/ISIC_0025137.jpg,follow_up,50.0,female,abdomen
HAM_0000646,ISIC_0025890,nv,0,HAM10000_images_part_1/ISIC_0025890.jpg,follow_up,50.0,female,lower extremity
HAM_0004298,ISIC_0025648,nv,0,HAM10000_images_part_1/ISIC_0025648.jpg,follow_up,40.0,male,upper extremity
HAM_0003783,ISIC_0024488,nv,0,HAM10000_images_part_1/ISIC_0024488.jpg,follow_up,55.0,female,trunk
HAM_0000839,ISIC_0032049,nv,0,HAM10000_images_part_2/ISIC_0032049.jpg,follow_up,55.0,female,trunk
HAM_0003842,ISIC_0027217,nv,0,HAM10000_images_part_1/ISIC_0027217.jpg,follow_up,55.0,female,abdomen
HAM_0001281,ISIC_0027048,nv,0,HAM10000_images_part_1/ISIC_0027048.jpg,follow_up,55.0,female,lower extremity
HAM_0007554,ISIC_0028193,nv,0,HAM10000_images_part_1/ISIC_0028193.jpg,follow_up,55.0,female,lower extremity
HAM_0000550,ISIC_0024306,nv,0,HAM10000_images_part_1/ISIC_0024306.jpg,follow_up,45.0,male,trunk
HAM_0005949,ISIC_0027148,nv,0,HAM10000_images_part_1/ISIC_0027148.jpg,follow_up,45.0,male,upper extremity
HAM_0001885,ISIC_0027534,nv,0,HAM10000_images_part_1/ISIC_0027534.jpg,follow_up,75.0,female,lower extremity
HAM_0003708,ISIC_0027232,nv,0,HAM10000_images_part_1/ISIC_0027232.jpg,follow_up,75.0,female,lower extremity
HAM_0004520,ISIC_0027259,nv,0,HAM10000_images_part_1/ISIC_0027259.jpg,follow_up,60.0,male,trunk
HAM_0006719,ISIC_0027409,nv,0,HAM10000_images_part_1/ISIC_0027409.jpg,follow_up,60.0,male,abdomen
HAM_0001831,ISIC_0029556,nv,0,HAM10000_images_part_2/ISIC_0029556.jpg,follow_up,60.0,male,back
HAM_0006973,ISIC_0029377,nv,0,HAM10000_images_part_2/ISIC_0029377.jpg,follow_up,60.0,male,trunk
HAM_0000946,ISIC_0031775,nv,0,HAM10000_images_part_2/ISIC_0031775.jpg,follow_up,60.0,male,trunk
HAM_0002014,ISIC_0031120,nv,0,HAM10000_images_part_2/ISIC_0031120.jpg,follow_up,55.0,male,abdomen
HAM_0007177,ISIC_0025626,nv,0,HAM10000_images_part_1/ISIC_0025626.jpg,follow_up,30.0,male,trunk
HAM_0006731,ISIC_0026683,nv,0,HAM10000_images_part_1/ISIC_0026683.jpg,follow_up,30.0,male,abdomen
HAM_0003467,ISIC_0031089,nv,0,HAM10000_images_part_2/ISIC_0031089.jpg,follow_up,30.0,male,trunk
HAM_0001705,ISIC_0029009,nv,0,HAM10000_images_part_1/ISIC_0029009.jpg,follow_up,30.0,male,lower extremity
HAM_0006298,ISIC_0030613,nv,0,HAM10000_images_part_2/ISIC_0030613.jpg,follow_up,40.0,female,abdomen
HAM_0002654,ISIC_0025698,nv,0,HAM10000_images_part_1/ISIC_0025698.jpg,follow_up,40.0,female,trunk
HAM_0002328,ISIC_0026896,nv,0,HAM10000_images_part_1/ISIC_0026896.jpg,follow_up,40.0,female,back
HAM_0000276,ISIC_0029864,nv,0,HAM10000_images_part_2/ISIC_0029864.jpg,follow_up,40.0,female,trunk
HAM_0006278,ISIC_0031141,nv,0,HAM10000_images_part_2/ISIC_0031141.jpg,follow_up,40.0,female,lower extremity
HAM_0003047,ISIC_0026505,nv,0,HAM10000_images_part_1/ISIC_0026505.jpg,follow_up,40.0,female,trunk
HAM_0003733,ISIC_0025448,nv,0,HAM10000_images_part_1/ISIC_0025448.jpg,follow_up,40.0,female,lower extremity
HAM_0000969,ISIC_0028071,nv,0,HAM10000_images_part_1/ISIC_0028071.jpg,follow_up,40.0,female,lower extremity
HAM_0003666,ISIC_0029246,nv,0,HAM10000_images_part_1/ISIC_0029246.jpg,follow_up,40.0,female,lower extremity
HAM_0005411,ISIC_0026300,nv,0,HAM10000_images_part_1/ISIC_0026300.jpg,follow_up,65.0,female,abdomen
HAM_0005422,ISIC_0030554,nv,0,HAM10000_images_part_2/ISIC_0030554.jpg,follow_up,65.0,female,lower extremity
HAM_0002989,ISIC_0027378,nv,0,HAM10000_images_part_1/ISIC_0027378.jpg,follow_up,65.0,female,lower extremity
HAM_0002219,ISIC_0031679,nv,0,HAM10000_images_part_2/ISIC_0031679.jpg,follow_up,55.0,female,trunk
HAM_0004649,ISIC_0031373,nv,0,HAM10000_images_part_2/ISIC_0031373.jpg,follow_up,60.0,female,trunk
HAM_0000530,ISIC_0025135,nv,0,HAM10000_images_part_1/ISIC_0025135.jpg,follow_up,60.0,female,abdomen
HAM_0005827,ISIC_0026119,nv,0,HAM10000_images_part_1/ISIC_0026119.jpg,follow_up,60.0,female,abdomen
HAM_0004031,ISIC_0029517,nv,0,HAM10000_images_part_2/ISIC_0029517.jpg,follow_up,60.0,female,lower extremity
HAM_0001340,ISIC_0025290,nv,0,HAM10000_images_part_1/ISIC_0025290.jpg,follow_up,60.0,female,lower extremity
HAM_0000315,ISIC_0027474,nv,0,HAM10000_images_part_1/ISIC_0027474.jpg,follow_up,45.0,male,abdomen
HAM_0005731,ISIC_0024920,nv,0,HAM10000_images_part_1/ISIC_0024920.jpg,follow_up,45.0,male,back
HAM_0001468,ISIC_0024469,nv,0,HAM10000_images_part_1/ISIC_0024469.jpg,follow_up,45.0,male,trunk
HAM_0007298,ISIC_0028345,nv,0,HAM10000_images_part_1/ISIC_0028345.jpg,follow_up,45.0,male,trunk
HAM_0002076,ISIC_0024720,nv,0,HAM10000_images_part_1/ISIC_0024720.jpg,follow_up,45.0,male,trunk
HAM_0006058,ISIC_0028911,nv,0,HAM10000_images_part_1/ISIC_0028911.jpg,follow_up,40.0,female,trunk
HAM_0001047,ISIC_0028853,nv,0,HAM10000_images_part_1/ISIC_0028853.jpg,follow_up,35.0,female,back
HAM_0002972,ISIC_0025430,nv,0,HAM10000_images_part_1/ISIC_0025430.jpg,follow_up,40.0,female,genital
HAM_0003397,ISIC_0027740,nv,0,HAM10000_images_part_1/ISIC_0027740.jpg,follow_up,45.0,male,abdomen
HAM_0001071,ISIC_0027570,nv,0,HAM10000_images_part_1/ISIC_0027570.jpg,follow_up,50.0,male,trunk
HAM_0002200,ISIC_0025951,nv,0,HAM10000_images_part_1/ISIC_0025951.jpg,follow_up,55.0,female,back
HAM_0000434,ISIC_0031635,nv,0,HAM10000_images_part_2/ISIC_0031635.jpg,follow_up,45.0,female,trunk
HAM_0000722,ISIC_0025875,nv,0,HAM10000_images_part_1/ISIC_0025875.jpg,follow_up,75.0,male,trunk
HAM_0001114,ISIC_0031260,nv,0,HAM10000_images_part_2/ISIC_0031260.jpg,follow_up,75.0,male,abdomen
HAM_0007213,ISIC_0030897,nv,0,HAM10000_images_part_2/ISIC_0030897.jpg,follow_up,50.0,male,trunk
HAM_0007531,ISIC_0030837,nv,0,HAM10000_images_part_2/ISIC_0030837.jpg,follow_up,45.0,male,abdomen
HAM_0001850,ISIC_0030947,nv,0,HAM10000_images_part_2/ISIC_0030947.jpg,follow_up,45.0,male,lower extremity
HAM_0004810,ISIC_0030220,nv,0,HAM10000_images_part_2/ISIC_0030220.jpg,follow_up,45.0,male,trunk
HAM_0006656,ISIC_0028192,nv,0,HAM10000_images_part_1/ISIC_0028192.jpg,follow_up,45.0,male,trunk
HAM_0002635,ISIC_0029364,nv,0,HAM10000_images_part_2/ISIC_0029364.jpg,follow_up,70.0,male,lower extremity
HAM_0002710,ISIC_0025241,nv,0,HAM10000_images_part_1/ISIC_0025241.jpg,follow_up,70.0,male,lower extremity
HAM_0006338,ISIC_0025125,nv,0,HAM10000_images_part_1/ISIC_0025125.jpg,follow_up,70.0,male,abdomen
HAM_0000314,ISIC_0024621,nv,0,HAM10000_images_part_1/ISIC_0024621.jpg,follow_up,70.0,male,abdomen
HAM_0007210,ISIC_0026699,nv,0,HAM10000_images_part_1/ISIC_0026699.jpg,follow_up,70.0,male,lower extremity
HAM_0007565,ISIC_0028241,nv,0,HAM10000_images_part_1/ISIC_0028241.jpg,follow_up,70.0,male,trunk
HAM_0006169,ISIC_0026747,nv,0,HAM10000_images_part_1/ISIC_0026747.jpg,follow_up,40.0,male,lower extremity
HAM_0004732,ISIC_0024858,nv,0,HAM10000_images_part_1/ISIC_0024858.jpg,follow_up,40.0,male,trunk
HAM_0007386,ISIC_0024568,nv,0,HAM10000_images_part_1/ISIC_0024568.jpg,follow_up,40.0,male,lower extremity
HAM_0000739,ISIC_0025561,nv,0,HAM10000_images_part_1/ISIC_0025561.jpg,follow_up,40.0,male,trunk
HAM_0006204,ISIC_0029806,nv,0,HAM10000_images_part_2/ISIC_0029806.jpg,follow_up,60.0,male,trunk
HAM_0005070,ISIC_0030863,nv,0,HAM10000_images_part_2/ISIC_0030863.jpg,follow_up,55.0,female,trunk
HAM_0007380,ISIC_0029324,nv,0,HAM10000_images_part_2/ISIC_0029324.jpg,follow_up,55.0,female,trunk
HAM_0005168,ISIC_0028277,nv,0,HAM10000_images_part_1/ISIC_0028277.jpg,follow_up,55.0,female,back
HAM_0001394,ISIC_0031864,nv,0,HAM10000_images_part_2/ISIC_0031864.jpg,follow_up,55.0,female,lower extremity
HAM_0006337,ISIC_0029106,nv,0,HAM10000_images_part_1/ISIC_0029106.jpg,follow_up,55.0,female,lower extremity
HAM_0002982,ISIC_0031423,nv,0,HAM10000_images_part_2/ISIC_0031423.jpg,follow_up,50.0,female,abdomen
HAM_0004901,ISIC_0025361,nv,0,HAM10000_images_part_1/ISIC_0025361.jpg,follow_up,35.0,female,back
HAM_0003481,ISIC_0029050,nv,0,HAM10000_images_part_1/ISIC_0029050.jpg,follow_up,35.0,female,back
HAM_0005321,ISIC_0031816,nv,0,HAM10000_images_part_2/ISIC_0031816.jpg,follow_up,35.0,female,trunk
HAM_0002550,ISIC_0027682,nv,0,HAM10000_images_part_1/ISIC_0027682.jpg,follow_up,35.0,female,lower extremity
HAM_0005350,ISIC_0032054,nv,0,HAM10000_images_part_2/ISIC_0032054.jpg,follow_up,35.0,female,upper extremity
HAM_0004712,ISIC_0030101,nv,0,HAM10000_images_part_2/ISIC_0030101.jpg,follow_up,55.0,female,lower extremity
HAM_0001298,ISIC_0024731,nv,0,HAM10000_images_part_1/ISIC_0024731.jpg,follow_up,55.0,female,lower extremity
HAM_0004551,ISIC_0031763,nv,0,HAM10000_images_part_2/ISIC_0031763.jpg,follow_up,50.0,female,lower extremity
HAM_0007404,ISIC_0030295,nv,0,HAM10000_images_part_2/ISIC_0030295.jpg,follow_up,50.0,female,trunk
HAM_0003988,ISIC_0024427,nv,0,HAM10000_images_part_1/ISIC_0024427.jpg,follow_up,65.0,male,abdomen
HAM_0001447,ISIC_0027247,nv,0,HAM10000_images_part_1/ISIC_0027247.jpg,follow_up,45.0,female,back
HAM_0002656,ISIC_0027116,nv,0,HAM10000_images_part_1/ISIC_0027116.jpg,follow_up,45.0,female,trunk
HAM_0007040,ISIC_0026946,nv,0,HAM10000_images_part_1/ISIC_0026946.jpg,follow_up,45.0,female,trunk
HAM_0000990,ISIC_0031801,nv,0,HAM10000_images_part_2/ISIC_0031801.jpg,follow_up,45.0,female,trunk
HAM_0006344,ISIC_0026966,nv,0,HAM10000_images_part_1/ISIC_0026966.jpg,follow_up,45.0,female,abdomen
HAM_0001695,ISIC_0028752,nv,0,HAM10000_images_part_1/ISIC_0028752.jpg,follow_up,45.0,female,lower extremity
HAM_0001999,ISIC_0025884,nv,0,HAM10000_images_part_1/ISIC_0025884.jpg,follow_up,45.0,female,lower extremity
HAM_0004822,ISIC_0029788,nv,0,HAM10000_images_part_2/ISIC_0029788.jpg,follow_up,45.0,female,lower extremity
HAM_0006500,ISIC_0032479,nv,0,HAM10000_images_part_2/ISIC_0032479.jpg,follow_up,45.0,female,lower extremity
HAM_0002633,ISIC_0031525,nv,0,HAM10000_images_part_2/ISIC_0031525.jpg,follow_up,45.0,female,lower extremity
HAM_0004468,ISIC_0030480,nv,0,HAM10000_images_part_2/ISIC_0030480.jpg,follow_up,45.0,female,lower extremity
HAM_0003806,ISIC_0028667,nv,0,HAM10000_images_part_1/ISIC_0028667.jpg,follow_up,45.0,female,lower extremity
HAM_0003701,ISIC_0027191,nv,0,HAM10000_images_part_1/ISIC_0027191.jpg,follow_up,45.0,female,lower extremity
HAM_0007520,ISIC_0029595,nv,0,HAM10000_images_part_2/ISIC_0029595.jpg,follow_up,60.0,female,trunk
HAM_0005430,ISIC_0024990,nv,0,HAM10000_images_part_1/ISIC_0024990.jpg,follow_up,60.0,female,trunk
HAM_0007578,ISIC_0030867,nv,0,HAM10000_images_part_2/ISIC_0030867.jpg,follow_up,55.0,female,lower extremity
HAM_0002047,ISIC_0030928,nv,0,HAM10000_images_part_2/ISIC_0030928.jpg,follow_up,55.0,female,lower extremity
HAM_0001253,ISIC_0025704,nv,0,HAM10000_images_part_1/ISIC_0025704.jpg,follow_up,55.0,female,back
HAM_0006480,ISIC_0026536,nv,0,HAM10000_images_part_1/ISIC_0026536.jpg,follow_up,55.0,female,lower extremity
HAM_0003799,ISIC_0031954,nv,0,HAM10000_images_part_2/ISIC_0031954.jpg,follow_up,55.0,female,back
HAM_0002469,ISIC_0029419,nv,0,HAM10000_images_part_2/ISIC_0029419.jpg,follow_up,55.0,female,genital
HAM_0004554,ISIC_0026065,nv,0,HAM10000_images_part_1/ISIC_0026065.jpg,follow_up,65.0,male,trunk
HAM_0006797,ISIC_0025754,nv,0,HAM10000_images_part_1/ISIC_0025754.jpg,follow_up,65.0,male,back
HAM_0005431,ISIC_0026413,nv,0,HAM10000_images_part_1/ISIC_0026413.jpg,follow_up,65.0,male,lower extremity
HAM_0004865,ISIC_0028157,nv,0,HAM10000_images_part_1/ISIC_0028157.jpg,follow_up,75.0,female,lower extremity
HAM_0001019,ISIC_0026377,nv,0,HAM10000_images_part_1/ISIC_0026377.jpg,follow_up,75.0,female,upper extremity
HAM_0002339,ISIC_0026597,nv,0,HAM10000_images_part_1/ISIC_0026597.jpg,follow_up,75.0,female,trunk
HAM_0000761,ISIC_0026259,nv,0,HAM10000_images_part_1/ISIC_0026259.jpg,follow_up,40.0,female,trunk
HAM_0000678,ISIC_0029074,nv,0,HAM10000_images_part_1/ISIC_0029074.jpg,follow_up,40.0,female,trunk
HAM_0003274,ISIC_0031348,nv,0,HAM10000_images_part_2/ISIC_0031348.jpg,follow_up,40.0,female,upper extremity
HAM_0006119,ISIC_0029944,nv,0,HAM10000_images_part_2/ISIC_0029944.jpg,follow_up,40.0,female,upper extremity
HAM_0004287,ISIC_0031128,nv,0,HAM10000_images_part_2/ISIC_0031128.jpg,follow_up,60.0,male,trunk
HAM_0004470,ISIC_0028387,nv,0,HAM10000_images_part_1/ISIC_0028387.jpg,follow_up,55.0,female,lower extremity
HAM_0000522,ISIC_0024826,nv,0,HAM10000_images_part_1/ISIC_0024826.jpg,follow_up,40.0,female,upper extremity
HAM_0000491,ISIC_0028207,nv,0,HAM10000_images_part_1/ISIC_0028207.jpg,follow_up,45.0,male,trunk
HAM_0001459,ISIC_0030529,nv,0,HAM10000_images_part_2/ISIC_0030529.jpg,follow_up,45.0,male,lower extremity
HAM_0000317,ISIC_0030984,nv,0,HAM10000_images_part_2/ISIC_0030984.jpg,follow_up,45.0,male,trunk
HAM_0001350,ISIC_0030221,nv,0,HAM10000_images_part_2/ISIC_0030221.jpg,follow_up,45.0,female,trunk
HAM_0000487,ISIC_0032268,nv,0,HAM10000_images_part_2/ISIC_0032268.jpg,follow_up,45.0,female,trunk
HAM_0004727,ISIC_0028250,nv,0,HAM10000_images_part_1/ISIC_0028250.jpg,follow_up,45.0,female,lower extremity
HAM_0006620,ISIC_0029378,nv,0,HAM10000_images_part_2/ISIC_0029378.jpg,follow_up,45.0,female,upper extremity
HAM_0002388,ISIC_0025200,nv,0,HAM10000_images_part_1/ISIC_0025200.jpg,follow_up,55.0,male,abdomen
HAM_0002713,ISIC_0026695,nv,0,HAM10000_images_part_1/ISIC_0026695.jpg,follow_up,55.0,male,abdomen
HAM_0006915,ISIC_0027439,nv,0,HAM10000_images_part_1/ISIC_0027439.jpg,follow_up,55.0,male,abdomen
HAM_0004626,ISIC_0026904,nv,0,HAM10000_images_part_1/ISIC_0026904.jpg,follow_up,55.0,male,upper extremity
HAM_0007523,ISIC_0026461,nv,0,HAM10000_images_part_1/ISIC_0026461.jpg,follow_up,55.0,male,back
HAM_0002524,ISIC_0026184,nv,0,HAM10000_images_part_1/ISIC_0026184.jpg,follow_up,55.0,male,trunk
HAM_0003028,ISIC_0031870,nv,0,HAM10000_images_part_2/ISIC_0031870.jpg,follow_up,55.0,male,trunk
HAM_0007416,ISIC_0025281,nv,0,HAM10000_images_part_1/ISIC_0025281.jpg,follow_up,55.0,male,upper extremity
HAM_0006585,ISIC_0024455,nv,0,HAM10000_images_part_1/ISIC_0024455.jpg,follow_up,45.0,female,upper extremity
HAM_0000403,ISIC_0024874,nv,0,HAM10000_images_part_1/ISIC_0024874.jpg,follow_up,45.0,female,back
HAM_0000142,ISIC_0028501,nv,0,HAM10000_images_part_1/ISIC_0028501.jpg,follow_up,45.0,female,back
HAM_0002279,ISIC_0031427,nv,0,HAM10000_images_part_2/ISIC_0031427.jpg,follow_up,45.0,female,lower extremity
HAM_0003306,ISIC_0025259,nv,0,HAM10000_images_part_1/ISIC_0025259.jpg,follow_up,45.0,female,trunk
HAM_0002636,ISIC_0031782,nv,0,HAM10000_images_part_2/ISIC_0031782.jpg,follow_up,45.0,female,trunk
HAM_0006063,ISIC_0026975,nv,0,HAM10000_images_part_1/ISIC_0026975.jpg,follow_up,45.0,female,chest
HAM_0006412,ISIC_0027720,nv,0,HAM10000_images_part_1/ISIC_0027720.jpg,follow_up,45.0,female,abdomen
HAM_0002122,ISIC_0029408,nv,0,HAM10000_images_part_2/ISIC_0029408.jpg,follow_up,45.0,female,abdomen
HAM_0001659,ISIC_0026564,nv,0,HAM10000_images_part_1/ISIC_0026564.jpg,follow_up,35.0,male,lower extremity
HAM_0005754,ISIC_0029684,nv,0,HAM10000_images_part_2/ISIC_0029684.jpg,follow_up,35.0,male,trunk
HAM_0000131,ISIC_0030769,nv,0,HAM10000_images_part_2/ISIC_0030769.jpg,follow_up,35.0,male,abdomen
HAM_0000078,ISIC_0030853,nv,0,HAM10000_images_part_2/ISIC_0030853.jpg,follow_up,35.0,male,abdomen
HAM_0001476,ISIC_0025343,nv,0,HAM10000_images_part_1/ISIC_0025343.jpg,follow_up,35.0,male,lower extremity
HAM_0002374,ISIC_0024780,nv,0,HAM10000_images_part_1/ISIC_0024780.jpg,follow_up,35.0,male,back
HAM_0005174,ISIC_0032276,nv,0,HAM10000_images_part_2/ISIC_0032276.jpg,follow_up,35.0,male,trunk
HAM_0005659,ISIC_0028896,nv,0,HAM10000_images_part_1/ISIC_0028896.jpg,follow_up,35.0,male,lower extremity
HAM_0001924,ISIC_0031112,nv,0,HAM10000_images_part_2/ISIC_0031112.jpg,follow_up,45.0,male,abdomen
HAM_0002873,ISIC_0026412,nv,0,HAM10000_images_part_1/ISIC_0026412.jpg,follow_up,45.0,male,lower extremity
HAM_0002056,ISIC_0026762,nv,0,HAM10000_images_part_1/ISIC_0026762.jpg,follow_up,55.0,female,trunk
HAM_0001261,ISIC_0025332,nv,0,HAM10000_images_part_1/ISIC_0025332.jpg,follow_up,55.0,female,lower extremity
HAM_0006226,ISIC_0024414,nv,0,HAM10000_images_part_1/ISIC_0024414.jpg,follow_up,70.0,female,trunk
HAM_0001972,ISIC_0027228,nv,0,HAM10000_images_part_1/ISIC_0027228.jpg,follow_up,70.0,female,lower extremity
HAM_0005204,ISIC_0024749,nv,0,HAM10000_images_part_1/ISIC_0024749.jpg,follow_up,70.0,female,trunk
HAM_0003894,ISIC_0025560,nv,0,HAM10000_images_part_1/ISIC_0025560.jpg,follow_up,35.0,female,trunk
HAM_0002133,ISIC_0027885,nv,0,HAM10000_images_part_1/ISIC_0027885.jpg,follow_up,35.0,female,lower extremity
HAM_0002245,ISIC_0028248,nv,0,HAM10000_images_part_1/ISIC_0028248.jpg,follow_up,35.0,female,lower extremity
HAM_0001163,ISIC_0028997,nv,0,HAM10000_images_part_1/ISIC_0028997.jpg,follow_up,35.0,female,face
HAM_0005991,ISIC_0031505,nv,0,HAM10000_images_part_2/ISIC_0031505.jpg,follow_up,45.0,female,trunk
HAM_0007610,ISIC_0030855,nv,0,HAM10000_images_part_2/ISIC_0030855.jpg,follow_up,45.0,female,trunk
HAM_0003553,ISIC_0026469,nv,0,HAM10000_images_part_1/ISIC_0026469.jpg,follow_up,45.0,female,abdomen
HAM_0006259,ISIC_0027785,nv,0,HAM10000_images_part_1/ISIC_0027785.jpg,follow_up,45.0,female,foot
HAM_0001981,ISIC_0024342,nv,0,HAM10000_images_part_1/ISIC_0024342.jpg,follow_up,40.0,male,lower extremity
HAM_0000086,ISIC_0028081,nv,0,HAM10000_images_part_1/ISIC_0028081.jpg,follow_up,45.0,female,trunk
HAM_0006493,ISIC_0024950,nv,0,HAM10000_images_part_1/ISIC_0024950.jpg,follow_up,45.0,female,back
HAM_0003111,ISIC_0030495,nv,0,HAM10000_images_part_2/ISIC_0030495.jpg,follow_up,45.0,female,lower extremity
HAM_0004139,ISIC_0027496,nv,0,HAM10000_images_part_1/ISIC_0027496.jpg,follow_up,60.0,female,lower extremity
HAM_0002478,ISIC_0031787,nv,0,HAM10000_images_part_2/ISIC_0031787.jpg,follow_up,60.0,female,unknown
HAM_0007371,ISIC_0026002,nv,0,HAM10000_images_part_1/ISIC_0026002.jpg,follow_up,60.0,female,trunk
HAM_0004223,ISIC_0025632,nv,0,HAM10000_images_part_1/ISIC_0025632.jpg,follow_up,40.0,female,trunk
HAM_0001668,ISIC_0027434,nv,0,HAM10000_images_part_1/ISIC_0027434.jpg,follow_up,40.0,female,trunk
HAM_0005780,ISIC_0024625,nv,0,HAM10000_images_part_1/ISIC_0024625.jpg,follow_up,40.0,female,trunk
HAM_0004672,ISIC_0026550,nv,0,HAM10000_images_part_1/ISIC_0026550.jpg,follow_up,40.0,female,trunk
HAM_0001822,ISIC_0031244,nv,0,HAM10000_images_part_2/ISIC_0031244.jpg,follow_up,40.0,female,hand
HAM_0001942,ISIC_0027476,nv,0,HAM10000_images_part_1/ISIC_0027476.jpg,follow_up,60.0,male,lower extremity
HAM_0002512,ISIC_0025768,nv,0,HAM10000_images_part_1/ISIC_0025768.jpg,follow_up,45.0,male,upper extremity
HAM_0002642,ISIC_0031467,nv,0,HAM10000_images_part_2/ISIC_0031467.jpg,follow_up,45.0,male,upper extremity
HAM_0002188,ISIC_0032196,nv,0,HAM10000_images_part_2/ISIC_0032196.jpg,follow_up,45.0,male,trunk
HAM_0006432,ISIC_0030884,nv,0,HAM10000_images_part_2/ISIC_0030884.jpg,follow_up,45.0,male,back
HAM_0002776,ISIC_0026143,nv,0,HAM10000_images_part_1/ISIC_0026143.jpg,follow_up,45.0,male,trunk
HAM_0000074,ISIC_0024939,nv,0,HAM10000_images_part_1/ISIC_0024939.jpg,follow_up,45.0,male,trunk
HAM_0004652,ISIC_0024583,nv,0,HAM10000_images_part_1/ISIC_0024583.jpg,follow_up,45.0,male,back
HAM_0003656,ISIC_0032213,nv,0,HAM10000_images_part_2/ISIC_0032213.jpg,follow_up,55.0,male,trunk
HAM_0000506,ISIC_0031891,nv,0,HAM10000_images_part_2/ISIC_0031891.jpg,follow_up,55.0,male,abdomen
HAM_0005706,ISIC_0027205,nv,0,HAM10000_images_part_1/ISIC_0027205.jpg,follow_up,40.0,female,lower extremity
HAM_0003433,ISIC_0029483,nv,0,HAM10000_images_part_2/ISIC_0029483.jpg,follow_up,40.0,female,foot
HAM_0002155,ISIC_0027696,nv,0,HAM10000_images_part_1/ISIC_0027696.jpg,follow_up,40.0,female,back
HAM_0000450,ISIC_0025059,nv,0,HAM10000_images_part_1/ISIC_0025059.jpg,follow_up,40.0,female,lower extremity
HAM_0000171,ISIC_0027660,nv,0,HAM10000_images_part_1/ISIC_0027660.jpg,follow_up,40.0,female,lower extremity
HAM_0003942,ISIC_0029024,nv,0,HAM10000_images_part_1/ISIC_0029024.jpg,follow_up,45.0,male,abdomen
HAM_0000413,ISIC_0024589,nv,0,HAM10000_images_part_1/ISIC_0024589.jpg,follow_up,45.0,male,genital
HAM_0003854,ISIC_0031655,nv,0,HAM10000_images_part_2/ISIC_0031655.jpg,follow_up,45.0,male,lower extremity
HAM_0004526,ISIC_0032106,nv,0,HAM10000_images_part_2/ISIC_0032106.jpg,follow_up,45.0,male,back
HAM_0006422,ISIC_0030368,nv,0,HAM10000_images_part_2/ISIC_0030368.jpg,follow_up,45.0,male,lower extremity
HAM_0003916,ISIC_0032370,nv,0,HAM10000_images_part_2/ISIC_0032370.jpg,follow_up,45.0,male,lower extremity
HAM_0006650,ISIC_0032502,nv,0,HAM10000_images_part_2/ISIC_0032502.jpg,follow_up,50.0,female,ear
HAM_0000096,ISIC_0029071,nv,0,HAM10000_images_part_1/ISIC_0029071.jpg,follow_up,50.0,female,trunk
HAM_0000725,ISIC_0027349,nv,0,HAM10000_images_part_1/ISIC_0027349.jpg,follow_up,50.0,female,abdomen
HAM_0005344,ISIC_0029383,nv,0,HAM10000_images_part_2/ISIC_0029383.jpg,follow_up,45.0,male,upper extremity
HAM_0003096,ISIC_0031793,nv,0,HAM10000_images_part_2/ISIC_0031793.jpg,follow_up,45.0,male,lower extremity
HAM_0005839,ISIC_0027366,nv,0,HAM10000_images_part_1/ISIC_0027366.jpg,follow_up,45.0,male,back
HAM_0006133,ISIC_0024755,nv,0,HAM10000_images_part_1/ISIC_0024755.jpg,follow_up,45.0,male,lower extremity
HAM_0001060,ISIC_0024405,nv,0,HAM10000_images_part_1/ISIC_0024405.jpg,follow_up,45.0,male,foot
HAM_0006446,ISIC_0025591,nv,0,HAM10000_images_part_1/ISIC_0025591.jpg,follow_up,60.0,male,trunk
HAM_0004465,ISIC_0024500,nv,0,HAM10000_images_part_1/ISIC_0024500.jpg,follow_up,45.0,male,abdomen
HAM_0006894,ISIC_0029503,nv,0,HAM10000_images_part_2/ISIC_0029503.jpg,follow_up,45.0,male,back
HAM_0007389,ISIC_0029090,nv,0,HAM10000_images_part_1/ISIC_0029090.jpg,follow_up,45.0,male,trunk
HAM_0006986,ISIC_0025071,nv,0,HAM10000_images_part_1/ISIC_0025071.jpg,follow_up,45.0,male,back
HAM_0006761,ISIC_0029866,nv,0,HAM10000_images_part_2/ISIC_0029866.jpg,follow_up,45.0,male,foot
HAM_0002453,ISIC_0029921,nv,0,HAM10000_images_part_2/ISIC_0029921.jpg,follow_up,30.0,male,abdomen
HAM_0002667,ISIC_0024388,nv,0,HAM10000_images_part_1/ISIC_0024388.jpg,follow_up,30.0,male,trunk
HAM_0002892,ISIC_0032469,nv,0,HAM10000_images_part_2/ISIC_0032469.jpg,follow_up,30.0,male,back
HAM_0006248,ISIC_0030087,nv,0,HAM10000_images_part_2/ISIC_0030087.jpg,follow_up,60.0,male,abdomen
HAM_0005929,ISIC_0026638,nv,0,HAM10000_images_part_1/ISIC_0026638.jpg,follow_up,50.0,female,lower extremity
HAM_0001216,ISIC_0026499,nv,0,HAM10000_images_part_1/ISIC_0026499.jpg,follow_up,40.0,female,upper extremity
HAM_0002118,ISIC_0028249,nv,0,HAM10000_images_part_1/ISIC_0028249.jpg,follow_up,40.0,female,back
HAM_0007068,ISIC_0024866,nv,0,HAM10000_images_part_1/ISIC_0024866.jpg,follow_up,40.0,female,trunk
HAM_0004061,ISIC_0029925,nv,0,HAM10000_images_part_2/ISIC_0029925.jpg,follow_up,40.0,female,abdomen
HAM_0002709,ISIC_0025773,nv,0,HAM10000_images_part_1/ISIC_0025773.jpg,follow_up,70.0,male,trunk
HAM_0006354,ISIC_0032137,nv,0,HAM10000_images_part_2/ISIC_0032137.jpg,follow_up,70.0,male,upper extremity
HAM_0001932,ISIC_0031082,nv,0,HAM10000_images_part_2/ISIC_0031082.jpg,follow_up,70.0,male,genital
HAM_0003638,ISIC_0031492,nv,0,HAM10000_images_part_2/ISIC_0031492.jpg,follow_up,70.0,male,trunk
HAM_0004606,ISIC_0027273,nv,0,HAM10000_images_part_1/ISIC_0027273.jpg,follow_up,70.0,male,neck
HAM_0000370,ISIC_0025998,nv,0,HAM10000_images_part_1/ISIC_0025998.jpg,follow_up,70.0,male,trunk
HAM_0007154,ISIC_0024719,nv,0,HAM10000_images_part_1/ISIC_0024719.jpg,follow_up,70.0,male,upper extremity
HAM_0002028,ISIC_0031939,nv,0,HAM10000_images_part_2/ISIC_0031939.jpg,follow_up,45.0,female,trunk
HAM_0004891,ISIC_0027943,nv,0,HAM10000_images_part_1/ISIC_0027943.jpg,follow_up,55.0,female,lower extremity
HAM_0005458,ISIC_0030584,nv,0,HAM10000_images_part_2/ISIC_0030584.jpg,follow_up,55.0,female,lower extremity
HAM_0004059,ISIC_0029399,nv,0,HAM10000_images_part_2/ISIC_0029399.jpg,follow_up,40.0,female,lower extremity
HAM_0007215,ISIC_0030294,nv,0,HAM10000_images_part_2/ISIC_0030294.jpg,follow_up,40.0,female,back
HAM_0005698,ISIC_0028907,nv,0,HAM10000_images_part_1/ISIC_0028907.jpg,follow_up,40.0,female,abdomen
HAM_0006067,ISIC_0028245,nv,0,HAM10000_images_part_1/ISIC_0028245.jpg,follow_up,40.0,female,lower extremity
HAM_0001462,ISIC_0026748,nv,0,HAM10000_images_part_1/ISIC_0026748.jpg,follow_up,75.0,male,lower extremity
HAM_0000346,ISIC_0027518,nv,0,HAM10000_images_part_1/ISIC_0027518.jpg,follow_up,50.0,female,trunk
HAM_0003213,ISIC_0031747,nv,0,HAM10000_images_part_2/ISIC_0031747.jpg,follow_up,50.0,female,trunk
HAM_0006519,ISIC_0025258,nv,0,HAM10000_images_part_1/ISIC_0025258.jpg,follow_up,55.0,female,neck
HAM_0006336,ISIC_0032117,nv,0,HAM10000_images_part_2/ISIC_0032117.jpg,follow_up,55.0,female,abdomen
HAM_0000895,ISIC_0030510,nv,0,HAM10000_images_part_2/ISIC_0030510.jpg,follow_up,55.0,female,lower extremity
HAM_0003994,ISIC_0026648,nv,0,HAM10000_images_part_1/ISIC_0026648.jpg,follow_up,55.0,female,lower extremity
HAM_0001887,ISIC_0025107,nv,0,HAM10000_images_part_1/ISIC_0025107.jpg,follow_up,55.0,female,lower extremity
HAM_0006140,ISIC_0030163,nv,0,HAM10000_images_part_2/ISIC_0030163.jpg,follow_up,55.0,female,foot
HAM_0006057,ISIC_0030999,nv,0,HAM10000_images_part_2/ISIC_0030999.jpg,follow_up,55.0,female,lower extremity
HAM_0000469,ISIC_0025408,nv,0,HAM10000_images_part_1/ISIC_0025408.jpg,follow_up,50.0,female,abdomen
HAM_0006927,ISIC_0026312,nv,0,HAM10000_images_part_1/ISIC_0026312.jpg,follow_up,50.0,female,lower extremity
HAM_0002347,ISIC_0030022,nv,0,HAM10000_images_part_2/ISIC_0030022.jpg,follow_up,50.0,female,lower extremity
HAM_0003823,ISIC_0027081,nv,0,HAM10000_images_part_1/ISIC_0027081.jpg,follow_up,50.0,female,lower extremity
HAM_0005955,ISIC_0024713,nv,0,HAM10000_images_part_1/ISIC_0024713.jpg,follow_up,50.0,female,trunk
HAM_0004753,ISIC_0031884,nv,0,HAM10000_images_part_2/ISIC_0031884.jpg,follow_up,50.0,female,back
HAM_0004561,ISIC_0024775,nv,0,HAM10000_images_part_1/ISIC_0024775.jpg,follow_up,50.0,female,back
HAM_0004323,ISIC_0028492,nv,0,HAM10000_images_part_1/ISIC_0028492.jpg,follow_up,50.0,female,foot
HAM_0005133,ISIC_0028409,nv,0,HAM10000_images_part_1/ISIC_0028409.jpg,follow_up,75.0,female,lower extremity
HAM_0000137,ISIC_0027460,nv,0,HAM10000_images_part_1/ISIC_0027460.jpg,follow_up,50.0,male,upper extremity
HAM_0005771,ISIC_0030799,nv,0,HAM10000_images_part_2/ISIC_0030799.jpg,follow_up,50.0,female,trunk
HAM_0000341,ISIC_0031634,nv,0,HAM10000_images_part_2/ISIC_0031634.jpg,follow_up,35.0,female,upper extremity
HAM_0003871,ISIC_0031664,nv,0,HAM10000_images_part_2/ISIC_0031664.jpg,follow_up,35.0,female,back
HAM_0002978,ISIC_0030215,nv,0,HAM10000_images_part_2/ISIC_0030215.jpg,follow_up,35.0,female,back
HAM_0000334,ISIC_0026860,nv,0,HAM10000_images_part_1/ISIC_0026860.jpg,follow_up,35.0,female,abdomen
HAM_0001481,ISIC_0028363,nv,0,HAM10000_images_part_1/ISIC_0028363.jpg,follow_up,75.0,male,back
HAM_0001774,ISIC_0029073,nv,0,HAM10000_images_part_1/ISIC_0029073.jpg,follow_up,60.0,male,neck
HAM_0001288,ISIC_0029757,nv,0,HAM10000_images_part_2/ISIC_0029757.jpg,follow_up,60.0,male,lower extremity
HAM_0006378,ISIC_0024735,nv,0,HAM10000_images_part_1/ISIC_0024735.jpg,follow_up,50.0,male,trunk
HAM_0004845,ISIC_0026486,nv,0,HAM10000_images_part_1/ISIC_0026486.jpg,follow_up,50.0,male,trunk
HAM_0002396,ISIC_0026025,nv,0,HAM10000_images_part_1/ISIC_0026025.jpg,follow_up,50.0,male,abdomen
HAM_0003370,ISIC_0032237,nv,0,HAM10000_images_part_2/ISIC_0032237.jpg,follow_up,50.0,male,lower extremity
HAM_0007582,ISIC_0027092,nv,0,HAM10000_images_part_1/ISIC_0027092.jpg,follow_up,50.0,male,lower extremity
HAM_0005945,ISIC_0032053,nv,0,HAM10000_images_part_2/ISIC_0032053.jpg,follow_up,50.0,male,lower extremity
HAM_0005815,ISIC_0030327,nv,0,HAM10000_images_part_2/ISIC_0030327.jpg,follow_up,40.0,male,lower extremity
HAM_0006716,ISIC_0024434,nv,0,HAM10000_images_part_1/ISIC_0024434.jpg,follow_up,40.0,male,abdomen
HAM_0004896,ISIC_0025369,nv,0,HAM10000_images_part_1/ISIC_0025369.jpg,follow_up,40.0,male,abdomen
HAM_0000224,ISIC_0024542,nv,0,HAM10000_images_part_1/ISIC_0024542.jpg,follow_up,40.0,male,upper extremity
HAM_0001586,ISIC_0030256,nv,0,HAM10000_images_part_2/ISIC_0030256.jpg,follow_up,50.0,female,lower extremity
HAM_0003734,ISIC_0029767,nv,0,HAM10000_images_part_2/ISIC_0029767.jpg,follow_up,40.0,male,lower extremity
HAM_0004123,ISIC_0032216,nv,0,HAM10000_images_part_2/ISIC_0032216.jpg,follow_up,45.0,male,trunk
HAM_0005622,ISIC_0030213,nv,0,HAM10000_images_part_2/ISIC_0030213.jpg,follow_up,45.0,male,lower extremity
HAM_0000528,ISIC_0028782,nv,0,HAM10000_images_part_1/ISIC_0028782.jpg,follow_up,45.0,male,lower extremity
HAM_0006509,ISIC_0025733,nv,0,HAM10000_images_part_1/ISIC_0025733.jpg,follow_up,50.0,male,trunk
HAM_0001718,ISIC_0026357,nv,0,HAM10000_images_part_1/ISIC_0026357.jpg,follow_up,50.0,male,abdomen
HAM_0001401,ISIC_0031729,nv,0,HAM10000_images_part_2/ISIC_0031729.jpg,follow_up,50.0,male,abdomen
HAM_0003849,ISIC_0027185,nv,0,HAM10000_images_part_1/ISIC_0027185.jpg,follow_up,50.0,male,abdomen
HAM_0004319,ISIC_0026686,nv,0,HAM10000_images_part_1/ISIC_0026686.jpg,follow_up,50.0,male,abdomen
HAM_0002458,ISIC_0026155,nv,0,HAM10000_images_part_1/ISIC_0026155.jpg,follow_up,50.0,male,lower extremity
HAM_0004005,ISIC_0032093,nv,0,HAM10000_images_part_2/ISIC_0032093.jpg,follow_up,50.0,male,lower extremity
HAM_0003219,ISIC_0024737,nv,0,HAM10000_images_part_1/ISIC_0024737.jpg,follow_up,50.0,male,lower extremity
HAM_0002814,ISIC_0028140,nv,0,HAM10000_images_part_1/ISIC_0028140.jpg,follow_up,50.0,male,lower extremity
HAM_0007007,ISIC_0031665,nv,0,HAM10000_images_part_2/ISIC_0031665.jpg,follow_up,50.0,male,lower extremity
HAM_0001051,ISIC_0024686,nv,0,HAM10000_images_part_1/ISIC_0024686.jpg,follow_up,35.0,male,back
HAM_0002700,ISIC_0025011,nv,0,HAM10000_images_part_1/ISIC_0025011.jpg,follow_up,55.0,female,trunk
HAM_0001345,ISIC_0028407,nv,0,HAM10000_images_part_1/ISIC_0028407.jpg,follow_up,55.0,female,upper extremity
HAM_0002308,ISIC_0027193,nv,0,HAM10000_images_part_1/ISIC_0027193.jpg,follow_up,55.0,female,abdomen
HAM_0006029,ISIC_0025935,nv,0,HAM10000_images_part_1/ISIC_0025935.jpg,follow_up,55.0,female,trunk
HAM_0000071,ISIC_0029299,nv,0,HAM10000_images_part_1/ISIC_0029299.jpg,follow_up,55.0,female,back
HAM_0000817,ISIC_0025174,nv,0,HAM10000_images_part_1/ISIC_0025174.jpg,follow_up,55.0,female,lower extremity
HAM_0002688,ISIC_0025348,nv,0,HAM10000_images_part_1/ISIC_0025348.jpg,follow_up,60.0,male,trunk
HAM_0005904,ISIC_0024956,nv,0,HAM10000_images_part_1/ISIC_0024956.jpg,follow_up,60.0,male,trunk
HAM_0007472,ISIC_0027274,nv,0,HAM10000_images_part_1/ISIC_0027274.jpg,follow_up,60.0,male,abdomen
HAM_0005899,ISIC_0031767,nv,0,HAM10000_images_part_2/ISIC_0031767.jpg,follow_up,60.0,male,lower extremity
HAM_0006762,ISIC_0029467,nv,0,HAM10000_images_part_2/ISIC_0029467.jpg,follow_up,60.0,male,lower extremity
HAM_0004510,ISIC_0031110,nv,0,HAM10000_images_part_2/ISIC_0031110.jpg,follow_up,60.0,male,back
HAM_0002630,ISIC_0026257,nv,0,HAM10000_images_part_1/ISIC_0026257.jpg,follow_up,60.0,male,back
HAM_0001676,ISIC_0031587,nv,0,HAM10000_images_part_2/ISIC_0031587.jpg,follow_up,60.0,male,upper extremity
HAM_0001148,ISIC_0030103,nv,0,HAM10000_images_part_2/ISIC_0030103.jpg,follow_up,50.0,male,trunk
HAM_0007092,ISIC_0031370,nv,0,HAM10000_images_part_2/ISIC_0031370.jpg,follow_up,50.0,male,upper extremity
HAM_0007432,ISIC_0025067,nv,0,HAM10000_images_part_1/ISIC_0025067.jpg,follow_up,55.0,male,lower extremity
HAM_0000586,ISIC_0029649,nv,0,HAM10000_images_part_2/ISIC_0029649.jpg,follow_up,55.0,male,foot
HAM_0005145,ISIC_0032255,nv,0,HAM10000_images_part_2/ISIC_0032255.jpg,follow_up,55.0,male,lower extremity
HAM_0006776,ISIC_0028661,nv,0,HAM10000_images_part_1/ISIC_0028661.jpg,follow_up,55.0,male,lower extremity
HAM_0004736,ISIC_0031990,nv,0,HAM10000_images_part_2/ISIC_0031990.jpg,follow_up,55.0,male,lower extremity
HAM_0006162,ISIC_0027245,nv,0,HAM10000_images_part_1/ISIC_0027245.jpg,follow_up,55.0,male,back
HAM_0002767,ISIC_0031914,nv,0,HAM10000_images_part_2/ISIC_0031914.jpg,follow_up,55.0,male,upper extremity
HAM_0003954,ISIC_0031382,nv,0,HAM10000_images_part_2/ISIC_0031382.jpg,follow_up,45.0,female,genital
HAM_0005895,ISIC_0032252,nv,0,HAM10000_images_part_2/ISIC_0032252.jpg,follow_up,45.0,female,back
HAM_0005912,ISIC_0027028,nv,0,HAM10000_images_part_1/ISIC_0027028.jpg,follow_up,40.0,male,abdomen
HAM_0000221,ISIC_0026344,nv,0,HAM10000_images_part_1/ISIC_0026344.jpg,follow_up,40.0,male,abdomen
HAM_0005201,ISIC_0028855,nv,0,HAM10000_images_part_1/ISIC_0028855.jpg,follow_up,40.0,male,lower extremity
HAM_0003436,ISIC_0027940,nv,0,HAM10000_images_part_1/ISIC_0027940.jpg,follow_up,40.0,male,back
HAM_0000533,ISIC_0026380,nv,0,HAM10000_images_part_1/ISIC_0026380.jpg,follow_up,40.0,male,trunk
HAM_0001300,ISIC_0029497,nv,0,HAM10000_images_part_2/ISIC_0029497.jpg,follow_up,40.0,male,upper extremity
HAM_0001006,ISIC_0027602,nv,0,HAM10000_images_part_1/ISIC_0027602.jpg,follow_up,40.0,male,trunk
HAM_0002068,ISIC_0029710,nv,0,HAM10000_images_part_2/ISIC_0029710.jpg,follow_up,45.0,female,back
HAM_0000420,ISIC_0026864,nv,0,HAM10000_images_part_1/ISIC_0026864.jpg,follow_up,40.0,male,trunk
HAM_0006440,ISIC_0028074,nv,0,HAM10000_images_part_1/ISIC_0028074.jpg,follow_up,40.0,male,foot
HAM_0002843,ISIC_0031855,nv,0,HAM10000_images_part_2/ISIC_0031855.jpg,follow_up,40.0,male,hand
HAM_0002101,ISIC_0029398,nv,0,HAM10000_images_part_2/ISIC_0029398.jpg,follow_up,35.0,female,upper extremity
HAM_0007338,ISIC_0028986,nv,0,HAM10000_images_part_1/ISIC_0028986.jpg,follow_up,65.0,female,trunk
HAM_0006471,ISIC_0028187,nv,0,HAM10000_images_part_1/ISIC_0028187.jpg,follow_up,65.0,female,lower extremity
HAM_0001672,ISIC_0024398,nv,0,HAM10000_images_part_1/ISIC_0024398.jpg,follow_up,65.0,female,trunk
HAM_0001998,ISIC_0032038,nv,0,HAM10000_images_part_2/ISIC_0032038.jpg,follow_up,40.0,female,back
HAM_0006536,ISIC_0032171,nv,0,HAM10000_images_part_2/ISIC_0032171.jpg,follow_up,50.0,female,abdomen
HAM_0006436,ISIC_0027655,nv,0,HAM10000_images_part_1/ISIC_0027655.jpg,follow_up,50.0,female,lower extremity
HAM_0004797,ISIC_0024895,nv,0,HAM10000_images_part_1/ISIC_0024895.jpg,follow_up,50.0,female,back
HAM_0002399,ISIC_0030330,nv,0,HAM10000_images_part_2/ISIC_0030330.jpg,follow_up,60.0,male,trunk
HAM_0004567,ISIC_0027372,nv,0,HAM10000_images_part_1/ISIC_0027372.jpg,follow_up,70.0,male,trunk
HAM_0001403,ISIC_0025852,nv,0,HAM10000_images_part_1/ISIC_0025852.jpg,follow_up,50.0,male,abdomen
HAM_0002337,ISIC_0029949,nv,0,HAM10000_images_part_2/ISIC_0029949.jpg,follow_up,55.0,female,trunk
HAM_0006096,ISIC_0025190,nv,0,HAM10000_images_part_1/ISIC_0025190.jpg,follow_up,55.0,female,abdomen
HAM_0002213,ISIC_0030222,nv,0,HAM10000_images_part_2/ISIC_0030222.jpg,follow_up,55.0,female,lower extremity
HAM_0007361,ISIC_0026058,nv,0,HAM10000_images_part_1/ISIC_0026058.jpg,follow_up,55.0,female,trunk
HAM_0001285,ISIC_0031553,nv,0,HAM10000_images_part_2/ISIC_0031553.jpg,follow_up,55.0,female,trunk
HAM_0005516,ISIC_0028748,nv,0,HAM10000_images_part_1/ISIC_0028748.jpg,follow_up,50.0,male,abdomen
HAM_0006215,ISIC_0027321,nv,0,HAM10000_images_part_1/ISIC_0027321.jpg,follow_up,55.0,female,upper extremity
HAM_0007055,ISIC_0031235,nv,0,HAM10000_images_part_2/ISIC_0031235.jpg,follow_up,55.0,female,upper extremity
HAM_0005528,ISIC_0028391,nv,0,HAM10000_images_part_1/ISIC_0028391.jpg,follow_up,55.0,female,lower extremity
HAM_0002479,ISIC_0029768,nv,0,HAM10000_images_part_2/ISIC_0029768.jpg,follow_up,55.0,female,lower extremity
HAM_0003168,ISIC_0026228,nv,0,HAM10000_images_part_1/ISIC_0026228.jpg,follow_up,55.0,female,back
HAM_0004950,ISIC_0031878,nv,0,HAM10000_images_part_2/ISIC_0031878.jpg,follow_up,70.0,male,trunk
HAM_0004715,ISIC_0030494,nv,0,HAM10000_images_part_2/ISIC_0030494.jpg,follow_up,50.0,female,lower extremity
HAM_0000172,ISIC_0027182,nv,0,HAM10000_images_part_1/ISIC_0027182.jpg,follow_up,50.0,female,back
HAM_0006952,ISIC_0027543,nv,0,HAM10000_images_part_1/ISIC_0027543.jpg,follow_up,50.0,female,upper extremity
HAM_0006713,ISIC_0030527,nv,0,HAM10000_images_part_2/ISIC_0030527.jpg,follow_up,50.0,female,trunk
HAM_0002697,ISIC_0028055,nv,0,HAM10000_images_part_1/ISIC_0028055.jpg,follow_up,50.0,female,trunk
HAM_0007135,ISIC_0024460,nv,0,HAM10000_images_part_1/ISIC_0024460.jpg,follow_up,50.0,female,neck
HAM_0004064,ISIC_0024399,nv,0,HAM10000_images_part_1/ISIC_0024399.jpg,follow_up,50.0,female,back
HAM_0003571,ISIC_0026602,nv,0,HAM10000_images_part_1/ISIC_0026602.jpg,follow_up,50.0,female,trunk
HAM_0002141,ISIC_0029338,nv,0,HAM10000_images_part_2/ISIC_0029338.jpg,follow_up,50.0,female,back
HAM_0002247,ISIC_0029205,nv,0,HAM10000_images_part_1/ISIC_0029205.jpg,follow_up,50.0,female,back
HAM_0003624,ISIC_0025608,nv,0,HAM10000_images_part_1/ISIC_0025608.jpg,follow_up,50.0,female,trunk
HAM_0006050,ISIC_0029122,nv,0,HAM10000_images_part_1/ISIC_0029122.jpg,follow_up,65.0,female,back
HAM_0000905,ISIC_0026338,nv,0,HAM10000_images_part_1/ISIC_0026338.jpg,follow_up,65.0,female,trunk
HAM_0000694,ISIC_0032298,nv,0,HAM10000_images_part_2/ISIC_0032298.jpg,follow_up,65.0,female,lower extremity
HAM_0006356,ISIC_0029732,nv,0,HAM10000_images_part_2/ISIC_0029732.jpg,follow_up,65.0,female,back
HAM_0006141,ISIC_0024603,nv,0,HAM10000_images_part_1/ISIC_0024603.jpg,follow_up,65.0,female,lower extremity
HAM_0003240,ISIC_0026387,nv,0,HAM10000_images_part_1/ISIC_0026387.jpg,follow_up,65.0,female,lower extremity
HAM_0001746,ISIC_0027296,nv,0,HAM10000_images_part_1/ISIC_0027296.jpg,follow_up,65.0,female,lower extremity
HAM_0004577,ISIC_0027134,nv,0,HAM10000_images_part_1/ISIC_0027134.jpg,follow_up,65.0,male,trunk
HAM_0004057,ISIC_0026635,nv,0,HAM10000_images_part_1/ISIC_0026635.jpg,follow_up,65.0,male,trunk
HAM_0006431,ISIC_0031992,nv,0,HAM10000_images_part_2/ISIC_0031992.jpg,follow_up,65.0,male,lower extremity
HAM_0003567,ISIC_0028895,nv,0,HAM10000_images_part_1/ISIC_0028895.jpg,follow_up,55.0,female,lower extremity
HAM_0002564,ISIC_0029626,nv,0,HAM10000_images_part_2/ISIC_0029626.jpg,follow_up,55.0,female,trunk
HAM_0003347,ISIC_0032416,nv,0,HAM10000_images_part_2/ISIC_0032416.jpg,follow_up,55.0,female,lower extremity
HAM_0006990,ISIC_0025480,nv,0,HAM10000_images_part_1/ISIC_0025480.jpg,follow_up,55.0,female,lower extremity
HAM_0004276,ISIC_0029622,nv,0,HAM10000_images_part_2/ISIC_0029622.jpg,follow_up,40.0,female,genital
HAM_0003863,ISIC_0027879,nv,0,HAM10000_images_part_1/ISIC_0027879.jpg,follow_up,40.0,female,lower extremity
HAM_0002157,ISIC_0030763,nv,0,HAM10000_images_part_2/ISIC_0030763.jpg,follow_up,30.0,female,trunk
HAM_0003160,ISIC_0029587,nv,0,HAM10000_images_part_2/ISIC_0029587.jpg,follow_up,75.0,female,back
HAM_0001286,ISIC_0031846,nv,0,HAM10000_images_part_2/ISIC_0031846.jpg,follow_up,75.0,female,lower extremity
HAM_0002475,ISIC_0026685,nv,0,HAM10000_images_part_1/ISIC_0026685.jpg,follow_up,70.0,female,foot
HAM_0005922,ISIC_0025896,nv,0,HAM10000_images_part_1/ISIC_0025896.jpg,follow_up,60.0,male,abdomen
HAM_0000875,ISIC_0031022,nv,0,HAM10000_images_part_2/ISIC_0031022.jpg,follow_up,60.0,male,back
HAM_0002937,ISIC_0029478,nv,0,HAM10000_images_part_2/ISIC_0029478.jpg,follow_up,40.0,male,trunk
HAM_0005221,ISIC_0029019,nv,0,HAM10000_images_part_1/ISIC_0029019.jpg,follow_up,40.0,male,trunk
HAM_0003831,ISIC_0026724,nv,0,HAM10000_images_part_1/ISIC_0026724.jpg,follow_up,40.0,male,abdomen
HAM_0000310,ISIC_0032386,nv,0,HAM10000_images_part_2/ISIC_0032386.jpg,follow_up,40.0,male,upper extremity
HAM_0004305,ISIC_0026392,nv,0,HAM10000_images_part_1/ISIC_0026392.jpg,follow_up,40.0,male,lower extremity
HAM_0003399,ISIC_0028398,nv,0,HAM10000_images_part_1/ISIC_0028398.jpg,follow_up,40.0,male,ear
HAM_0003489,ISIC_0032275,nv,0,HAM10000_images_part_2/ISIC_0032275.jpg,follow_up,40.0,male,trunk
HAM_0006814,ISIC_0032264,nv,0,HAM10000_images_part_2/ISIC_0032264.jpg,follow_up,40.0,male,trunk
HAM_0001068,ISIC_0029365,nv,0,HAM10000_images_part_2/ISIC_0029365.jpg,follow_up,40.0,male,lower extremity
HAM_0004902,ISIC_0030823,nv,0,HAM10000_images_part_2/ISIC_0030823.jpg,follow_up,40.0,male,trunk
HAM_0001089,ISIC_0029941,nv,0,HAM10000_images_part_2/ISIC_0029941.jpg,follow_up,40.0,male,trunk
HAM_0004366,ISIC_0030147,nv,0,HAM10000_images_part_2/ISIC_0030147.jpg,follow_up,40.0,male,lower extremity
HAM_0005423,ISIC_0025503,nv,0,HAM10000_images_part_1/ISIC_0025503.jpg,follow_up,40.0,male,trunk
HAM_0001674,ISIC_0031551,nv,0,HAM10000_images_part_2/ISIC_0031551.jpg,follow_up,50.0,female,lower extremity
HAM_0007440,ISIC_0029882,nv,0,HAM10000_images_part_2/ISIC_0029882.jpg,follow_up,50.0,male,upper extremity
HAM_0004049,ISIC_0030924,nv,0,HAM10000_images_part_2/ISIC_0030924.jpg,follow_up,50.0,male,upper extremity
HAM_0001599,ISIC_0026066,nv,0,HAM10000_images_part_1/ISIC_0026066.jpg,follow_up,50.0,male,lower extremity
HAM_0002863,ISIC_0024769,nv,0,HAM10000_images_part_1/ISIC_0024769.jpg,follow_up,50.0,male,back
HAM_0004446,ISIC_0031862,nv,0,HAM10000_images_part_2/ISIC_0031862.jpg,follow_up,50.0,male,trunk
HAM_0000677,ISIC_0025494,nv,0,HAM10000_images_part_1/ISIC_0025494.jpg,follow_up,55.0,male,abdomen
HAM_0000818,ISIC_0029611,nv,0,HAM10000_images_part_2/ISIC_0029611.jpg,follow_up,55.0,male,upper extremity
HAM_0003565,ISIC_0027289,nv,0,HAM10000_images_part_1/ISIC_0027289.jpg,follow_up,40.0,female,abdomen
HAM_0003533,ISIC_0030178,nv,0,HAM10000_images_part_2/ISIC_0030178.jpg,follow_up,50.0,male,lower extremity
HAM_0004062,ISIC_0028742,nv,0,HAM10000_images_part_1/ISIC_0028742.jpg,follow_up,50.0,male,lower extremity
HAM_0006292,ISIC_0029058,nv,0,HAM10000_images_part_1/ISIC_0029058.jpg,follow_up,50.0,male,trunk
HAM_0006573,ISIC_0026918,nv,0,HAM10000_images_part_1/ISIC_0026918.jpg,follow_up,50.0,male,trunk
HAM_0004816,ISIC_0031608,nv,0,HAM10000_images_part_2/ISIC_0031608.jpg,follow_up,50.0,male,lower extremity
HAM_0003409,ISIC_0025913,nv,0,HAM10000_images_part_1/ISIC_0025913.jpg,follow_up,50.0,male,back
HAM_0003786,ISIC_0031590,nv,0,HAM10000_images_part_2/ISIC_0031590.jpg,follow_up,50.0,male,back
HAM_0002482,ISIC_0032064,nv,0,HAM10000_images_part_2/ISIC_0032064.jpg,follow_up,40.0,female,lower extremity
HAM_0005940,ISIC_0026331,nv,0,HAM10000_images_part_1/ISIC_0026331.jpg,follow_up,45.0,male,trunk
HAM_0000826,ISIC_0027362,nv,0,HAM10000_images_part_1/ISIC_0027362.jpg,follow_up,45.0,male,back
HAM_0006051,ISIC_0030475,nv,0,HAM10000_images_part_2/ISIC_0030475.jpg,follow_up,45.0,male,lower extremity
HAM_0003719,ISIC_0028046,nv,0,HAM10000_images_part_1/ISIC_0028046.jpg,follow_up,45.0,male,lower extremity
HAM_0002522,ISIC_0028382,nv,0,HAM10000_images_part_1/ISIC_0028382.jpg,follow_up,50.0,female,abdomen
HAM_0007515,ISIC_0025333,nv,0,HAM10000_images_part_1/ISIC_0025333.jpg,follow_up,50.0,female,abdomen
HAM_0002379,ISIC_0026082,nv,0,HAM10000_images_part_1/ISIC_0026082.jpg,follow_up,55.0,female,lower extremity
HAM_0002781,ISIC_0029379,nv,0,HAM10000_images_part_2/ISIC_0029379.jpg,follow_up,40.0,male,back
HAM_0004104,ISIC_0032483,nv,0,HAM10000_images_part_2/ISIC_0032483.jpg,follow_up,45.0,female,trunk
HAM_0003880,ISIC_0027508,nv,0,HAM10000_images_part_1/ISIC_0027508.jpg,follow_up,45.0,female,trunk
HAM_0000681,ISIC_0032032,nv,0,HAM10000_images_part_2/ISIC_0032032.jpg,follow_up,45.0,female,upper extremity
HAM_0005150,ISIC_0028161,nv,0,HAM10000_images_part_1/ISIC_0028161.jpg,follow_up,45.0,female,lower extremity
HAM_0000252,ISIC_0024953,nv,0,HAM10000_images_part_1/ISIC_0024953.jpg,follow_up,45.0,female,trunk
HAM_0002586,ISIC_0025186,nv,0,HAM10000_images_part_1/ISIC_0025186.jpg,follow_up,45.0,female,lower extremity
HAM_0000466,ISIC_0027749,nv,0,HAM10000_images_part_1/ISIC_0027749.jpg,follow_up,45.0,female,lower extremity
HAM_0000749,ISIC_0029446,nv,0,HAM10000_images_part_2/ISIC_0029446.jpg,follow_up,45.0,female,lower extremity
HAM_0004229,ISIC_0029593,nv,0,HAM10000_images_part_2/ISIC_0029593.jpg,follow_up,40.0,male,trunk
HAM_0003922,ISIC_0027603,nv,0,HAM10000_images_part_1/ISIC_0027603.jpg,follow_up,40.0,male,lower extremity
HAM_0002373,ISIC_0030703,nv,0,HAM10000_images_part_2/ISIC_0030703.jpg,follow_up,40.0,male,back
HAM_0004759,ISIC_0030467,nv,0,HAM10000_images_part_2/ISIC_0030467.jpg,follow_up,45.0,female,lower extremity
HAM_0004778,ISIC_0028432,nv,0,HAM10000_images_part_1/ISIC_0028432.jpg,follow_up,45.0,female,trunk
HAM_0004758,ISIC_0028491,nv,0,HAM10000_images_part_1/ISIC_0028491.jpg,follow_up,45.0,female,trunk
HAM_0005039,ISIC_0024320,nv,0,HAM10000_images_part_1/ISIC_0024320.jpg,follow_up,65.0,male,trunk
HAM_0002487,ISIC_0032503,nv,0,HAM10000_images_part_2/ISIC_0032503.jpg,follow_up,55.0,female,trunk
HAM_0003245,ISIC_0025211,nv,0,HAM10000_images_part_1/ISIC_0025211.jpg,follow_up,65.0,male,trunk
HAM_0003053,ISIC_0028824,nv,0,HAM10000_images_part_1/ISIC_0028824.jpg,follow_up,50.0,female,trunk
HAM_0002446,ISIC_0028521,nv,0,HAM10000_images_part_1/ISIC_0028521.jpg,follow_up,50.0,female,foot
HAM_0001445,ISIC_0029433,nv,0,HAM10000_images_part_2/ISIC_0029433.jpg,follow_up,35.0,male,trunk
HAM_0000811,ISIC_0028470,nv,0,HAM10000_images_part_1/ISIC_0028470.jpg,follow_up,35.0,male,abdomen
HAM_0004498,ISIC_0025586,nv,0,HAM10000_images_part_1/ISIC_0025586.jpg,follow_up,35.0,male,upper extremity
HAM_0003249,ISIC_0025114,nv,0,HAM10000_images_part_1/ISIC_0025114.jpg,follow_up,35.0,male,back
HAM_0001963,ISIC_0025721,nv,0,HAM10000_images_part_1/ISIC_0025721.jpg,follow_up,35.0,male,lower extremity
HAM_0004040,ISIC_0029042,nv,0,HAM10000_images_part_1/ISIC_0029042.jpg,follow_up,35.0,male,trunk
HAM_0005831,ISIC_0026418,nv,0,HAM10000_images_part_1/ISIC_0026418.jpg,follow_up,50.0,female,trunk
HAM_0003201,ISIC_0030386,nv,0,HAM10000_images_part_2/ISIC_0030386.jpg,follow_up,50.0,female,trunk
HAM_0002263,ISIC_0030252,nv,0,HAM10000_images_part_2/ISIC_0030252.jpg,follow_up,25.0,female,abdomen
HAM_0002857,ISIC_0024528,nv,0,HAM10000_images_part_1/ISIC_0024528.jpg,follow_up,25.0,female,upper extremity
HAM_0006841,ISIC_0026102,nv,0,HAM10000_images_part_1/ISIC_0026102.jpg,follow_up,25.0,female,upper extremity
HAM_0007605,ISIC_0024699,nv,0,HAM10000_images_part_1/ISIC_0024699.jpg,follow_up,25.0,female,trunk
HAM_0000919,ISIC_0025204,nv,0,HAM10000_images_part_1/ISIC_0025204.jpg,follow_up,35.0,female,trunk
HAM_0006866,ISIC_0030713,nv,0,HAM10000_images_part_2/ISIC_0030713.jpg,follow_up,65.0,female,upper extremity
HAM_0000481,ISIC_0028634,nv,0,HAM10000_images_part_1/ISIC_0028634.jpg,follow_up,60.0,male,back
HAM_0006838,ISIC_0028506,nv,0,HAM10000_images_part_1/ISIC_0028506.jpg,follow_up,60.0,male,trunk
HAM_0004218,ISIC_0028256,nv,0,HAM10000_images_part_1/ISIC_0028256.jpg,follow_up,60.0,male,trunk
HAM_0007473,ISIC_0025858,nv,0,HAM10000_images_part_1/ISIC_0025858.jpg,follow_up,60.0,male,upper extremity
HAM_0000343,ISIC_0027824,nv,0,HAM10000_images_part_1/ISIC_0027824.jpg,follow_up,60.0,male,lower extremity
HAM_0007602,ISIC_0031262,nv,0,HAM10000_images_part_2/ISIC_0031262.jpg,follow_up,50.0,male,abdomen
HAM_0002629,ISIC_0024551,nv,0,HAM10000_images_part_1/ISIC_0024551.jpg,follow_up,50.0,male,abdomen
HAM_0000160,ISIC_0027611,nv,0,HAM10000_images_part_1/ISIC_0027611.jpg,follow_up,25.0,male,upper extremity
HAM_0007146,ISIC_0031493,nv,0,HAM10000_images_part_2/ISIC_0031493.jpg,follow_up,60.0,female,back
HAM_0004659,ISIC_0027993,nv,0,HAM10000_images_part_1/ISIC_0027993.jpg,follow_up,60.0,female,abdomen
HAM_0001291,ISIC_0024613,nv,0,HAM10000_images_part_1/ISIC_0024613.jpg,follow_up,60.0,female,upper extremity
HAM_0005928,ISIC_0031574,nv,0,HAM10000_images_part_2/ISIC_0031574.jpg,follow_up,55.0,female,trunk
HAM_0004631,ISIC_0032473,nv,0,HAM10000_images_part_2/ISIC_0032473.jpg,follow_up,55.0,female,trunk
HAM_0004640,ISIC_0031834,nv,0,HAM10000_images_part_2/ISIC_0031834.jpg,follow_up,55.0,female,lower extremity
HAM_0005494,ISIC_0027161,nv,0,HAM10000_images_part_1/ISIC_0027161.jpg,follow_up,55.0,male,lower extremity
HAM_0000978,ISIC_0025882,nv,0,HAM10000_images_part_1/ISIC_0025882.jpg,follow_up,55.0,male,abdomen
HAM_0000989,ISIC_0028070,nv,0,HAM10000_images_part_1/ISIC_0028070.jpg,follow_up,55.0,male,lower extremity
HAM_0002085,ISIC_0031336,nv,0,HAM10000_images_part_2/ISIC_0031336.jpg,follow_up,55.0,male,trunk
HAM_0000445,ISIC_0032010,nv,0,HAM10000_images_part_2/ISIC_0032010.jpg,follow_up,50.0,female,trunk
HAM_0000037,ISIC_0027391,nv,0,HAM10000_images_part_1/ISIC_0027391.jpg,follow_up,45.0,female,abdomen
HAM_0005033,ISIC_0032224,nv,0,HAM10000_images_part_2/ISIC_0032224.jpg,follow_up,45.0,female,trunk
HAM_0002410,ISIC_0026639,nv,0,HAM10000_images_part_1/ISIC_0026639.jpg,follow_up,45.0,female,genital
HAM_0003318,ISIC_0031979,nv,0,HAM10000_images_part_2/ISIC_0031979.jpg,follow_up,45.0,female,back
HAM_0003731,ISIC_0031680,nv,0,HAM10000_images_part_2/ISIC_0031680.jpg,follow_up,45.0,female,trunk
HAM_0001898,ISIC_0026917,nv,0,HAM10000_images_part_1/ISIC_0026917.jpg,follow_up,50.0,female,abdomen
HAM_0007353,ISIC_0025207,nv,0,HAM10000_images_part_1/ISIC_0025207.jpg,follow_up,50.0,female,lower extremity
HAM_0003637,ISIC_0029738,nv,0,HAM10000_images_part_2/ISIC_0029738.jpg,follow_up,50.0,female,lower extremity
HAM_0002210,ISIC_0031627,nv,0,HAM10000_images_part_2/ISIC_0031627.jpg,follow_up,50.0,female,lower extremity
HAM_0005841,ISIC_0027804,nv,0,HAM10000_images_part_1/ISIC_0027804.jpg,follow_up,50.0,female,trunk
HAM_0005788,ISIC_0031828,nv,0,HAM10000_images_part_2/ISIC_0031828.jpg,follow_up,55.0,female,trunk
HAM_0000371,ISIC_0025395,nv,0,HAM10000_images_part_1/ISIC_0025395.jpg,follow_up,55.0,female,lower extremity
HAM_0002966,ISIC_0024509,nv,0,HAM10000_images_part_1/ISIC_0024509.jpg,follow_up,55.0,female,trunk
HAM_0007412,ISIC_0031949,nv,0,HAM10000_images_part_2/ISIC_0031949.jpg,follow_up,60.0,female,trunk
HAM_0004151,ISIC_0028996,nv,0,HAM10000_images_part_1/ISIC_0028996.jpg,follow_up,60.0,female,upper extremity
HAM_0003864,ISIC_0029586,nv,0,HAM10000_images_part_2/ISIC_0029586.jpg,follow_up,60.0,female,upper extremity
HAM_0007628,ISIC_0027059,nv,0,HAM10000_images_part_1/ISIC_0027059.jpg,follow_up,60.0,female,back
HAM_0002816,ISIC_0028405,nv,0,HAM10000_images_part_1/ISIC_0028405.jpg,follow_up,60.0,female,back
HAM_0006991,ISIC_0031840,nv,0,HAM10000_images_part_2/ISIC_0031840.jpg,follow_up,60.0,female,trunk
HAM_0005181,ISIC_0027483,nv,0,HAM10000_images_part_1/ISIC_0027483.jpg,follow_up,60.0,female,lower extremity
HAM_0000103,ISIC_0032041,nv,0,HAM10000_images_part_2/ISIC_0032041.jpg,follow_up,60.0,female,lower extremity
HAM_0007185,ISIC_0025189,nv,0,HAM10000_images_part_1/ISIC_0025189.jpg,follow_up,65.0,male,back
HAM_0004874,ISIC_0032160,nv,0,HAM10000_images_part_2/ISIC_0032160.jpg,follow_up,65.0,male,upper extremity
HAM_0000651,ISIC_0032178,nv,0,HAM10000_images_part_2/ISIC_0032178.jpg,follow_up,65.0,male,trunk
HAM_0002351,ISIC_0028788,nv,0,HAM10000_images_part_1/ISIC_0028788.jpg,follow_up,65.0,male,trunk
HAM_0000414,ISIC_0032451,nv,0,HAM10000_images_part_2/ISIC_0032451.jpg,follow_up,65.0,male,trunk
HAM_0005868,ISIC_0025845,nv,0,HAM10000_images_part_1/ISIC_0025845.jpg,follow_up,65.0,male,abdomen
HAM_0006892,ISIC_0031444,nv,0,HAM10000_images_part_2/ISIC_0031444.jpg,follow_up,65.0,male,upper extremity
HAM_0002739,ISIC_0032452,nv,0,HAM10000_images_part_2/ISIC_0032452.jpg,follow_up,65.0,male,upper extremity
HAM_0002126,ISIC_0028563,nv,0,HAM10000_images_part_1/ISIC_0028563.jpg,follow_up,65.0,male,lower extremity
HAM_0000583,ISIC_0029681,nv,0,HAM10000_images_part_2/ISIC_0029681.jpg,follow_up,65.0,male,trunk
HAM_0005567,ISIC_0028485,nv,0,HAM10000_images_part_1/ISIC_0028485.jpg,follow_up,40.0,male,upper extremity
HAM_0002578,ISIC_0027656,nv,0,HAM10000_images_part_1/ISIC_0027656.jpg,follow_up,40.0,male,back
HAM_0002627,ISIC_0027014,nv,0,HAM10000_images_part_1/ISIC_0027014.jpg,follow_up,40.0,female,lower extremity
HAM_0005729,ISIC_0030113,nv,0,HAM10000_images_part_2/ISIC_0030113.jpg,follow_up,40.0,male,back
HAM_0002694,ISIC_0030100,nv,0,HAM10000_images_part_2/ISIC_0030100.jpg,follow_up,45.0,male,trunk
HAM_0001564,ISIC_0027913,nv,0,HAM10000_images_part_1/ISIC_0027913.jpg,follow_up,40.0,male,foot
HAM_0004052,ISIC_0028206,nv,0,HAM10000_images_part_1/ISIC_0028206.jpg,follow_up,45.0,female,hand
HAM_0005398,ISIC_0028374,nv,0,HAM10000_images_part_1/ISIC_0028374.jpg,follow_up,45.0,female,lower extremity
HAM_0000595,ISIC_0025991,nv,0,HAM10000_images_part_1/ISIC_0025991.jpg,follow_up,45.0,female,lower extremity
HAM_0004926,ISIC_0024785,nv,0,HAM10000_images_part_1/ISIC_0024785.jpg,follow_up,45.0,female,lower extremity
HAM_0001257,ISIC_0024614,nv,0,HAM10000_images_part_1/ISIC_0024614.jpg,follow_up,35.0,female,abdomen
HAM_0002618,ISIC_0027705,nv,0,HAM10000_images_part_1/ISIC_0027705.jpg,follow_up,35.0,female,lower extremity
HAM_0007223,ISIC_0024783,nv,0,HAM10000_images_part_1/ISIC_0024783.jpg,follow_up,35.0,female,abdomen
HAM_0006297,ISIC_0025962,nv,0,HAM10000_images_part_1/ISIC_0025962.jpg,follow_up,35.0,female,lower extremity
HAM_0003170,ISIC_0029631,nv,0,HAM10000_images_part_2/ISIC_0029631.jpg,follow_up,50.0,male,trunk
HAM_0002950,ISIC_0028176,nv,0,HAM10000_images_part_1/ISIC_0028176.jpg,follow_up,50.0,male,trunk
HAM_0004993,ISIC_0031736,nv,0,HAM10000_images_part_2/ISIC_0031736.jpg,follow_up,50.0,male,back
HAM_0003332,ISIC_0028416,nv,0,HAM10000_images_part_1/ISIC_0028416.jpg,follow_up,50.0,female,lower extremity
HAM_0005503,ISIC_0029692,nv,0,HAM10000_images_part_2/ISIC_0029692.jpg,follow_up,50.0,female,back
HAM_0000809,ISIC_0030572,nv,0,HAM10000_images_part_2/ISIC_0030572.jpg,follow_up,50.0,female,back
HAM_0007493,ISIC_0030931,nv,0,HAM10000_images_part_2/ISIC_0030931.jpg,follow_up,55.0,male,lower extremity
HAM_0005803,ISIC_0028717,nv,0,HAM10000_images_part_1/ISIC_0028717.jpg,follow_up,55.0,male,abdomen
HAM_0000708,ISIC_0024499,nv,0,HAM10000_images_part_1/ISIC_0024499.jpg,follow_up,55.0,male,lower extremity
HAM_0006777,ISIC_0028181,nv,0,HAM10000_images_part_1/ISIC_0028181.jpg,follow_up,55.0,male,back
HAM_0000088,ISIC_0027131,nv,0,HAM10000_images_part_1/ISIC_0027131.jpg,follow_up,55.0,male,lower extremity
HAM_0006632,ISIC_0026196,nv,0,HAM10000_images_part_1/ISIC_0026196.jpg,follow_up,60.0,female,upper extremity
HAM_0007438,ISIC_0028203,nv,0,HAM10000_images_part_1/ISIC_0028203.jpg,follow_up,60.0,female,abdomen
HAM_0003897,ISIC_0025853,nv,0,HAM10000_images_part_1/ISIC_0025853.jpg,follow_up,60.0,female,trunk
HAM_0003456,ISIC_0025077,nv,0,HAM10000_images_part_1/ISIC_0025077.jpg,follow_up,45.0,female,trunk
HAM_0004616,ISIC_0030084,nv,0,HAM10000_images_part_2/ISIC_0030084.jpg,follow_up,45.0,female,upper extremity
HAM_0003291,ISIC_0029428,nv,0,HAM10000_images_part_2/ISIC_0029428.jpg,follow_up,45.0,female,trunk
HAM_0003628,ISIC_0031324,nv,0,HAM10000_images_part_2/ISIC_0031324.jpg,follow_up,45.0,female,trunk
HAM_0004238,ISIC_0024903,nv,0,HAM10000_images_part_1/ISIC_0024903.jpg,follow_up,45.0,female,upper extremity
HAM_0005029,ISIC_0031514,nv,0,HAM10000_images_part_2/ISIC_0031514.jpg,follow_up,50.0,male,trunk
HAM_0003180,ISIC_0031058,nv,0,HAM10000_images_part_2/ISIC_0031058.jpg,follow_up,40.0,male,upper extremity
HAM_0001039,ISIC_0026356,nv,0,HAM10000_images_part_1/ISIC_0026356.jpg,follow_up,60.0,female,abdomen
HAM_0003503,ISIC_0027555,nv,0,HAM10000_images_part_1/ISIC_0027555.jpg,follow_up,60.0,female,lower extremity
HAM_0002995,ISIC_0028886,nv,0,HAM10000_images_part_1/ISIC_0028886.jpg,follow_up,60.0,female,back
HAM_0007537,ISIC_0025420,nv,0,HAM10000_images_part_1/ISIC_0025420.jpg,follow_up,55.0,male,abdomen
HAM_0000670,ISIC_0026204,nv,0,HAM10000_images_part_1/ISIC_0026204.jpg,follow_up,55.0,male,trunk
HAM_0001303,ISIC_0028753,nv,0,HAM10000_images_part_1/ISIC_0028753.jpg,follow_up,55.0,male,lower extremity
HAM_0006963,ISIC_0032351,nv,0,HAM10000_images_part_2/ISIC_0032351.jpg,follow_up,55.0,male,trunk
HAM_0005554,ISIC_0027521,nv,0,HAM10000_images_part_1/ISIC_0027521.jpg,follow_up,55.0,male,abdomen
HAM_0002229,ISIC_0025423,nv,0,HAM10000_images_part_1/ISIC_0025423.jpg,follow_up,55.0,female,lower extremity
HAM_0000147,ISIC_0024993,nv,0,HAM10000_images_part_1/ISIC_0024993.jpg,follow_up,55.0,female,trunk
HAM_0007319,ISIC_0029144,nv,0,HAM10000_images_part_1/ISIC_0029144.jpg,follow_up,55.0,female,lower extremity
HAM_0001439,ISIC_0024442,nv,0,HAM10000_images_part_1/ISIC_0024442.jpg,follow_up,55.0,female,foot
HAM_0006286,ISIC_0027619,nv,0,HAM10000_images_part_1/ISIC_0027619.jpg,follow_up,40.0,male,trunk
HAM_0003450,ISIC_0027746,nv,0,HAM10000_images_part_1/ISIC_0027746.jpg,follow_up,40.0,male,trunk
HAM_0001797,ISIC_0031155,nv,0,HAM10000_images_part_2/ISIC_0031155.jpg,follow_up,45.0,female,abdomen
HAM_0004045,ISIC_0030939,nv,0,HAM10000_images_part_2/ISIC_0030939.jpg,follow_up,45.0,female,trunk
HAM_0001996,ISIC_0031179,nv,0,HAM10000_images_part_2/ISIC_0031179.jpg,follow_up,45.0,female,lower extremity
HAM_0006561,ISIC_0026612,nv,0,HAM10000_images_part_1/ISIC_0026612.jpg,follow_up,45.0,female,foot
HAM_0006848,ISIC_0031129,nv,0,HAM10000_images_part_2/ISIC_0031129.jpg,follow_up,45.0,female,foot
HAM_0002679,ISIC_0029590,nv,0,HAM10000_images_part_2/ISIC_0029590.jpg,follow_up,45.0,female,foot
HAM_0002549,ISIC_0030043,nv,0,HAM10000_images_part_2/ISIC_0030043.jpg,follow_up,45.0,female,unknown
HAM_0006981,ISIC_0029451,nv,0,HAM10000_images_part_2/ISIC_0029451.jpg,follow_up,45.0,female,foot
HAM_0002858,ISIC_0029990,nv,0,HAM10000_images_part_2/ISIC_0029990.jpg,follow_up,45.0,male,trunk
HAM_0006578,ISIC_0030671,nv,0,HAM10000_images_part_2/ISIC_0030671.jpg,follow_up,45.0,male,lower extremity
HAM_0005140,ISIC_0026662,nv,0,HAM10000_images_part_1/ISIC_0026662.jpg,follow_up,45.0,male,lower extremity
HAM_0004530,ISIC_0030667,nv,0,HAM10000_images_part_2/ISIC_0030667.jpg,follow_up,45.0,male,lower extremity
HAM_0000111,ISIC_0024742,nv,0,HAM10000_images_part_1/ISIC_0024742.jpg,follow_up,45.0,male,back
HAM_0001595,ISIC_0032127,nv,0,HAM10000_images_part_2/ISIC_0032127.jpg,follow_up,70.0,male,lower extremity
HAM_0005416,ISIC_0029136,nv,0,HAM10000_images_part_1/ISIC_0029136.jpg,follow_up,55.0,male,upper extremity
HAM_0007363,ISIC_0028013,nv,0,HAM10000_images_part_1/ISIC_0028013.jpg,follow_up,55.0,male,trunk
HAM_0006582,ISIC_0029487,nv,0,HAM10000_images_part_2/ISIC_0029487.jpg,follow_up,55.0,male,trunk
HAM_0006971,ISIC_0025185,nv,0,HAM10000_images_part_1/ISIC_0025185.jpg,follow_up,55.0,male,back
HAM_0007056,ISIC_0025750,nv,0,HAM10000_images_part_1/ISIC_0025750.jpg,follow_up,45.0,male,abdomen
HAM_0000384,ISIC_0030506,nv,0,HAM10000_images_part_2/ISIC_0030506.jpg,follow_up,35.0,male,trunk
HAM_0004073,ISIC_0028093,nv,0,HAM10000_images_part_1/ISIC_0028093.jpg,follow_up,35.0,male,trunk
HAM_0002669,ISIC_0031994,nv,0,HAM10000_images_part_2/ISIC_0031994.jpg,follow_up,35.0,male,upper extremity
HAM_0000018,ISIC_0032122,nv,0,HAM10000_images_part_2/ISIC_0032122.jpg,follow_up,35.0,male,abdomen
HAM_0006142,ISIC_0026509,nv,0,HAM10000_images_part_1/ISIC_0026509.jpg,follow_up,35.0,male,lower extremity
HAM_0006985,ISIC_0029131,nv,0,HAM10000_images_part_1/ISIC_0029131.jpg,follow_up,35.0,male,trunk
HAM_0004390,ISIC_0031210,nv,0,HAM10000_images_part_2/ISIC_0031210.jpg,follow_up,35.0,male,back
HAM_0006518,ISIC_0027618,nv,0,HAM10000_images_part_1/ISIC_0027618.jpg,follow_up,35.0,male,back
HAM_0003337,ISIC_0024677,nv,0,HAM10000_images_part_1/ISIC_0024677.jpg,follow_up,35.0,male,back
HAM_0003492,ISIC_0029228,nv,0,HAM10000_images_part_1/ISIC_0029228.jpg,follow_up,35.0,male,lower extremity
HAM_0006410,ISIC_0027449,nv,0,HAM10000_images_part_1/ISIC_0027449.jpg,follow_up,45.0,female,abdomen
HAM_0001282,ISIC_0028269,nv,0,HAM10000_images_part_1/ISIC_0028269.jpg,follow_up,45.0,female,back
HAM_0003154,ISIC_0031075,nv,0,HAM10000_images_part_2/ISIC_0031075.jpg,follow_up,45.0,female,back
HAM_0000883,ISIC_0030631,nv,0,HAM10000_images_part_2/ISIC_0030631.jpg,follow_up,50.0,male,abdomen
HAM_0001639,ISIC_0026160,nv,0,HAM10000_images_part_1/ISIC_0026160.jpg,follow_up,55.0,female,trunk
HAM_0001451,ISIC_0029960,nv,0,HAM10000_images_part_2/ISIC_0029960.jpg,follow_up,55.0,female,trunk
HAM_0004340,ISIC_0024506,nv,0,HAM10000_images_part_1/ISIC_0024506.jpg,follow_up,55.0,female,back
HAM_0006308,ISIC_0030716,nv,0,HAM10000_images_part_2/ISIC_0030716.jpg,follow_up,55.0,female,lower extremity
HAM_0007246,ISIC_0024764,nv,0,HAM10000_images_part_1/ISIC_0024764.jpg,follow_up,55.0,female,foot
HAM_0001985,ISIC_0027330,nv,0,HAM10000_images_part_1/ISIC_0027330.jpg,follow_up,45.0,male,back
HAM_0005615,ISIC_0031067,nv,0,HAM10000_images_part_2/ISIC_0031067.jpg,follow_up,45.0,female,trunk
HAM_0001899,ISIC_0031549,nv,0,HAM10000_images_part_2/ISIC_0031549.jpg,follow_up,45.0,female,upper extremity
HAM_0004591,ISIC_0027743,nv,0,HAM10000_images_part_1/ISIC_0027743.jpg,follow_up,45.0,female,trunk
HAM_0006607,ISIC_0026985,nv,0,HAM10000_images_part_1/ISIC_0026985.jpg,follow_up,70.0,male,abdomen
HAM_0002638,ISIC_0028096,nv,0,HAM10000_images_part_1/ISIC_0028096.jpg,follow_up,70.0,male,trunk
HAM_0006951,ISIC_0030482,nv,0,HAM10000_images_part_2/ISIC_0030482.jpg,follow_up,45.0,male,trunk
HAM_0002935,ISIC_0024670,nv,0,HAM10000_images_part_1/ISIC_0024670.jpg,follow_up,45.0,male,trunk
HAM_0005432,ISIC_0031902,nv,0,HAM10000_images_part_2/ISIC_0031902.jpg,follow_up,45.0,male,abdomen
HAM_0001800,ISIC_0031073,nv,0,HAM10000_images_part_2/ISIC_0031073.jpg,follow_up,45.0,male,lower extremity
HAM_0000026,ISIC_0029325,nv,0,HAM10000_images_part_2/ISIC_0029325.jpg,follow_up,45.0,male,lower extremity
HAM_0004386,ISIC_0024766,nv,0,HAM10000_images_part_1/ISIC_0024766.jpg,follow_up,45.0,male,upper extremity
HAM_0006752,ISIC_0031842,nv,0,HAM10000_images_part_2/ISIC_0031842.jpg,follow_up,45.0,male,back
HAM_0001485,ISIC_0029853,nv,0,HAM10000_images_part_2/ISIC_0029853.jpg,follow_up,45.0,male,back
HAM_0001851,ISIC_0027015,nv,0,HAM10000_images_part_1/ISIC_0027015.jpg,follow_up,45.0,male,foot
HAM_0001351,ISIC_0031684,nv,0,HAM10000_images_part_2/ISIC_0031684.jpg,follow_up,50.0,female,back
HAM_0001873,ISIC_0029283,nv,0,HAM10000_images_part_1/ISIC_0029283.jpg,follow_up,50.0,female,trunk
HAM_0002790,ISIC_0026721,nv,0,HAM10000_images_part_1/ISIC_0026721.jpg,follow_up,50.0,female,trunk
HAM_0005964,ISIC_0026405,nv,0,HAM10000_images_part_1/ISIC_0026405.jpg,follow_up,50.0,female,back
HAM_0000197,ISIC_0024889,nv,0,HAM10000_images_part_1/ISIC_0024889.jpg,follow_up,50.0,female,lower extremity
HAM_0003888,ISIC_0028672,nv,0,HAM10000_images_part_1/ISIC_0028672.jpg,follow_up,50.0,female,lower extremity
HAM_0005108,ISIC_0026078,nv,0,HAM10000_images_part_1/ISIC_0026078.jpg,follow_up,50.0,female,lower extremity
HAM_0002883,ISIC_0030071,nv,0,HAM10000_images_part_2/ISIC_0030071.jpg,follow_up,50.0,female,foot
HAM_0002125,ISIC_0025502,nv,0,HAM10000_images_part_1/ISIC_0025502.jpg,follow_up,50.0,male,trunk
HAM_0002320,ISIC_0025163,nv,0,HAM10000_images_part_1/ISIC_0025163.jpg,follow_up,50.0,male,abdomen
HAM_0004972,ISIC_0026997,nv,0,HAM10000_images_part_1/ISIC_0026997.jpg,follow_up,50.0,male,lower extremity
HAM_0002872,ISIC_0026164,nv,0,HAM10000_images_part_1/ISIC_0026164.jpg,follow_up,35.0,female,abdomen
HAM_0002540,ISIC_0030471,nv,0,HAM10000_images_part_2/ISIC_0030471.jpg,follow_up,35.0,female,lower extremity
HAM_0005857,ISIC_0030132,nv,0,HAM10000_images_part_2/ISIC_0030132.jpg,follow_up,60.0,male,trunk
HAM_0007162,ISIC_0029321,nv,0,HAM10000_images_part_2/ISIC_0029321.jpg,follow_up,60.0,male,abdomen
HAM_0005936,ISIC_0024921,nv,0,HAM10000_images_part_1/ISIC_0024921.jpg,follow_up,60.0,male,trunk
HAM_0003763,ISIC_0029709,nv,0,HAM10000_images_part_2/ISIC_0029709.jpg,follow_up,60.0,male,trunk
HAM_0006102,ISIC_0032105,nv,0,HAM10000_images_part_2/ISIC_0032105.jpg,follow_up,60.0,male,back
HAM_0005807,ISIC_0026508,nv,0,HAM10000_images_part_1/ISIC_0026508.jpg,follow_up,60.0,male,lower extremity
HAM_0001533,ISIC_0028244,nv,0,HAM10000_images_part_1/ISIC_0028244.jpg,follow_up,50.0,male,lower extremity
HAM_0002072,ISIC_0027794,nv,0,HAM10000_images_part_1/ISIC_0027794.jpg,follow_up,50.0,male,back
HAM_0002251,ISIC_0024438,nv,0,HAM10000_images_part_1/ISIC_0024438.jpg,follow_up,50.0,male,back
HAM_0005592,ISIC_0026077,nv,0,HAM10000_images_part_1/ISIC_0026077.jpg,follow_up,50.0,male,foot
HAM_0006305,ISIC_0031274,nv,0,HAM10000_images_part_2/ISIC_0031274.jpg,follow_up,75.0,male,abdomen
HAM_0002830,ISIC_0025796,nv,0,HAM10000_images_part_1/ISIC_0025796.jpg,follow_up,75.0,male,abdomen
HAM_0000115,ISIC_0030745,nv,0,HAM10000_images_part_2/ISIC_0030745.jpg,follow_up,75.0,male,back
HAM_0007626,ISIC_0031300,nv,0,HAM10000_images_part_2/ISIC_0031300.jpg,follow_up,45.0,male,abdomen
HAM_0004107,ISIC_0029769,nv,0,HAM10000_images_part_2/ISIC_0029769.jpg,follow_up,40.0,female,trunk
HAM_0007414,ISIC_0026434,nv,0,HAM10000_images_part_1/ISIC_0026434.jpg,follow_up,40.0,female,abdomen
HAM_0005167,ISIC_0031780,nv,0,HAM10000_images_part_2/ISIC_0031780.jpg,follow_up,40.0,female,abdomen
HAM_0001893,ISIC_0025110,nv,0,HAM10000_images_part_1/ISIC_0025110.jpg,follow_up,40.0,female,trunk
HAM_0000478,ISIC_0025895,nv,0,HAM10000_images_part_1/ISIC_0025895.jpg,follow_up,40.0,female,upper extremity
HAM_0004023,ISIC_0029766,nv,0,HAM10000_images_part_2/ISIC_0029766.jpg,follow_up,40.0,female,lower extremity
HAM_0007405,ISIC_0027694,nv,0,HAM10000_images_part_1/ISIC_0027694.jpg,follow_up,45.0,male,abdomen
HAM_0002842,ISIC_0029616,nv,0,HAM10000_images_part_2/ISIC_0029616.jpg,follow_up,45.0,male,lower extremity
HAM_0001569,ISIC_0030994,nv,0,HAM10000_images_part_2/ISIC_0030994.jpg,follow_up,45.0,male,back
HAM_0002941,ISIC_0031028,nv,0,HAM10000_images_part_2/ISIC_0031028.jpg,follow_up,45.0,male,lower extremity
HAM_0003769,ISIC_0027692,nv,0,HAM10000_images_part_1/ISIC_0027692.jpg,follow_up,50.0,female,trunk
HAM_0003486,ISIC_0029494,nv,0,HAM10000_images_part_2/ISIC_0029494.jpg,follow_up,50.0,female,abdomen
HAM_0007257,ISIC_0025537,nv,0,HAM10000_images_part_1/ISIC_0025537.jpg,follow_up,50.0,female,back
HAM_0002114,ISIC_0026504,nv,0,HAM10000_images_part_1/ISIC_0026504.jpg,follow_up,50.0,female,back
HAM_0003203,ISIC_0029421,nv,0,HAM10000_images_part_2/ISIC_0029421.jpg,follow_up,50.0,female,trunk
HAM_0003693,ISIC_0030149,nv,0,HAM10000_images_part_2/ISIC_0030149.jpg,follow_up,45.0,female,lower extremity
HAM_0003604,ISIC_0028125,nv,0,HAM10000_images_part_1/ISIC_0028125.jpg,follow_up,45.0,female,upper extremity
HAM_0006335,ISIC_0028892,nv,0,HAM10000_images_part_1/ISIC_0028892.jpg,follow_up,40.0,male,upper extremity
HAM_0003598,ISIC_0028725,nv,0,HAM10000_images_part_1/ISIC_0028725.jpg,follow_up,40.0,male,back
HAM_0004597,ISIC_0027050,nv,0,HAM10000_images_part_1/ISIC_0027050.jpg,follow_up,40.0,male,upper extremity
HAM_0000819,ISIC_0027777,nv,0,HAM10000_images_part_1/ISIC_0027777.jpg,follow_up,40.0,male,upper extremity
HAM_0002145,ISIC_0028469,nv,0,HAM10000_images_part_1/ISIC_0028469.jpg,follow_up,40.0,male,lower extremity
HAM_0002580,ISIC_0031252,nv,0,HAM10000_images_part_2/ISIC_0031252.jpg,follow_up,40.0,male,back
HAM_0005277,ISIC_0030750,nv,0,HAM10000_images_part_2/ISIC_0030750.jpg,follow_up,40.0,male,back
HAM_0003499,ISIC_0031516,nv,0,HAM10000_images_part_2/ISIC_0031516.jpg,follow_up,40.0,male,trunk
HAM_0003985,ISIC_0025570,nv,0,HAM10000_images_part_1/ISIC_0025570.jpg,follow_up,40.0,male,lower extremity
HAM_0006317,ISIC_0029934,nv,0,HAM10000_images_part_2/ISIC_0029934.jpg,follow_up,50.0,female,abdomen
HAM_0005497,ISIC_0029506,nv,0,HAM10000_images_part_2/ISIC_0029506.jpg,follow_up,60.0,male,abdomen
HAM_0004785,ISIC_0030788,nv,0,HAM10000_images_part_2/ISIC_0030788.jpg,follow_up,60.0,male,back
HAM_0006849,ISIC_0028189,nv,0,HAM10000_images_part_1/ISIC_0028189.jpg,follow_up,60.0,male,back
HAM_0001917,ISIC_0030046,nv,0,HAM10000_images_part_2/ISIC_0030046.jpg,follow_up,30.0,female,back
HAM_0004044,ISIC_0028606,nv,0,HAM10000_images_part_1/ISIC_0028606.jpg,follow_up,30.0,female,upper extremity
HAM_0002026,ISIC_0027524,nv,0,HAM10000_images_part_1/ISIC_0027524.jpg,follow_up,40.0,female,neck
HAM_0003431,ISIC_0031847,nv,0,HAM10000_images_part_2/ISIC_0031847.jpg,follow_up,40.0,female,abdomen
HAM_0001578,ISIC_0031003,nv,0,HAM10000_images_part_2/ISIC_0031003.jpg,follow_up,40.0,female,trunk
HAM_0004353,ISIC_0029262,nv,0,HAM10000_images_part_1/ISIC_0029262.jpg,follow_up,55.0,female,face
HAM_0006606,ISIC_0028794,nv,0,HAM10000_images_part_1/ISIC_0028794.jpg,follow_up,50.0,male,lower extremity
HAM_0005897,ISIC_0027511,nv,0,HAM10000_images_part_1/ISIC_0027511.jpg,follow_up,50.0,male,lower extremity
HAM_0006717,ISIC_0027890,nv,0,HAM10000_images_part_1/ISIC_0027890.jpg,follow_up,50.0,male,lower extremity
HAM_0006455,ISIC_0029690,nv,0,HAM10000_images_part_2/ISIC_0029690.jpg,follow_up,50.0,male,lower extremity
HAM_0005357,ISIC_0029981,nv,0,HAM10000_images_part_2/ISIC_0029981.jpg,follow_up,40.0,female,upper extremity
HAM_0000877,ISIC_0030267,nv,0,HAM10000_images_part_2/ISIC_0030267.jpg,follow_up,40.0,female,abdomen
HAM_0004117,ISIC_0024354,nv,0,HAM10000_images_part_1/ISIC_0024354.jpg,follow_up,40.0,female,abdomen
HAM_0003795,ISIC_0028811,nv,0,HAM10000_images_part_1/ISIC_0028811.jpg,follow_up,40.0,female,abdomen
HAM_0003134,ISIC_0027001,nv,0,HAM10000_images_part_1/ISIC_0027001.jpg,follow_up,40.0,female,trunk
HAM_0004119,ISIC_0025015,nv,0,HAM10000_images_part_1/ISIC_0025015.jpg,follow_up,40.0,female,trunk
HAM_0000510,ISIC_0027342,nv,0,HAM10000_images_part_1/ISIC_0027342.jpg,follow_up,45.0,female,trunk
HAM_0001945,ISIC_0026919,nv,0,HAM10000_images_part_1/ISIC_0026919.jpg,follow_up,45.0,female,back
HAM_0007149,ISIC_0025304,nv,0,HAM10000_images_part_1/ISIC_0025304.jpg,follow_up,45.0,female,lower extremity
HAM_0007394,ISIC_0030864,nv,0,HAM10000_images_part_2/ISIC_0030864.jpg,follow_up,45.0,female,trunk
HAM_0006106,ISIC_0032295,nv,0,HAM10000_images_part_2/ISIC_0032295.jpg,follow_up,45.0,female,neck
HAM_0006933,ISIC_0027594,nv,0,HAM10000_images_part_1/ISIC_0027594.jpg,follow_up,45.0,male,back
HAM_0000253,ISIC_0030012,nv,0,HAM10000_images_part_2/ISIC_0030012.jpg,follow_up,45.0,male,back
HAM_0001182,ISIC_0029361,nv,0,HAM10000_images_part_2/ISIC_0029361.jpg,follow_up,50.0,male,trunk
HAM_0004146,ISIC_0027450,nv,0,HAM10000_images_part_1/ISIC_0027450.jpg,follow_up,50.0,male,back
HAM_0001628,ISIC_0024810,nv,0,HAM10000_images_part_1/ISIC_0024810.jpg,follow_up,50.0,male,trunk
HAM_0005781,ISIC_0024339,nv,0,HAM10000_images_part_1/ISIC_0024339.jpg,follow_up,50.0,male,trunk
HAM_0000218,ISIC_0025552,nv,0,HAM10000_images_part_1/ISIC_0025552.jpg,follow_up,50.0,male,trunk
HAM_0002992,ISIC_0024627,nv,0,HAM10000_images_part_1/ISIC_0024627.jpg,follow_up,75.0,male,trunk
HAM_0003712,ISIC_0024513,nv,0,HAM10000_images_part_1/ISIC_0024513.jpg,follow_up,75.0,male,upper extremity
HAM_0000043,ISIC_0030152,nv,0,HAM10000_images_part_2/ISIC_0030152.jpg,follow_up,75.0,male,back
HAM_0003477,ISIC_0029207,nv,0,HAM10000_images_part_1/ISIC_0029207.jpg,follow_up,45.0,female,trunk
HAM_0007048,ISIC_0029284,nv,0,HAM10000_images_part_1/ISIC_0029284.jpg,follow_up,45.0,female,abdomen
HAM_0003169,ISIC_0028867,nv,0,HAM10000_images_part_1/ISIC_0028867.jpg,follow_up,45.0,female,hand
HAM_0001421,ISIC_0027586,nv,0,HAM10000_images_part_1/ISIC_0027586.jpg,follow_up,45.0,female,trunk
HAM_0002270,ISIC_0031607,nv,0,HAM10000_images_part_2/ISIC_0031607.jpg,follow_up,45.0,female,lower extremity
HAM_0000732,ISIC_0026183,nv,0,HAM10000_images_part_1/ISIC_0026183.jpg,follow_up,35.0,male,trunk
HAM_0003635,ISIC_0024801,nv,0,HAM10000_images_part_1/ISIC_0024801.jpg,follow_up,35.0,male,upper extremity
HAM_0007105,ISIC_0026616,nv,0,HAM10000_images_part_1/ISIC_0026616.jpg,follow_up,35.0,male,abdomen
HAM_0002241,ISIC_0026459,nv,0,HAM10000_images_part_1/ISIC_0026459.jpg,follow_up,35.0,male,lower extremity
HAM_0002510,ISIC_0031124,nv,0,HAM10000_images_part_2/ISIC_0031124.jpg,follow_up,35.0,male,lower extremity
HAM_0001029,ISIC_0024384,nv,0,HAM10000_images_part_1/ISIC_0024384.jpg,follow_up,35.0,male,lower extremity
HAM_0006758,ISIC_0029234,nv,0,HAM10000_images_part_1/ISIC_0029234.jpg,follow_up,35.0,male,lower extremity
HAM_0003923,ISIC_0025282,nv,0,HAM10000_images_part_1/ISIC_0025282.jpg,follow_up,35.0,male,trunk
HAM_0003905,ISIC_0029275,nv,0,HAM10000_images_part_1/ISIC_0029275.jpg,follow_up,35.0,male,upper extremity
HAM_0003118,ISIC_0026483,nv,0,HAM10000_images_part_1/ISIC_0026483.jpg,follow_up,65.0,male,abdomen
HAM_0004228,ISIC_0027748,nv,0,HAM10000_images_part_1/ISIC_0027748.jpg,follow_up,65.0,male,lower extremity
HAM_0004794,ISIC_0027481,nv,0,HAM10000_images_part_1/ISIC_0027481.jpg,follow_up,65.0,male,trunk
HAM_0005687,ISIC_0027880,nv,0,HAM10000_images_part_1/ISIC_0027880.jpg,follow_up,65.0,male,upper extremity
HAM_0003545,ISIC_0029718,nv,0,HAM10000_images_part_2/ISIC_0029718.jpg,follow_up,80.0,male,trunk
HAM_0006565,ISIC_0027489,nv,0,HAM10000_images_part_1/ISIC_0027489.jpg,follow_up,80.0,male,trunk
HAM_0005635,ISIC_0024878,nv,0,HAM10000_images_part_1/ISIC_0024878.jpg,follow_up,80.0,male,trunk
HAM_0005147,ISIC_0029076,nv,0,HAM10000_images_part_1/ISIC_0029076.jpg,follow_up,80.0,male,trunk
HAM_0001585,ISIC_0028697,nv,0,HAM10000_images_part_1/ISIC_0028697.jpg,follow_up,80.0,male,lower extremity
HAM_0002643,ISIC_0030017,nv,0,HAM10000_images_part_2/ISIC_0030017.jpg,follow_up,80.0,male,trunk
HAM_0001756,ISIC_0027484,nv,0,HAM10000_images_part_1/ISIC_0027484.jpg,follow_up,80.0,male,back
HAM_0007039,ISIC_0025202,nv,0,HAM10000_images_part_1/ISIC_0025202.jpg,follow_up,80.0,male,lower extremity
HAM_0001951,ISIC_0030216,nv,0,HAM10000_images_part_2/ISIC_0030216.jpg,follow_up,80.0,male,abdomen
HAM_0006175,ISIC_0024954,nv,0,HAM10000_images_part_1/ISIC_0024954.jpg,follow_up,35.0,male,back
HAM_0001710,ISIC_0030808,nv,0,HAM10000_images_part_2/ISIC_0030808.jpg,follow_up,35.0,male,abdomen
HAM_0003607,ISIC_0030648,nv,0,HAM10000_images_part_2/ISIC_0030648.jpg,follow_up,35.0,male,upper extremity
HAM_0007447,ISIC_0030489,nv,0,HAM10000_images_part_2/ISIC_0030489.jpg,follow_up,30.0,male,abdomen
HAM_0004339,ISIC_0026332,nv,0,HAM10000_images_part_1/ISIC_0026332.jpg,follow_up,75.0,male,lower extremity
HAM_0000331,ISIC_0026944,nv,0,HAM10000_images_part_1/ISIC_0026944.jpg,follow_up,75.0,male,trunk
HAM_0001812,ISIC_0024326,nv,0,HAM10000_images_part_1/ISIC_0024326.jpg,follow_up,75.0,male,back
HAM_0002445,ISIC_0030879,nv,0,HAM10000_images_part_2/ISIC_0030879.jpg,follow_up,75.0,male,abdomen
HAM_0002499,ISIC_0024600,nv,0,HAM10000_images_part_1/ISIC_0024600.jpg,follow_up,50.0,female,genital
HAM_0004693,ISIC_0025283,nv,0,HAM10000_images_part_1/ISIC_0025283.jpg,follow_up,50.0,female,foot
HAM_0004115,ISIC_0027676,nv,0,HAM10000_images_part_1/ISIC_0027676.jpg,follow_up,50.0,female,lower extremity
HAM_0003139,ISIC_0026063,nv,0,HAM10000_images_part_1/ISIC_0026063.jpg,follow_up,55.0,male,trunk
HAM_0001032,ISIC_0028321,nv,0,HAM10000_images_part_1/ISIC_0028321.jpg,follow_up,55.0,male,abdomen
HAM_0002718,ISIC_0024316,nv,0,HAM10000_images_part_1/ISIC_0024316.jpg,follow_up,55.0,male,back
HAM_0000712,ISIC_0028434,nv,0,HAM10000_images_part_1/ISIC_0028434.jpg,follow_up,45.0,male,abdomen
HAM_0001724,ISIC_0027386,nv,0,HAM10000_images_part_1/ISIC_0027386.jpg,follow_up,45.0,male,abdomen
HAM_0003377,ISIC_0032085,nv,0,HAM10000_images_part_2/ISIC_0032085.jpg,follow_up,55.0,female,back
HAM_0007345,ISIC_0028703,nv,0,HAM10000_images_part_1/ISIC_0028703.jpg,follow_up,45.0,female,trunk
HAM_0002619,ISIC_0025435,nv,0,HAM10000_images_part_1/ISIC_0025435.jpg,follow_up,45.0,female,abdomen
HAM_0004137,ISIC_0024966,nv,0,HAM10000_images_part_1/ISIC_0024966.jpg,follow_up,45.0,female,abdomen
HAM_0004362,ISIC_0031873,nv,0,HAM10000_images_part_2/ISIC_0031873.jpg,follow_up,45.0,female,lower extremity
HAM_0004019,ISIC_0029629,nv,0,HAM10000_images_part_2/ISIC_0029629.jpg,follow_up,45.0,female,lower extremity
HAM_0007455,ISIC_0027441,nv,0,HAM10000_images_part_1/ISIC_0027441.jpg,follow_up,45.0,female,trunk
HAM_0006759,ISIC_0030254,nv,0,HAM10000_images_part_2/ISIC_0030254.jpg,follow_up,45.0,female,trunk
HAM_0005012,ISIC_0031251,nv,0,HAM10000_images_part_2/ISIC_0031251.jpg,follow_up,45.0,female,back
HAM_0005452,ISIC_0024722,nv,0,HAM10000_images_part_1/ISIC_0024722.jpg,follow_up,65.0,female,upper extremity
HAM_0005461,ISIC_0027699,nv,0,HAM10000_images_part_1/ISIC_0027699.jpg,follow_up,65.0,female,lower extremity
HAM_0000242,ISIC_0028273,nv,0,HAM10000_images_part_1/ISIC_0028273.jpg,follow_up,20.0,female,neck
HAM_0005836,ISIC_0030153,nv,0,HAM10000_images_part_2/ISIC_0030153.jpg,follow_up,45.0,female,neck
HAM_0000944,ISIC_0027864,nv,0,HAM10000_images_part_1/ISIC_0027864.jpg,follow_up,75.0,male,upper extremity
HAM_0004037,ISIC_0027383,nv,0,HAM10000_images_part_1/ISIC_0027383.jpg,follow_up,75.0,male,lower extremity
HAM_0005477,ISIC_0029552,nv,0,HAM10000_images_part_2/ISIC_0029552.jpg,follow_up,75.0,male,lower extremity
HAM_0006460,ISIC_0027292,nv,0,HAM10000_images_part_1/ISIC_0027292.jpg,follow_up,75.0,male,trunk
HAM_0002590,ISIC_0025010,nv,0,HAM10000_images_part_1/ISIC_0025010.jpg,follow_up,70.0,male,trunk
HAM_0005709,ISIC_0028569,nv,0,HAM10000_images_part_1/ISIC_0028569.jpg,follow_up,70.0,male,lower extremity
HAM_0004490,ISIC_0031788,nv,0,HAM10000_images_part_2/ISIC_0031788.jpg,follow_up,70.0,male,lower extremity
HAM_0004155,ISIC_0025269,nv,0,HAM10000_images_part_1/ISIC_0025269.jpg,follow_up,60.0,male,abdomen
HAM_0000178,ISIC_0031397,nv,0,HAM10000_images_part_2/ISIC_0031397.jpg,follow_up,60.0,male,abdomen
HAM_0004815,ISIC_0031342,nv,0,HAM10000_images_part_2/ISIC_0031342.jpg,follow_up,60.0,male,abdomen
HAM_0004875,ISIC_0028268,nv,0,HAM10000_images_part_1/ISIC_0028268.jpg,follow_up,60.0,male,trunk
HAM_0005346,ISIC_0028171,nv,0,HAM10000_images_part_1/ISIC_0028171.jpg,follow_up,75.0,male,lower extremity
HAM_0001315,ISIC_0031628,nv,0,HAM10000_images_part_2/ISIC_0031628.jpg,follow_up,75.0,male,lower extremity
HAM_0005726,ISIC_0026898,nv,0,HAM10000_images_part_1/ISIC_0026898.jpg,follow_up,75.0,male,lower extremity
HAM_0001574,ISIC_0031859,nv,0,HAM10000_images_part_2/ISIC_0031859.jpg,follow_up,75.0,male,lower extremity
HAM_0001658,ISIC_0030001,nv,0,HAM10000_images_part_2/ISIC_0030001.jpg,follow_up,75.0,male,abdomen
HAM_0001660,ISIC_0027078,nv,0,HAM10000_images_part_1/ISIC_0027078.jpg,follow_up,75.0,male,abdomen
HAM_0000664,ISIC_0029535,nv,0,HAM10000_images_part_2/ISIC_0029535.jpg,follow_up,60.0,male,abdomen
HAM_0004688,ISIC_0032000,nv,0,HAM10000_images_part_2/ISIC_0032000.jpg,follow_up,60.0,male,upper extremity
HAM_0002104,ISIC_0026410,nv,0,HAM10000_images_part_1/ISIC_0026410.jpg,follow_up,60.0,male,upper extremity
HAM_0006172,ISIC_0024485,nv,0,HAM10000_images_part_1/ISIC_0024485.jpg,follow_up,60.0,male,upper extremity
HAM_0006488,ISIC_0031066,nv,0,HAM10000_images_part_2/ISIC_0031066.jpg,follow_up,60.0,male,upper extremity
HAM_0007423,ISIC_0025582,nv,0,HAM10000_images_part_1/ISIC_0025582.jpg,follow_up,60.0,male,trunk
HAM_0002932,ISIC_0027841,nv,0,HAM10000_images_part_1/ISIC_0027841.jpg,follow_up,60.0,male,lower extremity
HAM_0000738,ISIC_0027443,nv,0,HAM10000_images_part_1/ISIC_0027443.jpg,follow_up,60.0,male,lower extremity
HAM_0002864,ISIC_0025176,nv,0,HAM10000_images_part_1/ISIC_0025176.jpg,follow_up,60.0,male,lower extremity
HAM_0006890,ISIC_0031983,nv,0,HAM10000_images_part_2/ISIC_0031983.jpg,follow_up,60.0,male,lower extremity
HAM_0001516,ISIC_0027830,nv,0,HAM10000_images_part_1/ISIC_0027830.jpg,follow_up,70.0,male,lower extremity
HAM_0005595,ISIC_0029180,nv,0,HAM10000_images_part_1/ISIC_0029180.jpg,follow_up,70.0,male,trunk
HAM_0000365,ISIC_0026534,nv,0,HAM10000_images_part_1/ISIC_0026534.jpg,follow_up,70.0,male,lower extremity
HAM_0001491,ISIC_0027396,nv,0,HAM10000_images_part_1/ISIC_0027396.jpg,follow_up,35.0,male,lower extremity
HAM_0001463,ISIC_0028040,nv,0,HAM10000_images_part_1/ISIC_0028040.jpg,follow_up,35.0,male,back
HAM_0001784,ISIC_0026450,nv,0,HAM10000_images_part_1/ISIC_0026450.jpg,follow_up,35.0,male,abdomen
HAM_0005220,ISIC_0025479,nv,0,HAM10000_images_part_1/ISIC_0025479.jpg,follow_up,35.0,male,back
HAM_0004144,ISIC_0027980,nv,0,HAM10000_images_part_1/ISIC_0027980.jpg,follow_up,35.0,male,back
HAM_0003737,ISIC_0024451,nv,0,HAM10000_images_part_1/ISIC_0024451.jpg,follow_up,35.0,male,lower extremity
HAM_0001320,ISIC_0028638,nv,0,HAM10000_images_part_1/ISIC_0028638.jpg,follow_up,35.0,male,trunk
HAM_0002330,ISIC_0027430,nv,0,HAM10000_images_part_1/ISIC_0027430.jpg,follow_up,40.0,female,lower extremity
HAM_0007087,ISIC_0031425,nv,0,HAM10000_images_part_2/ISIC_0031425.jpg,follow_up,40.0,female,abdomen
HAM_0006202,ISIC_0030627,nv,0,HAM10000_images_part_2/ISIC_0030627.jpg,follow_up,40.0,female,lower extremity
HAM_0004035,ISIC_0027039,nv,0,HAM10000_images_part_1/ISIC_0027039.jpg,follow_up,45.0,male,lower extremity
HAM_0001929,ISIC_0026938,nv,0,HAM10000_images_part_1/ISIC_0026938.jpg,follow_up,45.0,male,trunk
HAM_0007564,ISIC_0028119,nv,0,HAM10000_images_part_1/ISIC_0028119.jpg,follow_up,45.0,male,lower extremity
HAM_0002156,ISIC_0024802,nv,0,HAM10000_images_part_1/ISIC_0024802.jpg,follow_up,65.0,male,trunk
HAM_0004299,ISIC_0031307,nv,0,HAM10000_images_part_2/ISIC_0031307.jpg,follow_up,65.0,male,abdomen
HAM_0005151,ISIC_0030992,nv,0,HAM10000_images_part_2/ISIC_0030992.jpg,follow_up,65.0,male,abdomen
HAM_0005976,ISIC_0030638,nv,0,HAM10000_images_part_2/ISIC_0030638.jpg,follow_up,65.0,male,abdomen
HAM_0006602,ISIC_0026598,nv,0,HAM10000_images_part_1/ISIC_0026598.jpg,follow_up,65.0,male,trunk
HAM_0005161,ISIC_0030472,nv,0,HAM10000_images_part_2/ISIC_0030472.jpg,follow_up,65.0,male,trunk
HAM_0004920,ISIC_0030983,nv,0,HAM10000_images_part_2/ISIC_0030983.jpg,follow_up,65.0,male,back
HAM_0007613,ISIC_0024912,nv,0,HAM10000_images_part_1/ISIC_0024912.jpg,follow_up,45.0,male,trunk
HAM_0005844,ISIC_0027918,nv,0,HAM10000_images_part_1/ISIC_0027918.jpg,follow_up,45.0,male,foot
HAM_0000234,ISIC_0032431,nv,0,HAM10000_images_part_2/ISIC_0032431.jpg,follow_up,65.0,male,abdomen
HAM_0003292,ISIC_0029173,nv,0,HAM10000_images_part_1/ISIC_0029173.jpg,follow_up,65.0,male,abdomen
HAM_0002987,ISIC_0030647,nv,0,HAM10000_images_part_2/ISIC_0030647.jpg,follow_up,65.0,male,abdomen
HAM_0000066,ISIC_0025014,nv,0,HAM10000_images_part_1/ISIC_0025014.jpg,follow_up,35.0,male,trunk
HAM_0006282,ISIC_0031772,nv,0,HAM10000_images_part_2/ISIC_0031772.jpg,follow_up,35.0,male,back
HAM_0006165,ISIC_0029964,nv,0,HAM10000_images_part_2/ISIC_0029964.jpg,follow_up,55.0,female,back
HAM_0004755,ISIC_0029151,nv,0,HAM10000_images_part_1/ISIC_0029151.jpg,follow_up,55.0,female,back
HAM_0006865,ISIC_0029842,nv,0,HAM10000_images_part_2/ISIC_0029842.jpg,follow_up,55.0,female,lower extremity
HAM_0002380,ISIC_0029807,nv,0,HAM10000_images_part_2/ISIC_0029807.jpg,follow_up,50.0,female,lower extremity
HAM_0001201,ISIC_0024691,nv,0,HAM10000_images_part_1/ISIC_0024691.jpg,follow_up,50.0,female,trunk
HAM_0001856,ISIC_0027666,nv,0,HAM10000_images_part_1/ISIC_0027666.jpg,follow_up,50.0,female,trunk
HAM_0005916,ISIC_0027556,nv,0,HAM10000_images_part_1/ISIC_0027556.jpg,follow_up,50.0,female,trunk
HAM_0001128,ISIC_0029444,nv,0,HAM10000_images_part_2/ISIC_0029444.jpg,follow_up,50.0,female,trunk
HAM_0005317,ISIC_0030415,nv,0,HAM10000_images_part_2/ISIC_0030415.jpg,follow_up,50.0,female,abdomen
HAM_0005515,ISIC_0031020,nv,0,HAM10000_images_part_2/ISIC_0031020.jpg,follow_up,50.0,female,back
HAM_0003268,ISIC_0025572,nv,0,HAM10000_images_part_1/ISIC_0025572.jpg,follow_up,50.0,female,trunk
HAM_0000695,ISIC_0025757,nv,0,HAM10000_images_part_1/ISIC_0025757.jpg,follow_up,50.0,female,trunk
HAM_0006405,ISIC_0031641,nv,0,HAM10000_images_part_2/ISIC_0031641.jpg,follow_up,35.0,female,trunk
HAM_0003124,ISIC_0031512,nv,0,HAM10000_images_part_2/ISIC_0031512.jpg,follow_up,75.0,male,abdomen
HAM_0001577,ISIC_0029818,nv,0,HAM10000_images_part_2/ISIC_0029818.jpg,follow_up,65.0,male,abdomen
HAM_0001779,ISIC_0031439,nv,0,HAM10000_images_part_2/ISIC_0031439.jpg,follow_up,65.0,male,upper extremity
HAM_0004502,ISIC_0024541,nv,0,HAM10000_images_part_1/ISIC_0024541.jpg,follow_up,65.0,male,lower extremity
HAM_0002272,ISIC_0025371,nv,0,HAM10000_images_part_1/ISIC_0025371.jpg,follow_up,65.0,male,back
HAM_0005520,ISIC_0031255,nv,0,HAM10000_images_part_2/ISIC_0031255.jpg,follow_up,65.0,male,back
HAM_0005574,ISIC_0027823,nv,0,HAM10000_images_part_1/ISIC_0027823.jpg,follow_up,35.0,female,trunk
HAM_0003312,ISIC_0030516,nv,0,HAM10000_images_part_2/ISIC_0030516.jpg,follow_up,35.0,female,abdomen
HAM_0002920,ISIC_0031205,nv,0,HAM10000_images_part_2/ISIC_0031205.jpg,follow_up,35.0,female,trunk
HAM_0005988,ISIC_0025646,nv,0,HAM10000_images_part_1/ISIC_0025646.jpg,follow_up,35.0,female,trunk
HAM_0007126,ISIC_0027835,nv,0,HAM10000_images_part_1/ISIC_0027835.jpg,follow_up,35.0,female,lower extremity
HAM_0001184,ISIC_0028330,nv,0,HAM10000_images_part_1/ISIC_0028330.jpg,follow_up,55.0,male,trunk
HAM_0002383,ISIC_0032488,nv,0,HAM10000_images_part_2/ISIC_0032488.jpg,follow_up,55.0,male,trunk
HAM_0004512,ISIC_0027977,nv,0,HAM10000_images_part_1/ISIC_0027977.jpg,follow_up,55.0,male,abdomen
HAM_0000830,ISIC_0030634,nv,0,HAM10000_images_part_2/ISIC_0030634.jpg,follow_up,55.0,male,abdomen
HAM_0004666,ISIC_0029165,nv,0,HAM10000_images_part_1/ISIC_0029165.jpg,follow_up,55.0,male,upper extremity
HAM_0001204,ISIC_0030185,nv,0,HAM10000_images_part_2/ISIC_0030185.jpg,follow_up,55.0,male,back
HAM_0000661,ISIC_0025538,nv,0,HAM10000_images_part_1/ISIC_0025538.jpg,follow_up,55.0,male,upper extremity
HAM_0003085,ISIC_0027809,nv,0,HAM10000_images_part_1/ISIC_0027809.jpg,follow_up,45.0,female,trunk
HAM_0002315,ISIC_0028312,nv,0,HAM10000_images_part_1/ISIC_0028312.jpg,follow_up,50.0,male,abdomen
HAM_0000804,ISIC_0029863,nv,0,HAM10000_images_part_2/ISIC_0029863.jpg,follow_up,50.0,male,trunk
HAM_0000537,ISIC_0027095,nv,0,HAM10000_images_part_1/ISIC_0027095.jpg,follow_up,50.0,male,lower extremity
HAM_0002847,ISIC_0024353,nv,0,HAM10000_images_part_1/ISIC_0024353.jpg,follow_up,50.0,male,trunk
HAM_0005957,ISIC_0030727,nv,0,HAM10000_images_part_2/ISIC_0030727.jpg,follow_up,50.0,female,trunk
HAM_0000633,ISIC_0030719,nv,0,HAM10000_images_part_2/ISIC_0030719.jpg,follow_up,50.0,female,trunk
HAM_0007382,ISIC_0030030,nv,0,HAM10000_images_part_2/ISIC_0030030.jpg,follow_up,50.0,female,upper extremity
HAM_0004294,ISIC_0028153,nv,0,HAM10000_images_part_1/ISIC_0028153.jpg,follow_up,50.0,female,foot
HAM_0006095,ISIC_0025933,nv,0,HAM10000_images_part_1/ISIC_0025933.jpg,follow_up,50.0,female,back
HAM_0007011,ISIC_0032493,nv,0,HAM10000_images_part_2/ISIC_0032493.jpg,follow_up,55.0,female,trunk
HAM_0001980,ISIC_0032012,nv,0,HAM10000_images_part_2/ISIC_0032012.jpg,follow_up,55.0,female,upper extremity
HAM_0002813,ISIC_0030751,nv,0,HAM10000_images_part_2/ISIC_0030751.jpg,follow_up,55.0,female,upper extremity
HAM_0007175,ISIC_0029442,nv,0,HAM10000_images_part_2/ISIC_0029442.jpg,follow_up,55.0,female,trunk
HAM_0006479,ISIC_0026004,nv,0,HAM10000_images_part_1/ISIC_0026004.jpg,follow_up,55.0,female,lower extremity
HAM_0000440,ISIC_0027972,nv,0,HAM10000_images_part_1/ISIC_0027972.jpg,follow_up,55.0,female,lower extremity
HAM_0002449,ISIC_0024391,nv,0,HAM10000_images_part_1/ISIC_0024391.jpg,follow_up,50.0,male,chest
HAM_0000419,ISIC_0027741,nv,0,HAM10000_images_part_1/ISIC_0027741.jpg,follow_up,50.0,male,trunk
HAM_0000870,ISIC_0029923,nv,0,HAM10000_images_part_2/ISIC_0029923.jpg,follow_up,50.0,male,trunk
HAM_0002665,ISIC_0032208,nv,0,HAM10000_images_part_2/ISIC_0032208.jpg,follow_up,50.0,male,abdomen
HAM_0007256,ISIC_0031480,nv,0,HAM10000_images_part_2/ISIC_0031480.jpg,follow_up,40.0,male,upper extremity
HAM_0002901,ISIC_0028722,nv,0,HAM10000_images_part_1/ISIC_0028722.jpg,follow_up,40.0,male,trunk
HAM_0001228,ISIC_0031717,nv,0,HAM10000_images_part_2/ISIC_0031717.jpg,follow_up,40.0,male,back
HAM_0003153,ISIC_0025565,nv,0,HAM10000_images_part_1/ISIC_0025565.jpg,follow_up,40.0,male,trunk
HAM_0006903,ISIC_0031487,nv,0,HAM10000_images_part_2/ISIC_0031487.jpg,follow_up,40.0,male,trunk
HAM_0003588,ISIC_0025232,nv,0,HAM10000_images_part_1/ISIC_0025232.jpg,follow_up,40.0,male,upper extremity
HAM_0000873,ISIC_0025012,nv,0,HAM10000_images_part_1/ISIC_0025012.jpg,follow_up,40.0,male,upper extremity
HAM_0005192,ISIC_0031858,nv,0,HAM10000_images_part_2/ISIC_0031858.jpg,follow_up,40.0,male,lower extremity
HAM_0004633,ISIC_0025772,nv,0,HAM10000_images_part_1/ISIC_0025772.jpg,follow_up,45.0,male,lower extremity
HAM_0002022,ISIC_0026579,nv,0,HAM10000_images_part_1/ISIC_0026579.jpg,follow_up,45.0,male,back
HAM_0006640,ISIC_0029551,nv,0,HAM10000_images_part_2/ISIC_0029551.jpg,follow_up,45.0,male,foot
HAM_0004800,ISIC_0029620,nv,0,HAM10000_images_part_2/ISIC_0029620.jpg,follow_up,45.0,male,trunk
HAM_0003036,ISIC_0030917,nv,0,HAM10000_images_part_2/ISIC_0030917.jpg,follow_up,25.0,female,lower extremity
HAM_0003065,ISIC_0031879,nv,0,HAM10000_images_part_2/ISIC_0031879.jpg,follow_up,85.0,male,back
HAM_0004730,ISIC_0032297,nv,0,HAM10000_images_part_2/ISIC_0032297.jpg,follow_up,75.0,male,trunk
HAM_0001108,ISIC_0027313,nv,0,HAM10000_images_part_1/ISIC_0027313.jpg,follow_up,75.0,male,lower extremity
HAM_0006313,ISIC_0026926,nv,0,HAM10000_images_part_1/ISIC_0026926.jpg,follow_up,45.0,male,trunk
HAM_0003629,ISIC_0024978,nv,0,HAM10000_images_part_1/ISIC_0024978.jpg,follow_up,45.0,male,back
HAM_0005340,ISIC_0031830,nv,0,HAM10000_images_part_2/ISIC_0031830.jpg,follow_up,55.0,female,abdomen
HAM_0004085,ISIC_0028471,nv,0,HAM10000_images_part_1/ISIC_0028471.jpg,follow_up,55.0,female,abdomen
HAM_0006504,ISIC_0031098,nv,0,HAM10000_images_part_2/ISIC_0031098.jpg,follow_up,55.0,female,lower extremity
HAM_0001845,ISIC_0026462,nv,0,HAM10000_images_part_1/ISIC_0026462.jpg,follow_up,55.0,female,trunk
HAM_0001305,ISIC_0030887,nv,0,HAM10000_images_part_2/ISIC_0030887.jpg,follow_up,55.0,female,trunk
HAM_0002175,ISIC_0028369,nv,0,HAM10000_images_part_1/ISIC_0028369.jpg,follow_up,55.0,female,lower extremity
HAM_0002162,ISIC_0030708,nv,0,HAM10000_images_part_2/ISIC_0030708.jpg,follow_up,55.0,female,lower extremity
HAM_0002393,ISIC_0026879,nv,0,HAM10000_images_part_1/ISIC_0026879.jpg,follow_up,40.0,male,lower extremity
HAM_0001727,ISIC_0028799,nv,0,HAM10000_images_part_1/ISIC_0028799.jpg,follow_up,40.0,male,lower extremity
HAM_0002963,ISIC_0032435,nv,0,HAM10000_images_part_2/ISIC_0032435.jpg,follow_up,45.0,male,trunk
HAM_0003538,ISIC_0031246,nv,0,HAM10000_images_part_2/ISIC_0031246.jpg,follow_up,55.0,female,abdomen
HAM_0002437,ISIC_0031899,nv,0,HAM10000_images_part_2/ISIC_0031899.jpg,follow_up,55.0,female,lower extremity
HAM_0006929,ISIC_0026542,nv,0,HAM10000_images_part_1/ISIC_0026542.jpg,follow_up,55.0,male,trunk
HAM_0005235,ISIC_0029437,nv,0,HAM10000_images_part_2/ISIC_0029437.jpg,follow_up,55.0,male,back
HAM_0002852,ISIC_0031530,nv,0,HAM10000_images_part_2/ISIC_0031530.jpg,follow_up,55.0,male,back
HAM_0006646,ISIC_0030320,nv,0,HAM10000_images_part_2/ISIC_0030320.jpg,follow_up,55.0,male,abdomen
HAM_0006021,ISIC_0026881,nv,0,HAM10000_images_part_1/ISIC_0026881.jpg,follow_up,50.0,female,back
HAM_0001395,ISIC_0031818,nv,0,HAM10000_images_part_2/ISIC_0031818.jpg,follow_up,50.0,female,foot
HAM_0003975,ISIC_0030098,nv,0,HAM10000_images_part_2/ISIC_0030098.jpg,follow_up,40.0,female,lower extremity
HAM_0002044,ISIC_0024325,nv,0,HAM10000_images_part_1/ISIC_0024325.jpg,follow_up,40.0,female,trunk
HAM_0006680,ISIC_0028458,nv,0,HAM10000_images_part_1/ISIC_0028458.jpg,follow_up,40.0,female,back
HAM_0000411,ISIC_0031283,nv,0,HAM10000_images_part_2/ISIC_0031283.jpg,follow_up,40.0,female,trunk
HAM_0007111,ISIC_0025715,nv,0,HAM10000_images_part_1/ISIC_0025715.jpg,follow_up,40.0,female,lower extremity
HAM_0005071,ISIC_0029987,nv,0,HAM10000_images_part_2/ISIC_0029987.jpg,follow_up,40.0,female,trunk
HAM_0001783,ISIC_0029256,nv,0,HAM10000_images_part_1/ISIC_0029256.jpg,follow_up,50.0,male,abdomen
HAM_0006163,ISIC_0030331,nv,0,HAM10000_images_part_2/ISIC_0030331.jpg,follow_up,50.0,male,abdomen
HAM_0001704,ISIC_0031415,nv,0,HAM10000_images_part_2/ISIC_0031415.jpg,follow_up,50.0,male,back
HAM_0001278,ISIC_0024527,nv,0,HAM10000_images_part_1/ISIC_0024527.jpg,follow_up,50.0,male,trunk
HAM_0006345,ISIC_0027762,nv,0,HAM10000_images_part_1/ISIC_0027762.jpg,follow_up,50.0,male,trunk
HAM_0006045,ISIC_0029910,nv,0,HAM10000_images_part_2/ISIC_0029910.jpg,follow_up,50.0,male,trunk
HAM_0006704,ISIC_0025464,nv,0,HAM10000_images_part_1/ISIC_0025464.jpg,follow_up,50.0,male,lower extremity
HAM_0001681,ISIC_0024651,nv,0,HAM10000_images_part_1/ISIC_0024651.jpg,follow_up,50.0,male,lower extremity
HAM_0007357,ISIC_0031265,nv,0,HAM10000_images_part_2/ISIC_0031265.jpg,follow_up,40.0,female,trunk
HAM_0002248,ISIC_0029011,nv,0,HAM10000_images_part_1/ISIC_0029011.jpg,follow_up,40.0,female,trunk
HAM_0001836,ISIC_0030500,nv,0,HAM10000_images_part_2/ISIC_0030500.jpg,follow_up,40.0,female,abdomen
HAM_0006454,ISIC_0030009,nv,0,HAM10000_images_part_2/ISIC_0030009.jpg,follow_up,40.0,female,abdomen
HAM_0002077,ISIC_0031936,nv,0,HAM10000_images_part_2/ISIC_0031936.jpg,follow_up,40.0,female,lower extremity
HAM_0007136,ISIC_0030563,nv,0,HAM10000_images_part_2/ISIC_0030563.jpg,follow_up,40.0,female,back
HAM_0001070,ISIC_0027499,nv,0,HAM10000_images_part_1/ISIC_0027499.jpg,follow_up,40.0,female,trunk
HAM_0000100,ISIC_0024914,nv,0,HAM10000_images_part_1/ISIC_0024914.jpg,follow_up,45.0,female,lower extremity
HAM_0002594,ISIC_0031047,nv,0,HAM10000_images_part_2/ISIC_0031047.jpg,follow_up,45.0,female,upper extremity
HAM_0005653,ISIC_0027701,nv,0,HAM10000_images_part_1/ISIC_0027701.jpg,follow_up,45.0,female,upper extremity
HAM_0004315,ISIC_0029244,nv,0,HAM10000_images_part_1/ISIC_0029244.jpg,follow_up,45.0,female,upper extremity
HAM_0003963,ISIC_0027448,nv,0,HAM10000_images_part_1/ISIC_0027448.jpg,follow_up,45.0,female,lower extremity
HAM_0000192,ISIC_0025595,nv,0,HAM10000_images_part_1/ISIC_0025595.jpg,follow_up,45.0,female,upper extremity
HAM_0002840,ISIC_0027424,nv,0,HAM10000_images_part_1/ISIC_0027424.jpg,follow_up,45.0,female,back
HAM_0001072,ISIC_0026041,nv,0,HAM10000_images_part_1/ISIC_0026041.jpg,follow_up,45.0,female,trunk
HAM_0000438,ISIC_0025532,nv,0,HAM10000_images_part_1/ISIC_0025532.jpg,follow_up,45.0,female,lower extremity
HAM_0001952,ISIC_0025660,nv,0,HAM10000_images_part_1/ISIC_0025660.jpg,follow_up,45.0,female,trunk
HAM_0002829,ISIC_0029134,nv,0,HAM10000_images_part_1/ISIC_0029134.jpg,follow_up,30.0,male,trunk
HAM_0003526,ISIC_0027070,nv,0,HAM10000_images_part_1/ISIC_0027070.jpg,follow_up,30.0,male,trunk
HAM_0001761,ISIC_0026732,nv,0,HAM10000_images_part_1/ISIC_0026732.jpg,follow_up,30.0,male,abdomen
HAM_0003272,ISIC_0027979,nv,0,HAM10000_images_part_1/ISIC_0027979.jpg,follow_up,30.0,male,upper extremity
HAM_0006867,ISIC_0032147,nv,0,HAM10000_images_part_2/ISIC_0032147.jpg,follow_up,30.0,male,back
HAM_0004391,ISIC_0030290,nv,0,HAM10000_images_part_2/ISIC_0030290.jpg,follow_up,60.0,male,lower extremity
HAM_0005000,ISIC_0031312,nv,0,HAM10000_images_part_2/ISIC_0031312.jpg,follow_up,50.0,male,back
HAM_0003070,ISIC_0032323,nv,0,HAM10000_images_part_2/ISIC_0032323.jpg,follow_up,50.0,male,trunk
HAM_0000285,ISIC_0026925,nv,0,HAM10000_images_part_1/ISIC_0026925.jpg,follow_up,50.0,male,upper extremity
HAM_0005583,ISIC_0025574,nv,0,HAM10000_images_part_1/ISIC_0025574.jpg,follow_up,50.0,male,abdomen
HAM_0007200,ISIC_0026304,nv,0,HAM10000_images_part_1/ISIC_0026304.jpg,follow_up,50.0,male,back
HAM_0005120,ISIC_0027685,nv,0,HAM10000_images_part_1/ISIC_0027685.jpg,follow_up,50.0,male,foot
HAM_0006168,ISIC_0026464,nv,0,HAM10000_images_part_1/ISIC_0026464.jpg,follow_up,50.0,male,foot
HAM_0006674,ISIC_0029280,nv,0,HAM10000_images_part_1/ISIC_0029280.jpg,follow_up,45.0,female,trunk
HAM_0007330,ISIC_0024521,nv,0,HAM10000_images_part_1/ISIC_0024521.jpg,follow_up,45.0,female,trunk
HAM_0003372,ISIC_0028883,nv,0,HAM10000_images_part_1/ISIC_0028883.jpg,follow_up,45.0,female,trunk
HAM_0007401,ISIC_0031849,nv,0,HAM10000_images_part_2/ISIC_0031849.jpg,follow_up,45.0,female,abdomen
HAM_0002140,ISIC_0032472,nv,0,HAM10000_images_part_2/ISIC_0032472.jpg,follow_up,45.0,female,abdomen
HAM_0006820,ISIC_0025460,nv,0,HAM10000_images_part_1/ISIC_0025460.jpg,follow_up,45.0,female,lower extremity
HAM_0001472,ISIC_0024334,nv,0,HAM10000_images_part_1/ISIC_0024334.jpg,follow_up,45.0,female,trunk
HAM_0000254,ISIC_0026939,nv,0,HAM10000_images_part_1/ISIC_0026939.jpg,follow_up,45.0,female,trunk
HAM_0003204,ISIC_0028564,nv,0,HAM10000_images_part_1/ISIC_0028564.jpg,follow_up,45.0,female,back
HAM_0007099,ISIC_0025921,nv,0,HAM10000_images_part_1/ISIC_0025921.jpg,follow_up,45.0,female,lower extremity
HAM_0003075,ISIC_0028553,nv,0,HAM10000_images_part_1/ISIC_0028553.jpg,follow_up,45.0,female,trunk
HAM_0001293,ISIC_0030062,nv,0,HAM10000_images_part_2/ISIC_0030062.jpg,follow_up,45.0,female,abdomen
HAM_0004990,ISIC_0028433,nv,0,HAM10000_images_part_1/ISIC_0028433.jpg,follow_up,40.0,male,trunk
HAM_0002751,ISIC_0026073,nv,0,HAM10000_images_part_1/ISIC_0026073.jpg,follow_up,80.0,male,abdomen
HAM_0002381,ISIC_0030680,nv,0,HAM10000_images_part_2/ISIC_0030680.jpg,follow_up,80.0,male,trunk
HAM_0002968,ISIC_0027446,nv,0,HAM10000_images_part_1/ISIC_0027446.jpg,follow_up,40.0,male,back
HAM_0002743,ISIC_0030439,nv,0,HAM10000_images_part_2/ISIC_0030439.jpg,follow_up,40.0,male,abdomen
HAM_0004220,ISIC_0027787,nv,0,HAM10000_images_part_1/ISIC_0027787.jpg,follow_up,40.0,male,abdomen
HAM_0004478,ISIC_0026793,nv,0,HAM10000_images_part_1/ISIC_0026793.jpg,follow_up,40.0,male,abdomen
HAM_0006807,ISIC_0031341,nv,0,HAM10000_images_part_2/ISIC_0031341.jpg,follow_up,40.0,male,lower extremity
HAM_0004368,ISIC_0030236,nv,0,HAM10000_images_part_2/ISIC_0030236.jpg,follow_up,40.0,male,lower extremity
HAM_0001210,ISIC_0025841,nv,0,HAM10000_images_part_1/ISIC_0025841.jpg,follow_up,40.0,male,lower extremity
HAM_0001698,ISIC_0025797,nv,0,HAM10000_images_part_1/ISIC_0025797.jpg,follow_up,40.0,male,trunk
HAM_0005577,ISIC_0028320,nv,0,HAM10000_images_part_1/ISIC_0028320.jpg,follow_up,40.0,male,trunk
HAM_0006819,ISIC_0025590,nv,0,HAM10000_images_part_1/ISIC_0025590.jpg,follow_up,40.0,male,trunk
HAM_0003417,ISIC_0027891,nv,0,HAM10000_images_part_1/ISIC_0027891.jpg,follow_up,40.0,male,lower extremity
HAM_0001352,ISIC_0029896,nv,0,HAM10000_images_part_2/ISIC_0029896.jpg,follow_up,50.0,female,trunk
HAM_0002822,ISIC_0026863,nv,0,HAM10000_images_part_1/ISIC_0026863.jpg,follow_up,45.0,male,foot
HAM_0003342,ISIC_0027726,nv,0,HAM10000_images_part_1/ISIC_0027726.jpg,follow_up,60.0,male,upper extremity
HAM_0005290,ISIC_0026703,nv,0,HAM10000_images_part_1/ISIC_0026703.jpg,follow_up,65.0,male,trunk
HAM_0005337,ISIC_0025098,nv,0,HAM10000_images_part_1/ISIC_0025098.jpg,follow_up,55.0,male,trunk
HAM_0007452,ISIC_0024811,nv,0,HAM10000_images_part_1/ISIC_0024811.jpg,follow_up,55.0,male,trunk
HAM_0003915,ISIC_0026850,nv,0,HAM10000_images_part_1/ISIC_0026850.jpg,follow_up,40.0,male,abdomen
HAM_0000585,ISIC_0030685,nv,0,HAM10000_images_part_2/ISIC_0030685.jpg,follow_up,40.0,male,trunk
HAM_0000123,ISIC_0032293,nv,0,HAM10000_images_part_2/ISIC_0032293.jpg,follow_up,50.0,female,upper extremity
HAM_0007062,ISIC_0029116,nv,0,HAM10000_images_part_1/ISIC_0029116.jpg,follow_up,50.0,female,trunk
HAM_0006557,ISIC_0025334,nv,0,HAM10000_images_part_1/ISIC_0025334.jpg,follow_up,50.0,female,trunk
HAM_0007400,ISIC_0027329,nv,0,HAM10000_images_part_1/ISIC_0027329.jpg,follow_up,50.0,female,lower extremity
HAM_0007375,ISIC_0027233,nv,0,HAM10000_images_part_1/ISIC_0027233.jpg,follow_up,50.0,female,trunk
HAM_0003901,ISIC_0026931,nv,0,HAM10000_images_part_1/ISIC_0026931.jpg,follow_up,50.0,female,upper extremity
HAM_0005582,ISIC_0030433,nv,0,HAM10000_images_part_2/ISIC_0030433.jpg,follow_up,50.0,female,trunk
HAM_0005460,ISIC_0028199,nv,0,HAM10000_images_part_1/ISIC_0028199.jpg,follow_up,50.0,female,lower extremity
HAM_0006570,ISIC_0030343,nv,0,HAM10000_images_part_2/ISIC_0030343.jpg,follow_up,40.0,male,lower extremity
HAM_0000124,ISIC_0025091,nv,0,HAM10000_images_part_1/ISIC_0025091.jpg,follow_up,40.0,male,upper extremity
HAM_0003695,ISIC_0025679,nv,0,HAM10000_images_part_1/ISIC_0025679.jpg,follow_up,30.0,male,abdomen
HAM_0001768,ISIC_0026019,nv,0,HAM10000_images_part_1/ISIC_0026019.jpg,follow_up,30.0,male,back
HAM_0003252,ISIC_0029977,nv,0,HAM10000_images_part_2/ISIC_0029977.jpg,follow_up,45.0,female,lower extremity
HAM_0000424,ISIC_0031328,nv,0,HAM10000_images_part_2/ISIC_0031328.jpg,follow_up,45.0,female,lower extremity
HAM_0001166,ISIC_0026851,nv,0,HAM10000_images_part_1/ISIC_0026851.jpg,follow_up,45.0,female,trunk
HAM_0004079,ISIC_0031182,nv,0,HAM10000_images_part_2/ISIC_0031182.jpg,follow_up,45.0,female,trunk
HAM_0006007,ISIC_0031737,nv,0,HAM10000_images_part_2/ISIC_0031737.jpg,follow_up,45.0,female,trunk
HAM_0002674,ISIC_0029646,nv,0,HAM10000_images_part_2/ISIC_0029646.jpg,follow_up,20.0,female,back
HAM_0003804,ISIC_0026617,nv,0,HAM10000_images_part_1/ISIC_0026617.jpg,follow_up,40.0,female,trunk
HAM_0001063,ISIC_0027180,nv,0,HAM10000_images_part_1/ISIC_0027180.jpg,follow_up,60.0,female,abdomen
HAM_0001013,ISIC_0031533,nv,0,HAM10000_images_part_2/ISIC_0031533.jpg,follow_up,75.0,male,lower extremity
HAM_0004700,ISIC_0024727,nv,0,HAM10000_images_part_1/ISIC_0024727.jpg,follow_up,75.0,male,trunk
HAM_0004870,ISIC_0024751,nv,0,HAM10000_images_part_1/ISIC_0024751.jpg,follow_up,45.0,male,lower extremity
HAM_0006781,ISIC_0025765,nv,0,HAM10000_images_part_1/ISIC_0025765.jpg,follow_up,45.0,female,trunk
HAM_0005630,ISIC_0025864,nv,0,HAM10000_images_part_1/ISIC_0025864.jpg,follow_up,45.0,female,lower extremity
HAM_0005394,ISIC_0026903,nv,0,HAM10000_images_part_1/ISIC_0026903.jpg,follow_up,60.0,female,trunk
HAM_0002687,ISIC_0032037,nv,0,HAM10000_images_part_2/ISIC_0032037.jpg,follow_up,60.0,female,back
HAM_0003702,ISIC_0029800,nv,0,HAM10000_images_part_2/ISIC_0029800.jpg,follow_up,35.0,male,abdomen
HAM_0006949,ISIC_0031886,nv,0,HAM10000_images_part_2/ISIC_0031886.jpg,follow_up,35.0,male,abdomen
HAM_0004452,ISIC_0027381,nv,0,HAM10000_images_part_1/ISIC_0027381.jpg,follow_up,35.0,male,trunk
HAM_0001124,ISIC_0026587,nv,0,HAM10000_images_part_1/ISIC_0026587.jpg,follow_up,50.0,female,abdomen
HAM_0007612,ISIC_0025688,nv,0,HAM10000_images_part_1/ISIC_0025688.jpg,follow_up,50.0,female,upper extremity
HAM_0000560,ISIC_0031509,nv,0,HAM10000_images_part_2/ISIC_0031509.jpg,follow_up,50.0,female,trunk
HAM_0007287,ISIC_0027413,nv,0,HAM10000_images_part_1/ISIC_0027413.jpg,follow_up,50.0,female,trunk
HAM_0005549,ISIC_0028802,nv,0,HAM10000_images_part_1/ISIC_0028802.jpg,follow_up,50.0,female,trunk
HAM_0004740,ISIC_0024992,nv,0,HAM10000_images_part_1/ISIC_0024992.jpg,follow_up,40.0,male,abdomen
HAM_0001158,ISIC_0025022,nv,0,HAM10000_images_part_1/ISIC_0025022.jpg,follow_up,40.0,male,lower extremity
HAM_0002468,ISIC_0028018,nv,0,HAM10000_images_part_1/ISIC_0028018.jpg,follow_up,40.0,male,back
HAM_0003163,ISIC_0029327,nv,0,HAM10000_images_part_2/ISIC_0029327.jpg,follow_up,70.0,female,trunk
HAM_0002063,ISIC_0024819,nv,0,HAM10000_images_part_1/ISIC_0024819.jpg,follow_up,70.0,female,lower extremity
HAM_0006487,ISIC_0028617,nv,0,HAM10000_images_part_1/ISIC_0028617.jpg,follow_up,70.0,female,lower extremity
HAM_0005041,ISIC_0028019,nv,0,HAM10000_images_part_1/ISIC_0028019.jpg,follow_up,35.0,male,lower extremity
HAM_0005437,ISIC_0030029,nv,0,HAM10000_images_part_2/ISIC_0030029.jpg,follow_up,45.0,male,foot
HAM_0002543,ISIC_0025645,nv,0,HAM10000_images_part_1/ISIC_0025645.jpg,follow_up,45.0,male,abdomen
HAM_0004438,ISIC_0029712,nv,0,HAM10000_images_part_2/ISIC_0029712.jpg,follow_up,45.0,male,upper extremity
HAM_0006081,ISIC_0030691,nv,0,HAM10000_images_part_2/ISIC_0030691.jpg,follow_up,45.0,male,upper extremity
HAM_0000860,ISIC_0029796,nv,0,HAM10000_images_part_2/ISIC_0029796.jpg,follow_up,45.0,male,upper extremity
HAM_0006309,ISIC_0026640,nv,0,HAM10000_images_part_1/ISIC_0026640.jpg,follow_up,45.0,male,back
HAM_0003239,ISIC_0024533,nv,0,HAM10000_images_part_1/ISIC_0024533.jpg,follow_up,45.0,male,hand
HAM_0004312,ISIC_0031768,nv,0,HAM10000_images_part_2/ISIC_0031768.jpg,follow_up,45.0,male,foot
HAM_0005043,ISIC_0025004,nv,0,HAM10000_images_part_1/ISIC_0025004.jpg,follow_up,35.0,male,back
HAM_0007269,ISIC_0024430,nv,0,HAM10000_images_part_1/ISIC_0024430.jpg,follow_up,35.0,male,lower extremity
HAM_0007487,ISIC_0030097,nv,0,HAM10000_images_part_2/ISIC_0030097.jpg,follow_up,35.0,male,lower extremity
HAM_0005238,ISIC_0030393,nv,0,HAM10000_images_part_2/ISIC_0030393.jpg,follow_up,50.0,male,trunk
HAM_0005744,ISIC_0025880,nv,0,HAM10000_images_part_1/ISIC_0025880.jpg,follow_up,50.0,male,abdomen
HAM_0006125,ISIC_0028144,nv,0,HAM10000_images_part_1/ISIC_0028144.jpg,follow_up,35.0,female,trunk
HAM_0001560,ISIC_0026181,nv,0,HAM10000_images_part_1/ISIC_0026181.jpg,follow_up,35.0,female,back
HAM_0004449,ISIC_0032332,nv,0,HAM10000_images_part_2/ISIC_0032332.jpg,follow_up,35.0,female,lower extremity
HAM_0007192,ISIC_0030558,nv,0,HAM10000_images_part_2/ISIC_0030558.jpg,follow_up,35.0,female,upper extremity
HAM_0004661,ISIC_0026808,nv,0,HAM10000_images_part_1/ISIC_0026808.jpg,follow_up,55.0,female,trunk
HAM_0004961,ISIC_0025705,nv,0,HAM10000_images_part_1/ISIC_0025705.jpg,follow_up,55.0,female,back
HAM_0004645,ISIC_0030028,nv,0,HAM10000_images_part_2/ISIC_0030028.jpg,follow_up,40.0,female,upper extremity
HAM_0001198,ISIC_0025441,nv,0,HAM10000_images_part_1/ISIC_0025441.jpg,follow_up,40.0,female,trunk
HAM_0005144,ISIC_0026130,nv,0,HAM10000_images_part_1/ISIC_0026130.jpg,follow_up,40.0,female,trunk
HAM_0007053,ISIC_0024487,nv,0,HAM10000_images_part_1/ISIC_0024487.jpg,follow_up,40.0,female,lower extremity
HAM_0007482,ISIC_0030004,nv,0,HAM10000_images_part_2/ISIC_0030004.jpg,follow_up,65.0,male,trunk
HAM_0003591,ISIC_0025788,nv,0,HAM10000_images_part_1/ISIC_0025788.jpg,follow_up,65.0,male,back
HAM_0000926,ISIC_0026189,nv,0,HAM10000_images_part_1/ISIC_0026189.jpg,follow_up,65.0,male,back
HAM_0006035,ISIC_0027551,nv,0,HAM10000_images_part_1/ISIC_0027551.jpg,follow_up,65.0,male,back
HAM_0004955,ISIC_0027128,nv,0,HAM10000_images_part_1/ISIC_0027128.jpg,follow_up,45.0,male,trunk
HAM_0006089,ISIC_0031316,nv,0,HAM10000_images_part_2/ISIC_0031316.jpg,follow_up,45.0,male,upper extremity
HAM_0000292,ISIC_0031445,nv,0,HAM10000_images_part_2/ISIC_0031445.jpg,follow_up,45.0,male,upper extremity
HAM_0004840,ISIC_0025273,nv,0,HAM10000_images_part_1/ISIC_0025273.jpg,follow_up,45.0,male,upper extremity
HAM_0007561,ISIC_0031458,nv,0,HAM10000_images_part_2/ISIC_0031458.jpg,follow_up,45.0,male,upper extremity
HAM_0005391,ISIC_0030633,nv,0,HAM10000_images_part_2/ISIC_0030633.jpg,follow_up,45.0,male,back
HAM_0004433,ISIC_0029623,nv,0,HAM10000_images_part_2/ISIC_0029623.jpg,follow_up,45.0,male,lower extremity
HAM_0004018,ISIC_0028112,nv,0,HAM10000_images_part_1/ISIC_0028112.jpg,follow_up,50.0,male,abdomen
HAM_0001092,ISIC_0031962,nv,0,HAM10000_images_part_2/ISIC_0031962.jpg,follow_up,50.0,male,lower extremity
HAM_0002090,ISIC_0032299,nv,0,HAM10000_images_part_2/ISIC_0032299.jpg,follow_up,50.0,male,lower extremity
HAM_0005205,ISIC_0027581,nv,0,HAM10000_images_part_1/ISIC_0027581.jpg,follow_up,35.0,female,foot
HAM_0000029,ISIC_0026815,nv,0,HAM10000_images_part_1/ISIC_0026815.jpg,follow_up,45.0,male,trunk
HAM_0000980,ISIC_0028627,nv,0,HAM10000_images_part_1/ISIC_0028627.jpg,follow_up,45.0,male,lower extremity
HAM_0002573,ISIC_0030018,nv,0,HAM10000_images_part_2/ISIC_0030018.jpg,follow_up,45.0,male,lower extremity
HAM_0007318,ISIC_0029005,nv,0,HAM10000_images_part_1/ISIC_0029005.jpg,follow_up,45.0,male,trunk
HAM_0004805,ISIC_0028641,nv,0,HAM10000_images_part_1/ISIC_0028641.jpg,follow_up,45.0,male,back
HAM_0006639,ISIC_0028733,nv,0,HAM10000_images_part_1/ISIC_0028733.jpg,follow_up,45.0,male,lower extremity
HAM_0002807,ISIC_0025050,nv,0,HAM10000_images_part_1/ISIC_0025050.jpg,follow_up,45.0,male,trunk
HAM_0006705,ISIC_0024840,nv,0,HAM10000_images_part_1/ISIC_0024840.jpg,follow_up,45.0,male,abdomen
HAM_0003655,ISIC_0031305,nv,0,HAM10000_images_part_2/ISIC_0031305.jpg,follow_up,45.0,male,abdomen
HAM_0000400,ISIC_0031414,nv,0,HAM10000_images_part_2/ISIC_0031414.jpg,follow_up,45.0,male,upper extremity
HAM_0004295,ISIC_0029292,nv,0,HAM10000_images_part_1/ISIC_0029292.jpg,follow_up,45.0,male,lower extremity
HAM_0001187,ISIC_0027914,nv,0,HAM10000_images_part_1/ISIC_0027914.jpg,follow_up,45.0,male,trunk
HAM_0000538,ISIC_0030650,nv,0,HAM10000_images_part_2/ISIC_0030650.jpg,follow_up,45.0,male,lower extremity
HAM_0004072,ISIC_0032130,nv,0,HAM10000_images_part_2/ISIC_0032130.jpg,follow_up,60.0,male,upper extremity
HAM_0001859,ISIC_0029565,nv,0,HAM10000_images_part_2/ISIC_0029565.jpg,follow_up,60.0,male,lower extremity
HAM_0002116,ISIC_0029407,nv,0,HAM10000_images_part_2/ISIC_0029407.jpg,follow_up,40.0,male,upper extremity
HAM_0000052,ISIC_0029890,nv,0,HAM10000_images_part_2/ISIC_0029890.jpg,follow_up,40.0,male,back
HAM_0005200,ISIC_0032393,nv,0,HAM10000_images_part_2/ISIC_0032393.jpg,follow_up,70.0,male,trunk
HAM_0005222,ISIC_0026636,nv,0,HAM10000_images_part_1/ISIC_0026636.jpg,follow_up,70.0,male,back
HAM_0007417,ISIC_0026801,nv,0,HAM10000_images_part_1/ISIC_0026801.jpg,follow_up,60.0,male,genital
HAM_0005164,ISIC_0028837,nv,0,HAM10000_images_part_1/ISIC_0028837.jpg,follow_up,60.0,male,trunk
HAM_0000665,ISIC_0030259,nv,0,HAM10000_images_part_2/ISIC_0030259.jpg,follow_up,60.0,male,lower extremity
HAM_0005311,ISIC_0025556,nv,0,HAM10000_images_part_1/ISIC_0025556.jpg,follow_up,50.0,female,abdomen
HAM_0003339,ISIC_0030715,nv,0,HAM10000_images_part_2/ISIC_0030715.jpg,follow_up,50.0,female,lower extremity
HAM_0005943,ISIC_0032033,nv,0,HAM10000_images_part_2/ISIC_0032033.jpg,follow_up,50.0,female,trunk
HAM_0005774,ISIC_0031137,nv,0,HAM10000_images_part_2/ISIC_0031137.jpg,follow_up,50.0,female,lower extremity
HAM_0002663,ISIC_0030720,nv,0,HAM10000_images_part_2/ISIC_0030720.jpg,follow_up,35.0,female,trunk
HAM_0007140,ISIC_0026345,nv,0,HAM10000_images_part_1/ISIC_0026345.jpg,follow_up,35.0,female,trunk
HAM_0004644,ISIC_0031232,nv,0,HAM10000_images_part_2/ISIC_0031232.jpg,follow_up,35.0,female,trunk
HAM_0005646,ISIC_0029753,nv,0,HAM10000_images_part_2/ISIC_0029753.jpg,follow_up,55.0,female,upper extremity
HAM_0005543,ISIC_0024444,nv,0,HAM10000_images_part_1/ISIC_0024444.jpg,follow_up,55.0,female,lower extremity
HAM_0006499,ISIC_0031027,nv,0,HAM10000_images_part_2/ISIC_0031027.jpg,follow_up,40.0,female,abdomen
HAM_0006402,ISIC_0025602,nv,0,HAM10000_images_part_1/ISIC_0025602.jpg,follow_up,40.0,female,lower extremity
HAM_0003228,ISIC_0027369,nv,0,HAM10000_images_part_1/ISIC_0027369.jpg,follow_up,40.0,female,lower extremity
HAM_0000656,ISIC_0027096,nv,0,HAM10000_images_part_1/ISIC_0027096.jpg,follow_up,50.0,male,abdomen
HAM_0007486,ISIC_0031500,nv,0,HAM10000_images_part_2/ISIC_0031500.jpg,follow_up,50.0,male,trunk
HAM_0001271,ISIC_0030949,nv,0,HAM10000_images_part_2/ISIC_0030949.jpg,follow_up,50.0,male,trunk
HAM_0006365,ISIC_0028296,nv,0,HAM10000_images_part_1/ISIC_0028296.jpg,follow_up,80.0,male,lower extremity
HAM_0001382,ISIC_0028922,nv,0,HAM10000_images_part_1/ISIC_0028922.jpg,follow_up,80.0,male,lower extremity
HAM_0001635,ISIC_0028240,nv,0,HAM10000_images_part_1/ISIC_0028240.jpg,follow_up,80.0,male,lower extremity
HAM_0003098,ISIC_0030498,nv,0,HAM10000_images_part_2/ISIC_0030498.jpg,follow_up,80.0,male,lower extremity
HAM_0002442,ISIC_0026325,nv,0,HAM10000_images_part_1/ISIC_0026325.jpg,follow_up,50.0,male,trunk
HAM_0004460,ISIC_0028784,nv,0,HAM10000_images_part_1/ISIC_0028784.jpg,follow_up,65.0,female,lower extremity
HAM_0002214,ISIC_0027465,nv,0,HAM10000_images_part_1/ISIC_0027465.jpg,follow_up,75.0,male,trunk
HAM_0004944,ISIC_0030559,nv,0,HAM10000_images_part_2/ISIC_0030559.jpg,follow_up,75.0,male,trunk
HAM_0001225,ISIC_0025977,nv,0,HAM10000_images_part_1/ISIC_0025977.jpg,follow_up,25.0,female,trunk
HAM_0006486,ISIC_0026880,nv,0,HAM10000_images_part_1/ISIC_0026880.jpg,follow_up,25.0,female,lower extremity
HAM_0007115,ISIC_0029584,nv,0,HAM10000_images_part_2/ISIC_0029584.jpg,follow_up,25.0,female,trunk
HAM_0007347,ISIC_0031054,nv,0,HAM10000_images_part_2/ISIC_0031054.jpg,follow_up,25.0,female,trunk
HAM_0003572,ISIC_0029817,nv,0,HAM10000_images_part_2/ISIC_0029817.jpg,follow_up,25.0,female,back
HAM_0000387,ISIC_0031826,nv,0,HAM10000_images_part_2/ISIC_0031826.jpg,follow_up,25.0,female,trunk
HAM_0002951,ISIC_0024341,nv,0,HAM10000_images_part_1/ISIC_0024341.jpg,follow_up,25.0,female,lower extremity
HAM_0000246,ISIC_0027079,nv,0,HAM10000_images_part_1/ISIC_0027079.jpg,follow_up,25.0,female,upper extremity
HAM_0001664,ISIC_0025217,nv,0,HAM10000_images_part_1/ISIC_0025217.jpg,follow_up,50.0,male,back
HAM_0001374,ISIC_0029946,nv,0,HAM10000_images_part_2/ISIC_0029946.jpg,follow_up,50.0,male,upper extremity
HAM_0000011,ISIC_0024678,nv,0,HAM10000_images_part_1/ISIC_0024678.jpg,follow_up,45.0,female,trunk
HAM_0001244,ISIC_0030530,nv,0,HAM10000_images_part_2/ISIC_0030530.jpg,follow_up,45.0,female,lower extremity
HAM_0001360,ISIC_0029965,nv,0,HAM10000_images_part_2/ISIC_0029965.jpg,follow_up,45.0,female,hand
HAM_0003196,ISIC_0025475,nv,0,HAM10000_images_part_1/ISIC_0025475.jpg,follow_up,45.0,female,lower extremity
HAM_0004541,ISIC_0028838,nv,0,HAM10000_images_part_1/ISIC_0028838.jpg,follow_up,65.0,male,trunk
HAM_0006576,ISIC_0024606,nv,0,HAM10000_images_part_1/ISIC_0024606.jpg,follow_up,65.0,male,abdomen
HAM_0004529,ISIC_0029245,nv,0,HAM10000_images_part_1/ISIC_0029245.jpg,follow_up,65.0,male,trunk
HAM_0002183,ISIC_0031912,nv,0,HAM10000_images_part_2/ISIC_0031912.jpg,follow_up,65.0,male,back
HAM_0002805,ISIC_0031722,nv,0,HAM10000_images_part_2/ISIC_0031722.jpg,follow_up,50.0,male,trunk
HAM_0005114,ISIC_0028038,nv,0,HAM10000_images_part_1/ISIC_0028038.jpg,follow_up,45.0,male,lower extremity
HAM_0000085,ISIC_0028421,nv,0,HAM10000_images_part_1/ISIC_0028421.jpg,follow_up,45.0,male,lower extremity
HAM_0001368,ISIC_0029445,nv,0,HAM10000_images_part_2/ISIC_0029445.jpg,follow_up,30.0,male,genital
HAM_0006134,ISIC_0030622,nv,0,HAM10000_images_part_2/ISIC_0030622.jpg,follow_up,30.0,male,trunk
HAM_0002680,ISIC_0031315,nv,0,HAM10000_images_part_2/ISIC_0031315.jpg,follow_up,30.0,male,hand
HAM_0001937,ISIC_0032432,nv,0,HAM10000_images_part_2/ISIC_0032432.jpg,follow_up,30.0,male,genital
HAM_0002637,ISIC_0029376,nv,0,HAM10000_images_part_2/ISIC_0029376.jpg,follow_up,30.0,male,upper extremity
HAM_0002570,ISIC_0029952,nv,0,HAM10000_images_part_2/ISIC_0029952.jpg,follow_up,30.0,male,trunk
HAM_0006079,ISIC_0030641,nv,0,HAM10000_images_part_2/ISIC_0030641.jpg,follow_up,30.0,male,upper extremity
HAM_0000753,ISIC_0031224,nv,0,HAM10000_images_part_2/ISIC_0031224.jpg,follow_up,50.0,female,lower extremity
HAM_0002382,ISIC_0025916,nv,0,HAM10000_images_part_1/ISIC_0025916.jpg,follow_up,50.0,female,trunk
HAM_0004734,ISIC_0026396,nv,0,HAM10000_images_part_1/ISIC_0026396.jpg,follow_up,50.0,female,trunk
HAM_0001050,ISIC_0030317,nv,0,HAM10000_images_part_2/ISIC_0030317.jpg,follow_up,50.0,female,upper extremity
HAM_0000248,ISIC_0024667,nv,0,HAM10000_images_part_1/ISIC_0024667.jpg,follow_up,50.0,female,upper extremity
HAM_0004041,ISIC_0026375,nv,0,HAM10000_images_part_1/ISIC_0026375.jpg,follow_up,50.0,female,foot
HAM_0006247,ISIC_0031393,nv,0,HAM10000_images_part_2/ISIC_0031393.jpg,follow_up,50.0,female,upper extremity
HAM_0007407,ISIC_0026161,nv,0,HAM10000_images_part_1/ISIC_0026161.jpg,follow_up,50.0,female,trunk
HAM_0007006,ISIC_0025497,nv,0,HAM10000_images_part_1/ISIC_0025497.jpg,follow_up,50.0,female,upper extremity
HAM_0004361,ISIC_0030515,nv,0,HAM10000_images_part_2/ISIC_0030515.jpg,follow_up,45.0,male,foot
HAM_0004973,ISIC_0025872,nv,0,HAM10000_images_part_1/ISIC_0025872.jpg,follow_up,45.0,male,trunk
HAM_0004403,ISIC_0028006,nv,0,HAM10000_images_part_1/ISIC_0028006.jpg,follow_up,45.0,male,trunk
HAM_0001864,ISIC_0030111,nv,0,HAM10000_images_part_2/ISIC_0030111.jpg,follow_up,45.0,male,abdomen
HAM_0003889,ISIC_0026005,nv,0,HAM10000_images_part_1/ISIC_0026005.jpg,follow_up,45.0,male,back
HAM_0003589,ISIC_0025403,nv,0,HAM10000_images_part_1/ISIC_0025403.jpg,follow_up,45.0,male,trunk
HAM_0007344,ISIC_0029461,nv,0,HAM10000_images_part_2/ISIC_0029461.jpg,follow_up,45.0,male,foot
HAM_0000600,ISIC_0028311,nv,0,HAM10000_images_part_1/ISIC_0028311.jpg,follow_up,45.0,male,foot
HAM_0006943,ISIC_0027336,nv,0,HAM10000_images_part_1/ISIC_0027336.jpg,follow_up,55.0,male,lower extremity
HAM_0002065,ISIC_0028776,nv,0,HAM10000_images_part_1/ISIC_0028776.jpg,follow_up,55.0,male,lower extremity
HAM_0004459,ISIC_0029971,nv,0,HAM10000_images_part_2/ISIC_0029971.jpg,follow_up,55.0,male,back
HAM_0004907,ISIC_0026001,nv,0,HAM10000_images_part_1/ISIC_0026001.jpg,follow_up,55.0,male,trunk
HAM_0003006,ISIC_0032097,nv,0,HAM10000_images_part_2/ISIC_0032097.jpg,follow_up,55.0,male,back
HAM_0006059,ISIC_0028089,nv,0,HAM10000_images_part_1/ISIC_0028089.jpg,follow_up,55.0,male,back
HAM_0001132,ISIC_0031562,nv,0,HAM10000_images_part_2/ISIC_0031562.jpg,follow_up,40.0,male,trunk
HAM_0002819,ISIC_0024467,nv,0,HAM10000_images_part_1/ISIC_0024467.jpg,follow_up,40.0,male,lower extremity
HAM_0003573,ISIC_0026447,nv,0,HAM10000_images_part_1/ISIC_0026447.jpg,follow_up,40.0,male,lower extremity
HAM_0005618,ISIC_0027280,nv,0,HAM10000_images_part_1/ISIC_0027280.jpg,follow_up,40.0,male,foot
HAM_0006179,ISIC_0030662,nv,0,HAM10000_images_part_2/ISIC_0030662.jpg,follow_up,40.0,male,foot
HAM_0005451,ISIC_0029643,nv,0,HAM10000_images_part_2/ISIC_0029643.jpg,follow_up,35.0,female,lower extremity
HAM_0003794,ISIC_0029429,nv,0,HAM10000_images_part_2/ISIC_0029429.jpg,follow_up,50.0,male,lower extremity
HAM_0007271,ISIC_0027862,nv,0,HAM10000_images_part_1/ISIC_0027862.jpg,follow_up,30.0,male,abdomen
HAM_0007309,ISIC_0025151,nv,0,HAM10000_images_part_1/ISIC_0025151.jpg,follow_up,30.0,male,abdomen
HAM_0004313,ISIC_0026924,nv,0,HAM10000_images_part_1/ISIC_0026924.jpg,follow_up,50.0,female,abdomen
HAM_0004132,ISIC_0025801,nv,0,HAM10000_images_part_1/ISIC_0025801.jpg,follow_up,50.0,female,abdomen
HAM_0004837,ISIC_0030735,nv,0,HAM10000_images_part_2/ISIC_0030735.jpg,follow_up,50.0,female,lower extremity
HAM_0007481,ISIC_0026837,nv,0,HAM10000_images_part_1/ISIC_0026837.jpg,follow_up,55.0,male,abdomen
HAM_0000737,ISIC_0030353,nv,0,HAM10000_images_part_2/ISIC_0030353.jpg,follow_up,55.0,male,abdomen
HAM_0000480,ISIC_0031952,nv,0,HAM10000_images_part_2/ISIC_0031952.jpg,follow_up,55.0,male,lower extremity
HAM_0007458,ISIC_0030266,nv,0,HAM10000_images_part_2/ISIC_0030266.jpg,follow_up,55.0,male,lower extremity
HAM_0007517,ISIC_0032172,nv,0,HAM10000_images_part_2/ISIC_0032172.jpg,follow_up,55.0,male,lower extremity
HAM_0001825,ISIC_0029673,nv,0,HAM10000_images_part_2/ISIC_0029673.jpg,follow_up,55.0,male,lower extremity
HAM_0007174,ISIC_0031052,nv,0,HAM10000_images_part_2/ISIC_0031052.jpg,follow_up,55.0,male,abdomen
HAM_0006452,ISIC_0030424,nv,0,HAM10000_images_part_2/ISIC_0030424.jpg,follow_up,55.0,male,abdomen
HAM_0007267,ISIC_0031441,nv,0,HAM10000_images_part_2/ISIC_0031441.jpg,follow_up,55.0,male,trunk
HAM_0003740,ISIC_0026568,nv,0,HAM10000_images_part_1/ISIC_0026568.jpg,follow_up,55.0,male,trunk
HAM_0004911,ISIC_0030860,nv,0,HAM10000_images_part_2/ISIC_0030860.jpg,follow_up,55.0,male,lower extremity
HAM_0000543,ISIC_0030776,nv,0,HAM10000_images_part_2/ISIC_0030776.jpg,follow_up,50.0,male,back
HAM_0004782,ISIC_0026264,nv,0,HAM10000_images_part_1/ISIC_0026264.jpg,follow_up,75.0,male,upper extremity
HAM_0003471,ISIC_0025284,nv,0,HAM10000_images_part_1/ISIC_0025284.jpg,follow_up,75.0,male,trunk
HAM_0001146,ISIC_0032480,nv,0,HAM10000_images_part_2/ISIC_0032480.jpg,follow_up,75.0,male,trunk
HAM_0007143,ISIC_0028841,nv,0,HAM10000_images_part_1/ISIC_0028841.jpg,follow_up,50.0,male,upper extremity
HAM_0000596,ISIC_0025385,nv,0,HAM10000_images_part_1/ISIC_0025385.jpg,follow_up,50.0,male,abdomen
HAM_0000862,ISIC_0030724,nv,0,HAM10000_images_part_2/ISIC_0030724.jpg,follow_up,50.0,male,back
HAM_0003391,ISIC_0030025,nv,0,HAM10000_images_part_2/ISIC_0030025.jpg,follow_up,50.0,male,trunk
HAM_0002870,ISIC_0027267,nv,0,HAM10000_images_part_1/ISIC_0027267.jpg,follow_up,50.0,male,trunk
HAM_0004959,ISIC_0028262,nv,0,HAM10000_images_part_1/ISIC_0028262.jpg,follow_up,50.0,male,lower extremity
HAM_0000134,ISIC_0029064,nv,0,HAM10000_images_part_1/ISIC_0029064.jpg,follow_up,60.0,female,lower extremity
HAM_0005941,ISIC_0029295,nv,0,HAM10000_images_part_1/ISIC_0029295.jpg,follow_up,40.0,male,abdomen
HAM_0002964,ISIC_0024927,nv,0,HAM10000_images_part_1/ISIC_0024927.jpg,follow_up,40.0,male,lower extremity
HAM_0003333,ISIC_0028379,nv,0,HAM10000_images_part_1/ISIC_0028379.jpg,follow_up,35.0,female,back
HAM_0006015,ISIC_0025294,nv,0,HAM10000_images_part_1/ISIC_0025294.jpg,follow_up,35.0,female,back
HAM_0005233,ISIC_0026289,nv,0,HAM10000_images_part_1/ISIC_0026289.jpg,follow_up,35.0,female,trunk
HAM_0003407,ISIC_0026971,nv,0,HAM10000_images_part_1/ISIC_0026971.jpg,follow_up,35.0,female,trunk
HAM_0001333,ISIC_0028948,nv,0,HAM10000_images_part_1/ISIC_0028948.jpg,follow_up,35.0,female,trunk
HAM_0002098,ISIC_0030218,nv,0,HAM10000_images_part_2/ISIC_0030218.jpg,follow_up,35.0,female,face
HAM_0006476,ISIC_0031877,nv,0,HAM10000_images_part_2/ISIC_0031877.jpg,follow_up,45.0,male,back
HAM_0004610,ISIC_0025042,nv,0,HAM10000_images_part_1/ISIC_0025042.jpg,follow_up,45.0,male,trunk
HAM_0007034,ISIC_0029529,nv,0,HAM10000_images_part_2/ISIC_0029529.jpg,follow_up,40.0,male,trunk
HAM_0005667,ISIC_0032394,nv,0,HAM10000_images_part_2/ISIC_0032394.jpg,follow_up,40.0,male,back
HAM_0005999,ISIC_0030958,nv,0,HAM10000_images_part_2/ISIC_0030958.jpg,follow_up,50.0,female,foot
HAM_0003166,ISIC_0030848,nv,0,HAM10000_images_part_2/ISIC_0030848.jpg,follow_up,50.0,female,foot
HAM_0002288,ISIC_0027803,nv,0,HAM10000_images_part_1/ISIC_0027803.jpg,follow_up,70.0,male,abdomen
HAM_0003870,ISIC_0024852,nv,0,HAM10000_images_part_1/ISIC_0024852.jpg,follow_up,70.0,male,trunk
HAM_0000035,ISIC_0028039,nv,0,HAM10000_images_part_1/ISIC_0028039.jpg,follow_up,20.0,male,foot
HAM_0000800,ISIC_0028852,nv,0,HAM10000_images_part_1/ISIC_0028852.jpg,follow_up,20.0,male,abdomen
HAM_0002860,ISIC_0030027,nv,0,HAM10000_images_part_2/ISIC_0030027.jpg,follow_up,20.0,male,lower extremity
HAM_0006392,ISIC_0028064,nv,0,HAM10000_images_part_1/ISIC_0028064.jpg,follow_up,20.0,male,lower extremity
HAM_0006424,ISIC_0032256,nv,0,HAM10000_images_part_2/ISIC_0032256.jpg,follow_up,20.0,male,upper extremity
HAM_0002246,ISIC_0030702,nv,0,HAM10000_images_part_2/ISIC_0030702.jpg,follow_up,20.0,male,trunk
HAM_0000051,ISIC_0026342,nv,0,HAM10000_images_part_1/ISIC_0026342.jpg,follow_up,45.0,male,abdomen
HAM_0001413,ISIC_0032104,nv,0,HAM10000_images_part_2/ISIC_0032104.jpg,follow_up,45.0,male,abdomen
HAM_0004674,ISIC_0027252,nv,0,HAM10000_images_part_1/ISIC_0027252.jpg,follow_up,45.0,male,lower extremity
HAM_0004989,ISIC_0028669,nv,0,HAM10000_images_part_1/ISIC_0028669.jpg,follow_up,45.0,male,trunk
HAM_0002910,ISIC_0031010,nv,0,HAM10000_images_part_2/ISIC_0031010.jpg,follow_up,45.0,male,lower extremity
HAM_0002178,ISIC_0024401,nv,0,HAM10000_images_part_1/ISIC_0024401.jpg,follow_up,25.0,female,lower extremity
HAM_0000820,ISIC_0028835,nv,0,HAM10000_images_part_1/ISIC_0028835.jpg,follow_up,25.0,female,trunk
HAM_0001776,ISIC_0030044,nv,0,HAM10000_images_part_2/ISIC_0030044.jpg,follow_up,25.0,female,lower extremity
HAM_0001677,ISIC_0028191,nv,0,HAM10000_images_part_1/ISIC_0028191.jpg,follow_up,35.0,female,upper extremity
HAM_0003173,ISIC_0032131,nv,0,HAM10000_images_part_2/ISIC_0032131.jpg,follow_up,35.0,female,upper extremity
HAM_0007304,ISIC_0027196,nv,0,HAM10000_images_part_1/ISIC_0027196.jpg,follow_up,35.0,female,trunk
HAM_0004978,ISIC_0032101,nv,0,HAM10000_images_part_2/ISIC_0032101.jpg,follow_up,35.0,female,lower extremity
HAM_0002621,ISIC_0028047,nv,0,HAM10000_images_part_1/ISIC_0028047.jpg,follow_up,35.0,female,lower extremity
HAM_0003336,ISIC_0030298,nv,0,HAM10000_images_part_2/ISIC_0030298.jpg,follow_up,35.0,female,lower extremity
HAM_0006749,ISIC_0029198,nv,0,HAM10000_images_part_1/ISIC_0029198.jpg,follow_up,65.0,female,trunk
HAM_0000306,ISIC_0029253,nv,0,HAM10000_images_part_1/ISIC_0029253.jpg,follow_up,65.0,female,trunk
HAM_0005977,ISIC_0028396,nv,0,HAM10000_images_part_1/ISIC_0028396.jpg,follow_up,65.0,female,trunk
HAM_0000190,ISIC_0031946,nv,0,HAM10000_images_part_2/ISIC_0031946.jpg,follow_up,65.0,female,trunk
HAM_0007103,ISIC_0026271,nv,0,HAM10000_images_part_1/ISIC_0026271.jpg,follow_up,65.0,female,abdomen
HAM_0004860,ISIC_0031732,nv,0,HAM10000_images_part_2/ISIC_0031732.jpg,follow_up,30.0,male,lower extremity
HAM_0003621,ISIC_0030048,nv,0,HAM10000_images_part_2/ISIC_0030048.jpg,follow_up,30.0,male,abdomen
HAM_0000575,ISIC_0029936,nv,0,HAM10000_images_part_2/ISIC_0029936.jpg,follow_up,30.0,male,back
HAM_0007042,ISIC_0024754,nv,0,HAM10000_images_part_1/ISIC_0024754.jpg,follow_up,30.0,male,back
HAM_0003908,ISIC_0030854,nv,0,HAM10000_images_part_2/ISIC_0030854.jpg,follow_up,30.0,male,trunk
HAM_0006072,ISIC_0027168,nv,0,HAM10000_images_part_1/ISIC_0027168.jpg,follow_up,30.0,male,back
HAM_0003518,ISIC_0025498,nv,0,HAM10000_images_part_1/ISIC_0025498.jpg,follow_up,30.0,male,trunk
HAM_0003404,ISIC_0029797,nv,0,HAM10000_images_part_2/ISIC_0029797.jpg,follow_up,35.0,male,upper extremity
HAM_0005969,ISIC_0028257,nv,0,HAM10000_images_part_1/ISIC_0028257.jpg,follow_up,35.0,male,abdomen
HAM_0006249,ISIC_0024759,nv,0,HAM10000_images_part_1/ISIC_0024759.jpg,follow_up,50.0,female,back
HAM_0001056,ISIC_0025329,nv,0,HAM10000_images_part_1/ISIC_0025329.jpg,follow_up,25.0,male,trunk
HAM_0002913,ISIC_0025070,nv,0,HAM10000_images_part_1/ISIC_0025070.jpg,follow_up,25.0,male,abdomen
HAM_0007292,ISIC_0031626,nv,0,HAM10000_images_part_2/ISIC_0031626.jpg,follow_up,45.0,male,trunk
HAM_0000736,ISIC_0029954,nv,0,HAM10000_images_part_2/ISIC_0029954.jpg,follow_up,45.0,male,abdomen
HAM_0006256,ISIC_0027624,nv,0,HAM10000_images_part_1/ISIC_0027624.jpg,follow_up,45.0,male,lower extremity
HAM_0000436,ISIC_0026547,nv,0,HAM10000_images_part_1/ISIC_0026547.jpg,follow_up,45.0,male,trunk
HAM_0005089,ISIC_0025673,nv,0,HAM10000_images_part_1/ISIC_0025673.jpg,follow_up,45.0,male,upper extremity
HAM_0000515,ISIC_0029737,nv,0,HAM10000_images_part_2/ISIC_0029737.jpg,follow_up,45.0,male,trunk
HAM_0001233,ISIC_0029110,nv,0,HAM10000_images_part_1/ISIC_0029110.jpg,follow_up,35.0,male,upper extremity
HAM_0002297,ISIC_0026095,nv,0,HAM10000_images_part_1/ISIC_0026095.jpg,follow_up,45.0,female,trunk
HAM_0002707,ISIC_0030628,nv,0,HAM10000_images_part_2/ISIC_0030628.jpg,follow_up,45.0,female,trunk
HAM_0000568,ISIC_0026990,nv,0,HAM10000_images_part_1/ISIC_0026990.jpg,follow_up,45.0,female,trunk
HAM_0005138,ISIC_0027207,nv,0,HAM10000_images_part_1/ISIC_0027207.jpg,follow_up,45.0,female,trunk
HAM_0005105,ISIC_0027377,nv,0,HAM10000_images_part_1/ISIC_0027377.jpg,follow_up,45.0,female,lower extremity
HAM_0006495,ISIC_0025215,nv,0,HAM10000_images_part_1/ISIC_0025215.jpg,follow_up,45.0,female,trunk
HAM_0001787,ISIC_0029700,nv,0,HAM10000_images_part_2/ISIC_0029700.jpg,follow_up,45.0,female,lower extremity
HAM_0000756,ISIC_0025279,nv,0,HAM10000_images_part_1/ISIC_0025279.jpg,follow_up,45.0,female,lower extremity
HAM_0002222,ISIC_0025021,nv,0,HAM10000_images_part_1/ISIC_0025021.jpg,follow_up,40.0,male,abdomen
HAM_0006555,ISIC_0030405,nv,0,HAM10000_images_part_2/ISIC_0030405.jpg,follow_up,40.0,male,genital
HAM_0006331,ISIC_0029229,nv,0,HAM10000_images_part_1/ISIC_0029229.jpg,follow_up,40.0,male,back
HAM_0005129,ISIC_0027870,nv,0,HAM10000_images_part_1/ISIC_0027870.jpg,follow_up,40.0,male,trunk
HAM_0003474,ISIC_0025212,nv,0,HAM10000_images_part_1/ISIC_0025212.jpg,follow_up,40.0,male,trunk
HAM_0004385,ISIC_0026310,nv,0,HAM10000_images_part_1/ISIC_0026310.jpg,follow_up,40.0,male,abdomen
HAM_0001179,ISIC_0029928,nv,0,HAM10000_images_part_2/ISIC_0029928.jpg,follow_up,40.0,male,back
HAM_0001527,ISIC_0026767,nv,0,HAM10000_images_part_1/ISIC_0026767.jpg,follow_up,40.0,male,lower extremity
HAM_0003903,ISIC_0028536,nv,0,HAM10000_images_part_1/ISIC_0028536.jpg,follow_up,40.0,male,trunk
HAM_0007403,ISIC_0025440,nv,0,HAM10000_images_part_1/ISIC_0025440.jpg,follow_up,40.0,male,lower extremity
HAM_0000570,ISIC_0027404,nv,0,HAM10000_images_part_1/ISIC_0027404.jpg,follow_up,35.0,male,abdomen
HAM_0004374,ISIC_0030651,nv,0,HAM10000_images_part_2/ISIC_0030651.jpg,follow_up,35.0,male,back
HAM_0001685,ISIC_0027516,nv,0,HAM10000_images_part_1/ISIC_0027516.jpg,follow_up,35.0,male,trunk
HAM_0006264,ISIC_0024350,nv,0,HAM10000_images_part_1/ISIC_0024350.jpg,follow_up,35.0,male,lower extremity
HAM_0000404,ISIC_0031241,nv,0,HAM10000_images_part_2/ISIC_0031241.jpg,follow_up,35.0,male,foot
HAM_0000290,ISIC_0024526,nv,0,HAM10000_images_part_1/ISIC_0024526.jpg,follow_up,50.0,female,back
HAM_0003485,ISIC_0031968,nv,0,HAM10000_images_part_2/ISIC_0031968.jpg,follow_up,50.0,female,back
HAM_0005824,ISIC_0029873,nv,0,HAM10000_images_part_2/ISIC_0029873.jpg,follow_up,45.0,male,upper extremity
HAM_0005645,ISIC_0030389,nv,0,HAM10000_images_part_2/ISIC_0030389.jpg,follow_up,45.0,male,abdomen
HAM_0005367,ISIC_0029743,nv,0,HAM10000_images_part_2/ISIC_0029743.jpg,follow_up,45.0,male,trunk
HAM_0004336,ISIC_0031760,nv,0,HAM10000_images_part_2/ISIC_0031760.jpg,follow_up,45.0,male,abdomen
HAM_0001760,ISIC_0024389,nv,0,HAM10000_images_part_1/ISIC_0024389.jpg,follow_up,45.0,male,lower extremity
HAM_0002695,ISIC_0028664,nv,0,HAM10000_images_part_1/ISIC_0028664.jpg,follow_up,45.0,male,back
HAM_0001317,ISIC_0027995,nv,0,HAM10000_images_part_1/ISIC_0027995.jpg,follow_up,45.0,male,back
HAM_0000127,ISIC_0031375,nv,0,HAM10000_images_part_2/ISIC_0031375.jpg,follow_up,45.0,male,lower extremity
HAM_0002041,ISIC_0028532,nv,0,HAM10000_images_part_1/ISIC_0028532.jpg,follow_up,35.0,male,abdomen
HAM_0006858,ISIC_0031751,nv,0,HAM10000_images_part_2/ISIC_0031751.jpg,follow_up,35.0,male,lower extremity
HAM_0000602,ISIC_0026719,nv,0,HAM10000_images_part_1/ISIC_0026719.jpg,follow_up,35.0,male,lower extremity
HAM_0004795,ISIC_0026595,nv,0,HAM10000_images_part_1/ISIC_0026595.jpg,follow_up,35.0,male,lower extremity
HAM_0001171,ISIC_0032346,nv,0,HAM10000_images_part_2/ISIC_0032346.jpg,follow_up,40.0,male,abdomen
HAM_0005906,ISIC_0025609,nv,0,HAM10000_images_part_1/ISIC_0025609.jpg,follow_up,40.0,male,trunk
HAM_0002278,ISIC_0026353,nv,0,HAM10000_images_part_1/ISIC_0026353.jpg,follow_up,40.0,male,trunk
HAM_0002212,ISIC_0029988,nv,0,HAM10000_images_part_2/ISIC_0029988.jpg,follow_up,40.0,male,back
HAM_0005412,ISIC_0030548,nv,0,HAM10000_images_part_2/ISIC_0030548.jpg,follow_up,45.0,male,abdomen
HAM_0002360,ISIC_0028024,nv,0,HAM10000_images_part_1/ISIC_0028024.jpg,follow_up,45.0,male,upper extremity
HAM_0000615,ISIC_0026758,nv,0,HAM10000_images_part_1/ISIC_0026758.jpg,follow_up,45.0,male,lower extremity
HAM_0002309,ISIC_0031910,nv,0,HAM10000_images_part_2/ISIC_0031910.jpg,follow_up,25.0,male,trunk
HAM_0004311,ISIC_0029037,nv,0,HAM10000_images_part_1/ISIC_0029037.jpg,follow_up,35.0,female,trunk
HAM_0004358,ISIC_0025393,nv,0,HAM10000_images_part_1/ISIC_0025393.jpg,follow_up,25.0,female,face
HAM_0007489,ISIC_0028011,nv,0,HAM10000_images_part_1/ISIC_0028011.jpg,follow_up,35.0,male,back
HAM_0006729,ISIC_0031790,nv,0,HAM10000_images_part_2/ISIC_0031790.jpg,follow_up,70.0,male,trunk
HAM_0000255,ISIC_0031786,nv,0,HAM10000_images_part_2/ISIC_0031786.jpg,follow_up,70.0,male,abdomen
HAM_0006289,ISIC_0031835,nv,0,HAM10000_images_part_2/ISIC_0031835.jpg,follow_up,70.0,male,back
HAM_0001003,ISIC_0028629,nv,0,HAM10000_images_part_1/ISIC_0028629.jpg,follow_up,70.0,male,back
HAM_0002281,ISIC_0031193,nv,0,HAM10000_images_part_2/ISIC_0031193.jpg,follow_up,70.0,male,lower extremity
HAM_0002485,ISIC_0028351,nv,0,HAM10000_images_part_1/ISIC_0028351.jpg,follow_up,35.0,male,upper extremity
HAM_0006745,ISIC_0026363,nv,0,HAM10000_images_part_1/ISIC_0026363.jpg,follow_up,35.0,male,back
HAM_0000325,ISIC_0029832,nv,0,HAM10000_images_part_2/ISIC_0029832.jpg,follow_up,35.0,male,back
HAM_0001549,ISIC_0026723,nv,0,HAM10000_images_part_1/ISIC_0026723.jpg,follow_up,35.0,male,lower extremity
HAM_0000280,ISIC_0032326,nv,0,HAM10000_images_part_2/ISIC_0032326.jpg,follow_up,55.0,male,trunk
HAM_0004751,ISIC_0026776,nv,0,HAM10000_images_part_1/ISIC_0026776.jpg,follow_up,55.0,male,lower extremity
HAM_0005333,ISIC_0032383,nv,0,HAM10000_images_part_2/ISIC_0032383.jpg,follow_up,55.0,male,lower extremity
HAM_0004612,ISIC_0031333,nv,0,HAM10000_images_part_2/ISIC_0031333.jpg,follow_up,50.0,female,hand
HAM_0005637,ISIC_0028078,nv,0,HAM10000_images_part_1/ISIC_0028078.jpg,follow_up,40.0,female,trunk
HAM_0000938,ISIC_0031916,nv,0,HAM10000_images_part_2/ISIC_0031916.jpg,follow_up,40.0,female,foot
HAM_0001782,ISIC_0032289,nv,0,HAM10000_images_part_2/ISIC_0032289.jpg,follow_up,40.0,female,abdomen
HAM_0007041,ISIC_0027341,nv,0,HAM10000_images_part_1/ISIC_0027341.jpg,follow_up,25.0,male,lower extremity
HAM_0006660,ISIC_0025055,nv,0,HAM10000_images_part_1/ISIC_0025055.jpg,follow_up,45.0,male,upper extremity
HAM_0005369,ISIC_0026799,nv,0,HAM10000_images_part_1/ISIC_0026799.jpg,follow_up,45.0,male,trunk
HAM_0004974,ISIC_0028959,nv,0,HAM10000_images_part_1/ISIC_0028959.jpg,follow_up,45.0,male,abdomen
HAM_0004562,ISIC_0031387,nv,0,HAM10000_images_part_2/ISIC_0031387.jpg,follow_up,45.0,male,abdomen
HAM_0005385,ISIC_0028754,nv,0,HAM10000_images_part_1/ISIC_0028754.jpg,follow_up,45.0,male,abdomen
HAM_0006195,ISIC_0028267,nv,0,HAM10000_images_part_1/ISIC_0028267.jpg,follow_up,45.0,male,trunk
HAM_0000535,ISIC_0032353,nv,0,HAM10000_images_part_2/ISIC_0032353.jpg,follow_up,45.0,male,trunk
HAM_0005756,ISIC_0030090,nv,0,HAM10000_images_part_2/ISIC_0030090.jpg,follow_up,45.0,male,trunk
HAM_0002855,ISIC_0026116,nv,0,HAM10000_images_part_1/ISIC_0026116.jpg,follow_up,30.0,male,upper extremity
HAM_0003082,ISIC_0029579,nv,0,HAM10000_images_part_2/ISIC_0029579.jpg,follow_up,30.0,female,neck
HAM_0000036,ISIC_0024812,nv,0,HAM10000_images_part_1/ISIC_0024812.jpg,follow_up,30.0,female,trunk
HAM_0007360,ISIC_0027773,nv,0,HAM10000_images_part_1/ISIC_0027773.jpg,follow_up,30.0,female,back
HAM_0003878,ISIC_0031072,nv,0,HAM10000_images_part_2/ISIC_0031072.jpg,follow_up,30.0,female,foot
HAM_0002236,ISIC_0027894,nv,0,HAM10000_images_part_1/ISIC_0027894.jpg,follow_up,45.0,female,abdomen
HAM_0006718,ISIC_0026763,nv,0,HAM10000_images_part_1/ISIC_0026763.jpg,follow_up,45.0,female,genital
HAM_0003200,ISIC_0030805,nv,0,HAM10000_images_part_2/ISIC_0030805.jpg,follow_up,45.0,female,lower extremity
HAM_0007063,ISIC_0031432,nv,0,HAM10000_images_part_2/ISIC_0031432.jpg,follow_up,45.0,female,back
HAM_0003756,ISIC_0030832,nv,0,HAM10000_images_part_2/ISIC_0030832.jpg,follow_up,45.0,male,back
HAM_0002500,ISIC_0028169,nv,0,HAM10000_images_part_1/ISIC_0028169.jpg,follow_up,45.0,male,back
HAM_0004469,ISIC_0025787,nv,0,HAM10000_images_part_1/ISIC_0025787.jpg,follow_up,30.0,female,upper extremity
HAM_0002292,ISIC_0031183,nv,0,HAM10000_images_part_2/ISIC_0031183.jpg,follow_up,30.0,female,abdomen
HAM_0001848,ISIC_0030587,nv,0,HAM10000_images_part_2/ISIC_0030587.jpg,follow_up,30.0,female,trunk
HAM_0003184,ISIC_0028844,nv,0,HAM10000_images_part_1/ISIC_0028844.jpg,follow_up,30.0,female,trunk
HAM_0006672,ISIC_0029096,nv,0,HAM10000_images_part_1/ISIC_0029096.jpg,follow_up,30.0,female,trunk
HAM_0006468,ISIC_0030162,nv,0,HAM10000_images_part_2/ISIC_0030162.jpg,follow_up,30.0,female,back
HAM_0006995,ISIC_0025115,nv,0,HAM10000_images_part_1/ISIC_0025115.jpg,follow_up,30.0,male,upper extremity
HAM_0002799,ISIC_0027975,nv,0,HAM10000_images_part_1/ISIC_0027975.jpg,follow_up,30.0,male,neck
HAM_0003334,ISIC_0030886,nv,0,HAM10000_images_part_2/ISIC_0030886.jpg,follow_up,45.0,female,trunk
HAM_0003753,ISIC_0031911,nv,0,HAM10000_images_part_2/ISIC_0031911.jpg,follow_up,40.0,male,back
HAM_0002174,ISIC_0025138,nv,0,HAM10000_images_part_1/ISIC_0025138.jpg,follow_up,40.0,male,trunk
HAM_0001789,ISIC_0026882,nv,0,HAM10000_images_part_1/ISIC_0026882.jpg,follow_up,40.0,male,lower extremity
HAM_0001879,ISIC_0024440,nv,0,HAM10000_images_part_1/ISIC_0024440.jpg,follow_up,40.0,male,back
HAM_0005930,ISIC_0031484,nv,0,HAM10000_images_part_2/ISIC_0031484.jpg,follow_up,50.0,male,trunk
HAM_0002676,ISIC_0024610,nv,0,HAM10000_images_part_1/ISIC_0024610.jpg,follow_up,45.0,male,lower extremity
HAM_0000126,ISIC_0025354,nv,0,HAM10000_images_part_1/ISIC_0025354.jpg,follow_up,45.0,male,lower extremity
HAM_0005499,ISIC_0025478,nv,0,HAM10000_images_part_1/ISIC_0025478.jpg,follow_up,40.0,female,abdomen
HAM_0007119,ISIC_0026134,nv,0,HAM10000_images_part_1/ISIC_0026134.jpg,follow_up,40.0,female,back
HAM_0000995,ISIC_0027241,nv,0,HAM10000_images_part_1/ISIC_0027241.jpg,follow_up,40.0,female,trunk
HAM_0003242,ISIC_0031242,nv,0,HAM10000_images_part_2/ISIC_0031242.jpg,follow_up,40.0,female,lower extremity
HAM_0002055,ISIC_0027520,nv,0,HAM10000_images_part_1/ISIC_0027520.jpg,follow_up,40.0,female,lower extremity
HAM_0006360,ISIC_0027926,nv,0,HAM10000_images_part_1/ISIC_0027926.jpg,follow_up,55.0,female,abdomen
HAM_0001802,ISIC_0030224,nv,0,HAM10000_images_part_2/ISIC_0030224.jpg,follow_up,55.0,female,abdomen
HAM_0005996,ISIC_0031338,nv,0,HAM10000_images_part_2/ISIC_0031338.jpg,follow_up,55.0,female,back
HAM_0003879,ISIC_0024894,nv,0,HAM10000_images_part_1/ISIC_0024894.jpg,follow_up,55.0,female,trunk
HAM_0004051,ISIC_0028049,nv,0,HAM10000_images_part_1/ISIC_0028049.jpg,follow_up,55.0,female,back
HAM_0001867,ISIC_0030136,nv,0,HAM10000_images_part_2/ISIC_0030136.jpg,follow_up,55.0,female,back
HAM_0007326,ISIC_0028783,nv,0,HAM10000_images_part_1/ISIC_0028783.jpg,follow_up,40.0,male,abdomen
HAM_0004157,ISIC_0031610,nv,0,HAM10000_images_part_2/ISIC_0031610.jpg,follow_up,40.0,male,lower extremity
HAM_0006679,ISIC_0031267,nv,0,HAM10000_images_part_2/ISIC_0031267.jpg,follow_up,40.0,male,upper extremity
HAM_0007506,ISIC_0029403,nv,0,HAM10000_images_part_2/ISIC_0029403.jpg,follow_up,60.0,male,trunk
HAM_0005699,ISIC_0028547,nv,0,HAM10000_images_part_1/ISIC_0028547.jpg,follow_up,60.0,male,back
HAM_0001638,ISIC_0031006,nv,0,HAM10000_images_part_2/ISIC_0031006.jpg,follow_up,55.0,male,abdomen
HAM_0000929,ISIC_0029727,nv,0,HAM10000_images_part_2/ISIC_0029727.jpg,follow_up,40.0,female,trunk
HAM_0000271,ISIC_0026408,nv,0,HAM10000_images_part_1/ISIC_0026408.jpg,follow_up,40.0,female,trunk
HAM_0003385,ISIC_0025839,nv,0,HAM10000_images_part_1/ISIC_0025839.jpg,follow_up,40.0,female,back
HAM_0005455,ISIC_0029416,nv,0,HAM10000_images_part_2/ISIC_0029416.jpg,follow_up,40.0,female,back
HAM_0007170,ISIC_0025483,nv,0,HAM10000_images_part_1/ISIC_0025483.jpg,follow_up,40.0,female,back
HAM_0005507,ISIC_0029159,nv,0,HAM10000_images_part_1/ISIC_0029159.jpg,follow_up,35.0,male,trunk
HAM_0006979,ISIC_0026605,nv,0,HAM10000_images_part_1/ISIC_0026605.jpg,follow_up,35.0,male,upper extremity
HAM_0002356,ISIC_0030889,nv,0,HAM10000_images_part_2/ISIC_0030889.jpg,follow_up,35.0,male,trunk
HAM_0001189,ISIC_0029777,nv,0,HAM10000_images_part_2/ISIC_0029777.jpg,follow_up,30.0,female,lower extremity
HAM_0006864,ISIC_0030045,nv,0,HAM10000_images_part_2/ISIC_0030045.jpg,follow_up,65.0,male,abdomen
HAM_0005808,ISIC_0030496,nv,0,HAM10000_images_part_2/ISIC_0030496.jpg,follow_up,65.0,male,lower extremity
HAM_0006161,ISIC_0029164,nv,0,HAM10000_images_part_1/ISIC_0029164.jpg,follow_up,65.0,male,back
HAM_0006562,ISIC_0031084,nv,0,HAM10000_images_part_2/ISIC_0031084.jpg,follow_up,40.0,male,trunk
HAM_0006485,ISIC_0024423,nv,0,HAM10000_images_part_1/ISIC_0024423.jpg,follow_up,40.0,male,trunk
HAM_0003013,ISIC_0026800,nv,0,HAM10000_images_part_1/ISIC_0026800.jpg,follow_up,40.0,male,back
HAM_0006229,ISIC_0027733,nv,0,HAM10000_images_part_1/ISIC_0027733.jpg,follow_up,40.0,male,trunk
HAM_0003185,ISIC_0030430,nv,0,HAM10000_images_part_2/ISIC_0030430.jpg,follow_up,40.0,male,foot
HAM_0000223,ISIC_0027968,nv,0,HAM10000_images_part_1/ISIC_0027968.jpg,follow_up,40.0,male,upper extremity
HAM_0000660,ISIC_0028953,nv,0,HAM10000_images_part_1/ISIC_0028953.jpg,follow_up,40.0,male,abdomen
HAM_0001750,ISIC_0028832,nv,0,HAM10000_images_part_1/ISIC_0028832.jpg,follow_up,55.0,male,trunk
HAM_0006070,ISIC_0026833,nv,0,HAM10000_images_part_1/ISIC_0026833.jpg,follow_up,55.0,male,foot
HAM_0004162,ISIC_0031944,nv,0,HAM10000_images_part_2/ISIC_0031944.jpg,follow_up,65.0,male,back
HAM_0000295,ISIC_0028590,nv,0,HAM10000_images_part_1/ISIC_0028590.jpg,follow_up,65.0,male,back
HAM_0001195,ISIC_0031161,nv,0,HAM10000_images_part_2/ISIC_0031161.jpg,follow_up,60.0,male,abdomen
HAM_0002887,ISIC_0032089,nv,0,HAM10000_images_part_2/ISIC_0032089.jpg,follow_up,60.0,male,trunk
HAM_0006293,ISIC_0027314,nv,0,HAM10000_images_part_1/ISIC_0027314.jpg,follow_up,60.0,male,trunk
HAM_0000091,ISIC_0025737,nv,0,HAM10000_images_part_1/ISIC_0025737.jpg,follow_up,50.0,male,upper extremity
HAM_0004611,ISIC_0027716,nv,0,HAM10000_images_part_1/ISIC_0027716.jpg,follow_up,50.0,male,trunk
HAM_0002195,ISIC_0031576,nv,0,HAM10000_images_part_2/ISIC_0031576.jpg,follow_up,50.0,male,upper extremity
HAM_0004697,ISIC_0026856,nv,0,HAM10000_images_part_1/ISIC_0026856.jpg,follow_up,50.0,male,upper extremity
HAM_0002783,ISIC_0029507,nv,0,HAM10000_images_part_2/ISIC_0029507.jpg,follow_up,50.0,male,lower extremity
HAM_0001289,ISIC_0026725,nv,0,HAM10000_images_part_1/ISIC_0026725.jpg,follow_up,55.0,female,abdomen
HAM_0006019,ISIC_0030347,nv,0,HAM10000_images_part_2/ISIC_0030347.jpg,follow_up,55.0,female,upper extremity
HAM_0000369,ISIC_0029400,nv,0,HAM10000_images_part_2/ISIC_0029400.jpg,follow_up,55.0,female,upper extremity
HAM_0003190,ISIC_0030571,nv,0,HAM10000_images_part_2/ISIC_0030571.jpg,follow_up,55.0,female,trunk
HAM_0004594,ISIC_0032418,nv,0,HAM10000_images_part_2/ISIC_0032418.jpg,follow_up,55.0,female,back
HAM_0007015,ISIC_0025760,nv,0,HAM10000_images_part_1/ISIC_0025760.jpg,follow_up,55.0,female,trunk
HAM_0002117,ISIC_0032324,nv,0,HAM10000_images_part_2/ISIC_0032324.jpg,follow_up,55.0,female,back
HAM_0005562,ISIC_0025901,nv,0,HAM10000_images_part_1/ISIC_0025901.jpg,follow_up,55.0,female,lower extremity
HAM_0001419,ISIC_0024892,nv,0,HAM10000_images_part_1/ISIC_0024892.jpg,follow_up,55.0,female,lower extremity
HAM_0003515,ISIC_0025862,nv,0,HAM10000_images_part_1/ISIC_0025862.jpg,follow_up,55.0,female,lower extremity
HAM_0001792,ISIC_0024419,nv,0,HAM10000_images_part_1/ISIC_0024419.jpg,follow_up,35.0,female,lower extremity
HAM_0006683,ISIC_0031139,nv,0,HAM10000_images_part_2/ISIC_0031139.jpg,follow_up,35.0,female,abdomen
HAM_0005148,ISIC_0026969,nv,0,HAM10000_images_part_1/ISIC_0026969.jpg,follow_up,35.0,female,back
HAM_0003936,ISIC_0024576,nv,0,HAM10000_images_part_1/ISIC_0024576.jpg,follow_up,35.0,female,lower extremity
HAM_0005732,ISIC_0025741,nv,0,HAM10000_images_part_1/ISIC_0025741.jpg,follow_up,35.0,female,lower extremity
HAM_0004650,ISIC_0028149,nv,0,HAM10000_images_part_1/ISIC_0028149.jpg,follow_up,35.0,female,lower extremity
HAM_0005833,ISIC_0030431,nv,0,HAM10000_images_part_2/ISIC_0030431.jpg,follow_up,35.0,female,foot
HAM_0007076,ISIC_0026757,nv,0,HAM10000_images_part_1/ISIC_0026757.jpg,follow_up,35.0,female,lower extremity
HAM_0006677,ISIC_0025426,nv,0,HAM10000_images_part_1/ISIC_0025426.jpg,follow_up,60.0,male,trunk
HAM_0006427,ISIC_0028704,nv,0,HAM10000_images_part_1/ISIC_0028704.jpg,follow_up,60.0,male,upper extremity
HAM_0002917,ISIC_0032506,nv,0,HAM10000_images_part_2/ISIC_0032506.jpg,follow_up,60.0,male,abdomen
HAM_0005919,ISIC_0030503,nv,0,HAM10000_images_part_2/ISIC_0030503.jpg,follow_up,60.0,male,abdomen
HAM_0001404,ISIC_0028533,nv,0,HAM10000_images_part_1/ISIC_0028533.jpg,follow_up,60.0,male,lower extremity
HAM_0004001,ISIC_0029996,nv,0,HAM10000_images_part_2/ISIC_0029996.jpg,follow_up,60.0,male,lower extremity
HAM_0001222,ISIC_0029916,nv,0,HAM10000_images_part_2/ISIC_0029916.jpg,follow_up,60.0,male,back
HAM_0003797,ISIC_0024639,nv,0,HAM10000_images_part_1/ISIC_0024639.jpg,follow_up,60.0,male,back
HAM_0006319,ISIC_0028348,nv,0,HAM10000_images_part_1/ISIC_0028348.jpg,follow_up,60.0,male,trunk
HAM_0000964,ISIC_0028919,nv,0,HAM10000_images_part_1/ISIC_0028919.jpg,follow_up,60.0,male,lower extremity
HAM_0003009,ISIC_0025569,nv,0,HAM10000_images_part_1/ISIC_0025569.jpg,follow_up,40.0,male,back
HAM_0001112,ISIC_0024359,nv,0,HAM10000_images_part_1/ISIC_0024359.jpg,follow_up,40.0,male,back
HAM_0001197,ISIC_0031420,nv,0,HAM10000_images_part_2/ISIC_0031420.jpg,follow_up,30.0,female,upper extremity
HAM_0003825,ISIC_0030656,nv,0,HAM10000_images_part_2/ISIC_0030656.jpg,follow_up,30.0,female,abdomen
HAM_0001324,ISIC_0028435,nv,0,HAM10000_images_part_1/ISIC_0028435.jpg,follow_up,30.0,female,lower extremity
HAM_0003285,ISIC_0029907,nv,0,HAM10000_images_part_2/ISIC_0029907.jpg,follow_up,30.0,female,back
HAM_0004066,ISIC_0026390,nv,0,HAM10000_images_part_1/ISIC_0026390.jpg,follow_up,30.0,female,back
HAM_0007186,ISIC_0028295,nv,0,HAM10000_images_part_1/ISIC_0028295.jpg,follow_up,30.0,female,lower extremity
HAM_0003706,ISIC_0028099,nv,0,HAM10000_images_part_1/ISIC_0028099.jpg,follow_up,50.0,male,trunk
HAM_0005358,ISIC_0026982,nv,0,HAM10000_images_part_1/ISIC_0026982.jpg,follow_up,50.0,male,lower extremity
HAM_0001714,ISIC_0032354,nv,0,HAM10000_images_part_2/ISIC_0032354.jpg,follow_up,30.0,female,trunk
HAM_0004557,ISIC_0032465,nv,0,HAM10000_images_part_2/ISIC_0032465.jpg,follow_up,30.0,female,trunk
HAM_0007094,ISIC_0026785,nv,0,HAM10000_images_part_1/ISIC_0026785.jpg,follow_up,30.0,female,lower extremity
HAM_0001992,ISIC_0025399,nv,0,HAM10000_images_part_1/ISIC_0025399.jpg,follow_up,30.0,female,trunk
HAM_0000857,ISIC_0025229,nv,0,HAM10000_images_part_1/ISIC_0025229.jpg,follow_up,30.0,female,trunk
HAM_0000786,ISIC_0028956,nv,0,HAM10000_images_part_1/ISIC_0028956.jpg,follow_up,30.0,female,trunk
HAM_0000932,ISIC_0026288,nv,0,HAM10000_images_part_1/ISIC_0026288.jpg,follow_up,30.0,female,trunk
HAM_0006753,ISIC_0028073,nv,0,HAM10000_images_part_1/ISIC_0028073.jpg,follow_up,30.0,female,trunk
HAM_0000390,ISIC_0026756,nv,0,HAM10000_images_part_1/ISIC_0026756.jpg,follow_up,30.0,female,trunk
HAM_0005098,ISIC_0024728,nv,0,HAM10000_images_part_1/ISIC_0024728.jpg,follow_up,30.0,female,lower extremity
HAM_0006966,ISIC_0028614,nv,0,HAM10000_images_part_1/ISIC_0028614.jpg,follow_up,30.0,female,trunk
HAM_0002678,ISIC_0030739,nv,0,HAM10000_images_part_2/ISIC_0030739.jpg,follow_up,30.0,female,trunk
HAM_0006571,ISIC_0025418,nv,0,HAM10000_images_part_1/ISIC_0025418.jpg,follow_up,30.0,female,upper extremity
HAM_0001795,ISIC_0030611,nv,0,HAM10000_images_part_2/ISIC_0030611.jpg,follow_up,30.0,female,upper extremity
HAM_0000620,ISIC_0027414,nv,0,HAM10000_images_part_1/ISIC_0027414.jpg,follow_up,30.0,female,trunk
HAM_0003379,ISIC_0030619,nv,0,HAM10000_images_part_2/ISIC_0030619.jpg,follow_up,30.0,female,lower extremity
HAM_0000567,ISIC_0029677,nv,0,HAM10000_images_part_2/ISIC_0029677.jpg,follow_up,35.0,male,trunk
HAM_0004900,ISIC_0027860,nv,0,HAM10000_images_part_1/ISIC_0027860.jpg,follow_up,35.0,male,abdomen
HAM_0001880,ISIC_0026199,nv,0,HAM10000_images_part_1/ISIC_0026199.jpg,follow_up,35.0,male,lower extremity
HAM_0001131,ISIC_0029601,nv,0,HAM10000_images_part_2/ISIC_0029601.jpg,follow_up,35.0,male,upper extremity
HAM_0006023,ISIC_0025002,nv,0,HAM10000_images_part_1/ISIC_0025002.jpg,follow_up,35.0,male,trunk
HAM_0005002,ISIC_0031869,nv,0,HAM10000_images_part_2/ISIC_0031869.jpg,follow_up,35.0,male,back
HAM_0002967,ISIC_0025380,nv,0,HAM10000_images_part_1/ISIC_0025380.jpg,follow_up,35.0,male,foot
HAM_0003953,ISIC_0027158,nv,0,HAM10000_images_part_1/ISIC_0027158.jpg,follow_up,45.0,male,back
HAM_0001732,ISIC_0024502,nv,0,HAM10000_images_part_1/ISIC_0024502.jpg,follow_up,45.0,male,lower extremity
HAM_0007222,ISIC_0030996,nv,0,HAM10000_images_part_2/ISIC_0030996.jpg,follow_up,45.0,male,trunk
HAM_0006846,ISIC_0027199,nv,0,HAM10000_images_part_1/ISIC_0027199.jpg,follow_up,45.0,male,lower extremity
HAM_0003442,ISIC_0027929,nv,0,HAM10000_images_part_1/ISIC_0027929.jpg,follow_up,45.0,male,back
HAM_0005694,ISIC_0030753,nv,0,HAM10000_images_part_2/ISIC_0030753.jpg,follow_up,45.0,male,lower extremity
HAM_0003554,ISIC_0027494,nv,0,HAM10000_images_part_1/ISIC_0027494.jpg,follow_up,45.0,male,trunk
HAM_0005005,ISIC_0031920,nv,0,HAM10000_images_part_2/ISIC_0031920.jpg,follow_up,50.0,male,lower extremity
HAM_0004733,ISIC_0027565,nv,0,HAM10000_images_part_1/ISIC_0027565.jpg,follow_up,45.0,male,trunk
HAM_0002237,ISIC_0028053,nv,0,HAM10000_images_part_1/ISIC_0028053.jpg,follow_up,55.0,male,trunk
HAM_0000145,ISIC_0026807,nv,0,HAM10000_images_part_1/ISIC_0026807.jpg,follow_up,55.0,female,upper extremity
HAM_0000264,ISIC_0027074,nv,0,HAM10000_images_part_1/ISIC_0027074.jpg,follow_up,35.0,male,abdomen
HAM_0002947,ISIC_0031589,nv,0,HAM10000_images_part_2/ISIC_0031589.jpg,follow_up,35.0,male,trunk
HAM_0000449,ISIC_0028327,nv,0,HAM10000_images_part_1/ISIC_0028327.jpg,follow_up,35.0,male,lower extremity
HAM_0003875,ISIC_0028955,nv,0,HAM10000_images_part_1/ISIC_0028955.jpg,follow_up,35.0,male,back
HAM_0004925,ISIC_0024873,nv,0,HAM10000_images_part_1/ISIC_0024873.jpg,follow_up,35.0,male,back
HAM_0003896,ISIC_0030952,nv,0,HAM10000_images_part_2/ISIC_0030952.jpg,follow_up,35.0,male,abdomen
HAM_0004876,ISIC_0029356,nv,0,HAM10000_images_part_2/ISIC_0029356.jpg,follow_up,35.0,male,lower extremity
HAM_0005739,ISIC_0029763,nv,0,HAM10000_images_part_2/ISIC_0029763.jpg,follow_up,35.0,male,lower extremity
HAM_0005716,ISIC_0031841,nv,0,HAM10000_images_part_2/ISIC_0031841.jpg,follow_up,50.0,male,back
HAM_0003705,ISIC_0025263,nv,0,HAM10000_images_part_1/ISIC_0025263.jpg,follow_up,50.0,male,trunk
HAM_0004595,ISIC_0027844,nv,0,HAM10000_images_part_1/ISIC_0027844.jpg,follow_up,50.0,male,back
HAM_0006016,ISIC_0029670,nv,0,HAM10000_images_part_2/ISIC_0029670.jpg,follow_up,50.0,male,lower extremity
HAM_0004477,ISIC_0026646,nv,0,HAM10000_images_part_1/ISIC_0026646.jpg,follow_up,50.0,male,trunk
HAM_0005963,ISIC_0028129,nv,0,HAM10000_images_part_1/ISIC_0028129.jpg,follow_up,45.0,male,foot
HAM_0003510,ISIC_0031507,nv,0,HAM10000_images_part_2/ISIC_0031507.jpg,follow_up,65.0,male,trunk
HAM_0002223,ISIC_0026176,nv,0,HAM10000_images_part_1/ISIC_0026176.jpg,follow_up,25.0,female,trunk
HAM_0006263,ISIC_0029447,nv,0,HAM10000_images_part_2/ISIC_0029447.jpg,follow_up,40.0,male,back
HAM_0007436,ISIC_0026878,nv,0,HAM10000_images_part_1/ISIC_0026878.jpg,follow_up,40.0,male,back
HAM_0006686,ISIC_0028292,nv,0,HAM10000_images_part_1/ISIC_0028292.jpg,follow_up,40.0,male,back
HAM_0004774,ISIC_0031497,nv,0,HAM10000_images_part_2/ISIC_0031497.jpg,follow_up,30.0,female,trunk
HAM_0002854,ISIC_0031673,nv,0,HAM10000_images_part_2/ISIC_0031673.jpg,follow_up,30.0,female,back
HAM_0004486,ISIC_0031448,nv,0,HAM10000_images_part_2/ISIC_0031448.jpg,follow_up,45.0,male,upper extremity
HAM_0005765,ISIC_0028031,nv,0,HAM10000_images_part_1/ISIC_0028031.jpg,follow_up,45.0,male,lower extremity
HAM_0003725,ISIC_0027986,nv,0,HAM10000_images_part_1/ISIC_0027986.jpg,follow_up,30.0,female,trunk
HAM_0003792,ISIC_0029069,nv,0,HAM10000_images_part_1/ISIC_0029069.jpg,follow_up,30.0,female,abdomen
HAM_0003986,ISIC_0030020,nv,0,HAM10000_images_part_2/ISIC_0030020.jpg,follow_up,30.0,female,trunk
HAM_0003773,ISIC_0027952,nv,0,HAM10000_images_part_1/ISIC_0027952.jpg,follow_up,30.0,female,lower extremity
HAM_0004497,ISIC_0025625,nv,0,HAM10000_images_part_1/ISIC_0025625.jpg,follow_up,40.0,female,trunk
HAM_0007314,ISIC_0031152,nv,0,HAM10000_images_part_2/ISIC_0031152.jpg,follow_up,40.0,female,trunk
HAM_0004686,ISIC_0028574,nv,0,HAM10000_images_part_1/ISIC_0028574.jpg,follow_up,40.0,female,abdomen
HAM_0000864,ISIC_0028716,nv,0,HAM10000_images_part_1/ISIC_0028716.jpg,follow_up,40.0,female,abdomen
HAM_0003563,ISIC_0030075,nv,0,HAM10000_images_part_2/ISIC_0030075.jpg,follow_up,40.0,female,abdomen
HAM_0001304,ISIC_0028328,nv,0,HAM10000_images_part_1/ISIC_0028328.jpg,follow_up,40.0,female,lower extremity
HAM_0002395,ISIC_0029750,nv,0,HAM10000_images_part_2/ISIC_0029750.jpg,follow_up,40.0,female,trunk
HAM_0003494,ISIC_0031347,nv,0,HAM10000_images_part_2/ISIC_0031347.jpg,follow_up,40.0,female,back
HAM_0003267,ISIC_0024991,nv,0,HAM10000_images_part_1/ISIC_0024991.jpg,follow_up,40.0,female,back
HAM_0003056,ISIC_0026684,nv,0,HAM10000_images_part_1/ISIC_0026684.jpg,follow_up,40.0,female,back
HAM_0005023,ISIC_0031805,nv,0,HAM10000_images_part_2/ISIC_0031805.jpg,follow_up,40.0,female,lower extremity
HAM_0000116,ISIC_0031688,nv,0,HAM10000_images_part_2/ISIC_0031688.jpg,follow_up,40.0,female,lower extremity
HAM_0007352,ISIC_0029739,nv,0,HAM10000_images_part_2/ISIC_0029739.jpg,follow_up,40.0,female,lower extremity
HAM_0003776,ISIC_0025347,nv,0,HAM10000_images_part_1/ISIC_0025347.jpg,follow_up,35.0,female,trunk
HAM_0004799,ISIC_0030807,nv,0,HAM10000_images_part_2/ISIC_0030807.jpg,follow_up,35.0,female,lower extremity
HAM_0007226,ISIC_0027946,nv,0,HAM10000_images_part_1/ISIC_0027946.jpg,follow_up,35.0,female,trunk
HAM_0000874,ISIC_0032119,nv,0,HAM10000_images_part_2/ISIC_0032119.jpg,follow_up,35.0,female,back
HAM_0005355,ISIC_0031731,nv,0,HAM10000_images_part_2/ISIC_0031731.jpg,follow_up,35.0,female,lower extremity
HAM_0006552,ISIC_0024531,nv,0,HAM10000_images_part_1/ISIC_0024531.jpg,follow_up,65.0,male,trunk
HAM_0003465,ISIC_0024368,nv,0,HAM10000_images_part_1/ISIC_0024368.jpg,follow_up,65.0,male,trunk
HAM_0007137,ISIC_0031327,nv,0,HAM10000_images_part_2/ISIC_0031327.jpg,follow_up,65.0,male,abdomen
HAM_0004504,ISIC_0029415,nv,0,HAM10000_images_part_2/ISIC_0029415.jpg,follow_up,65.0,male,abdomen
HAM_0000849,ISIC_0029200,nv,0,HAM10000_images_part_1/ISIC_0029200.jpg,follow_up,65.0,male,abdomen
HAM_0006695,ISIC_0029224,nv,0,HAM10000_images_part_1/ISIC_0029224.jpg,follow_up,65.0,male,abdomen
HAM_0000157,ISIC_0032392,nv,0,HAM10000_images_part_2/ISIC_0032392.jpg,follow_up,65.0,male,abdomen
HAM_0001826,ISIC_0029509,nv,0,HAM10000_images_part_2/ISIC_0029509.jpg,follow_up,65.0,male,back
HAM_0005320,ISIC_0025356,nv,0,HAM10000_images_part_1/ISIC_0025356.jpg,follow_up,35.0,female,back
HAM_0006667,ISIC_0031744,nv,0,HAM10000_images_part_2/ISIC_0031744.jpg,follow_up,35.0,female,trunk
HAM_0006842,ISIC_0030728,nv,0,HAM10000_images_part_2/ISIC_0030728.jpg,follow_up,35.0,female,back
HAM_0002690,ISIC_0028828,nv,0,HAM10000_images_part_1/ISIC_0028828.jpg,follow_up,70.0,male,trunk
HAM_0002990,ISIC_0028437,nv,0,HAM10000_images_part_1/ISIC_0028437.jpg,follow_up,70.0,male,abdomen
HAM_0005468,ISIC_0029785,nv,0,HAM10000_images_part_2/ISIC_0029785.jpg,follow_up,70.0,male,abdomen
HAM_0001844,ISIC_0026736,nv,0,HAM10000_images_part_1/ISIC_0026736.jpg,follow_up,70.0,male,abdomen
HAM_0001829,ISIC_0027779,nv,0,HAM10000_images_part_1/ISIC_0027779.jpg,follow_up,70.0,male,abdomen
HAM_0007411,ISIC_0028444,nv,0,HAM10000_images_part_1/ISIC_0028444.jpg,follow_up,70.0,male,abdomen
HAM_0002081,ISIC_0029120,nv,0,HAM10000_images_part_1/ISIC_0029120.jpg,follow_up,70.0,male,trunk
HAM_0004251,ISIC_0026673,nv,0,HAM10000_images_part_1/ISIC_0026673.jpg,follow_up,70.0,male,trunk
HAM_0005216,ISIC_0032161,nv,0,HAM10000_images_part_2/ISIC_0032161.jpg,follow_up,70.0,male,back
HAM_0003324,ISIC_0024650,nv,0,HAM10000_images_part_1/ISIC_0024650.jpg,follow_up,70.0,male,trunk
HAM_0007584,ISIC_0025139,nv,0,HAM10000_images_part_1/ISIC_0025139.jpg,follow_up,35.0,female,trunk
HAM_0000755,ISIC_0026180,nv,0,HAM10000_images_part_1/ISIC_0026180.jpg,follow_up,55.0,male,foot
HAM_0004416,ISIC_0027947,nv,0,HAM10000_images_part_1/ISIC_0027947.jpg,follow_up,50.0,male,abdomen
HAM_0000951,ISIC_0026003,nv,0,HAM10000_images_part_1/ISIC_0026003.jpg,follow_up,50.0,male,abdomen
HAM_0000345,ISIC_0031361,nv,0,HAM10000_images_part_2/ISIC_0031361.jpg,follow_up,40.0,male,trunk
HAM_0004999,ISIC_0027690,nv,0,HAM10000_images_part_1/ISIC_0027690.jpg,follow_up,40.0,male,trunk
HAM_0000108,ISIC_0027630,nv,0,HAM10000_images_part_1/ISIC_0027630.jpg,follow_up,40.0,male,back
HAM_0005741,ISIC_0027222,nv,0,HAM10000_images_part_1/ISIC_0027222.jpg,follow_up,40.0,male,trunk
HAM_0001946,ISIC_0029333,nv,0,HAM10000_images_part_2/ISIC_0029333.jpg,follow_up,40.0,male,trunk
HAM_0001033,ISIC_0031658,nv,0,HAM10000_images_part_2/ISIC_0031658.jpg,follow_up,40.0,female,back
HAM_0001901,ISIC_0026274,nv,0,HAM10000_images_part_1/ISIC_0026274.jpg,follow_up,40.0,female,trunk
HAM_0006515,ISIC_0025828,nv,0,HAM10000_images_part_1/ISIC_0025828.jpg,follow_up,40.0,female,abdomen
HAM_0000601,ISIC_0026578,nv,0,HAM10000_images_part_1/ISIC_0026578.jpg,follow_up,40.0,female,abdomen
HAM_0003316,ISIC_0031472,nv,0,HAM10000_images_part_2/ISIC_0031472.jpg,follow_up,40.0,female,lower extremity
HAM_0002255,ISIC_0030726,nv,0,HAM10000_images_part_2/ISIC_0030726.jpg,follow_up,50.0,male,trunk
HAM_0002020,ISIC_0032301,nv,0,HAM10000_images_part_2/ISIC_0032301.jpg,follow_up,50.0,male,trunk
HAM_0000730,ISIC_0026619,nv,0,HAM10000_images_part_1/ISIC_0026619.jpg,follow_up,50.0,male,abdomen
HAM_0002029,ISIC_0030270,nv,0,HAM10000_images_part_2/ISIC_0030270.jpg,follow_up,50.0,male,abdomen
HAM_0001191,ISIC_0028452,nv,0,HAM10000_images_part_1/ISIC_0028452.jpg,follow_up,50.0,male,abdomen
HAM_0006139,ISIC_0025349,nv,0,HAM10000_images_part_1/ISIC_0025349.jpg,follow_up,50.0,male,trunk
HAM_0007379,ISIC_0029155,nv,0,HAM10000_images_part_1/ISIC_0029155.jpg,follow_up,50.0,male,trunk
HAM_0005734,ISIC_0025048,nv,0,HAM10000_images_part_1/ISIC_0025048.jpg,follow_up,50.0,male,trunk
HAM_0002588,ISIC_0031452,nv,0,HAM10000_images_part_2/ISIC_0031452.jpg,follow_up,50.0,male,trunk
HAM_0006627,ISIC_0029511,nv,0,HAM10000_images_part_2/ISIC_0029511.jpg,follow_up,50.0,male,lower extremity
HAM_0002866,ISIC_0029411,nv,0,HAM10000_images_part_2/ISIC_0029411.jpg,follow_up,50.0,male,lower extremity
HAM_0004812,ISIC_0025682,nv,0,HAM10000_images_part_1/ISIC_0025682.jpg,follow_up,35.0,female,trunk
HAM_0005047,ISIC_0029105,nv,0,HAM10000_images_part_1/ISIC_0029105.jpg,follow_up,45.0,female,face
HAM_0002929,ISIC_0032068,nv,0,HAM10000_images_part_2/ISIC_0032068.jpg,follow_up,45.0,male,lower extremity
HAM_0006804,ISIC_0028341,nv,0,HAM10000_images_part_1/ISIC_0028341.jpg,follow_up,45.0,male,abdomen
HAM_0005644,ISIC_0027899,nv,0,HAM10000_images_part_1/ISIC_0027899.jpg,follow_up,45.0,male,back
HAM_0003730,ISIC_0026431,nv,0,HAM10000_images_part_1/ISIC_0026431.jpg,follow_up,45.0,male,lower extremity
HAM_0007156,ISIC_0025893,nv,0,HAM10000_images_part_1/ISIC_0025893.jpg,follow_up,45.0,male,lower extremity
HAM_0001461,ISIC_0028440,nv,0,HAM10000_images_part_1/ISIC_0028440.jpg,follow_up,45.0,male,lower extremity
HAM_0006584,ISIC_0024983,nv,0,HAM10000_images_part_1/ISIC_0024983.jpg,follow_up,45.0,male,lower extremity
HAM_0006151,ISIC_0032296,nv,0,HAM10000_images_part_2/ISIC_0032296.jpg,follow_up,40.0,female,trunk
HAM_0001742,ISIC_0028456,nv,0,HAM10000_images_part_1/ISIC_0028456.jpg,follow_up,40.0,female,back
HAM_0007187,ISIC_0028950,nv,0,HAM10000_images_part_1/ISIC_0028950.jpg,follow_up,40.0,female,upper extremity
HAM_0006701,ISIC_0029310,nv,0,HAM10000_images_part_2/ISIC_0029310.jpg,follow_up,40.0,female,foot
HAM_0000151,ISIC_0029350,nv,0,HAM10000_images_part_2/ISIC_0029350.jpg,follow_up,35.0,female,abdomen
HAM_0007071,ISIC_0030449,nv,0,HAM10000_images_part_2/ISIC_0030449.jpg,follow_up,35.0,female,trunk
HAM_0006055,ISIC_0031456,nv,0,HAM10000_images_part_2/ISIC_0031456.jpg,follow_up,75.0,female,lower extremity
HAM_0006958,ISIC_0029395,nv,0,HAM10000_images_part_2/ISIC_0029395.jpg,follow_up,65.0,female,lower extremity
HAM_0001973,ISIC_0026061,nv,0,HAM10000_images_part_1/ISIC_0026061.jpg,follow_up,65.0,female,trunk
HAM_0007253,ISIC_0026840,nv,0,HAM10000_images_part_1/ISIC_0026840.jpg,follow_up,65.0,female,trunk
HAM_0002249,ISIC_0029520,nv,0,HAM10000_images_part_2/ISIC_0029520.jpg,follow_up,65.0,female,trunk
HAM_0004560,ISIC_0030738,nv,0,HAM10000_images_part_2/ISIC_0030738.jpg,follow_up,65.0,female,back
HAM_0006073,ISIC_0025761,nv,0,HAM10000_images_part_1/ISIC_0025761.jpg,follow_up,65.0,female,lower extremity
HAM_0000503,ISIC_0029236,nv,0,HAM10000_images_part_1/ISIC_0029236.jpg,follow_up,65.0,female,abdomen
HAM_0003061,ISIC_0032262,nv,0,HAM10000_images_part_2/ISIC_0032262.jpg,follow_up,65.0,female,upper extremity
HAM_0006034,ISIC_0026426,nv,0,HAM10000_images_part_1/ISIC_0026426.jpg,follow_up,65.0,female,back
HAM_0006612,ISIC_0031426,nv,0,HAM10000_images_part_2/ISIC_0031426.jpg,follow_up,40.0,female,trunk
HAM_0003295,ISIC_0026110,nv,0,HAM10000_images_part_1/ISIC_0026110.jpg,follow_up,40.0,female,abdomen
HAM_0003247,ISIC_0026707,nv,0,HAM10000_images_part_1/ISIC_0026707.jpg,follow_up,40.0,female,abdomen
HAM_0002926,ISIC_0030831,nv,0,HAM10000_images_part_2/ISIC_0030831.jpg,follow_up,40.0,female,abdomen
HAM_0003564,ISIC_0029294,nv,0,HAM10000_images_part_1/ISIC_0029294.jpg,follow_up,40.0,female,abdomen
HAM_0003618,ISIC_0028234,nv,0,HAM10000_images_part_1/ISIC_0028234.jpg,follow_up,50.0,male,trunk
HAM_0003592,ISIC_0031416,nv,0,HAM10000_images_part_2/ISIC_0031416.jpg,follow_up,50.0,male,trunk
HAM_0003747,ISIC_0026582,nv,0,HAM10000_images_part_1/ISIC_0026582.jpg,follow_up,50.0,male,trunk
HAM_0001478,ISIC_0031689,nv,0,HAM10000_images_part_2/ISIC_0031689.jpg,follow_up,50.0,male,abdomen
HAM_0005707,ISIC_0029821,nv,0,HAM10000_images_part_2/ISIC_0029821.jpg,follow_up,50.0,male,abdomen
HAM_0004893,ISIC_0031906,nv,0,HAM10000_images_part_2/ISIC_0031906.jpg,follow_up,50.0,male,abdomen
HAM_0006530,ISIC_0029686,nv,0,HAM10000_images_part_2/ISIC_0029686.jpg,follow_up,50.0,male,abdomen
HAM_0006043,ISIC_0027782,nv,0,HAM10000_images_part_1/ISIC_0027782.jpg,follow_up,50.0,male,abdomen
HAM_0003550,ISIC_0026334,nv,0,HAM10000_images_part_1/ISIC_0026334.jpg,follow_up,50.0,male,abdomen
HAM_0005548,ISIC_0027632,nv,0,HAM10000_images_part_1/ISIC_0027632.jpg,follow_up,50.0,male,abdomen
HAM_0003378,ISIC_0027674,nv,0,HAM10000_images_part_1/ISIC_0027674.jpg,follow_up,50.0,male,abdomen
HAM_0007331,ISIC_0031752,nv,0,HAM10000_images_part_2/ISIC_0031752.jpg,follow_up,50.0,male,abdomen
HAM_0001205,ISIC_0025034,nv,0,HAM10000_images_part_1/ISIC_0025034.jpg,follow_up,50.0,male,abdomen
HAM_0004825,ISIC_0028152,nv,0,HAM10000_images_part_1/ISIC_0028152.jpg,follow_up,50.0,male,upper extremity
HAM_0003459,ISIC_0025697,nv,0,HAM10000_images_part_1/ISIC_0025697.jpg,follow_up,50.0,male,upper extremity
HAM_0006906,ISIC_0031254,nv,0,HAM10000_images_part_2/ISIC_0031254.jpg,follow_up,50.0,male,upper extremity
HAM_0001682,ISIC_0026630,nv,0,HAM10000_images_part_1/ISIC_0026630.jpg,follow_up,50.0,male,trunk
HAM_0000606,ISIC_0030109,nv,0,HAM10000_images_part_2/ISIC_0030109.jpg,follow_up,50.0,male,trunk
HAM_0001970,ISIC_0031136,nv,0,HAM10000_images_part_2/ISIC_0031136.jpg,follow_up,50.0,male,trunk
HAM_0001984,ISIC_0025092,nv,0,HAM10000_images_part_1/ISIC_0025092.jpg,follow_up,50.0,male,trunk
HAM_0000684,ISIC_0028439,nv,0,HAM10000_images_part_1/ISIC_0028439.jpg,follow_up,50.0,male,trunk
HAM_0003547,ISIC_0027921,nv,0,HAM10000_images_part_1/ISIC_0027921.jpg,follow_up,50.0,male,lower extremity
HAM_0007406,ISIC_0028253,nv,0,HAM10000_images_part_1/ISIC_0028253.jpg,follow_up,35.0,female,trunk
HAM_0005512,ISIC_0025194,nv,0,HAM10000_images_part_1/ISIC_0025194.jpg,follow_up,35.0,female,abdomen
HAM_0002336,ISIC_0031446,nv,0,HAM10000_images_part_2/ISIC_0031446.jpg,follow_up,35.0,female,abdomen
HAM_0004417,ISIC_0028566,nv,0,HAM10000_images_part_1/ISIC_0028566.jpg,follow_up,35.0,female,trunk
HAM_0004887,ISIC_0024717,nv,0,HAM10000_images_part_1/ISIC_0024717.jpg,follow_up,35.0,female,back
HAM_0005691,ISIC_0032457,nv,0,HAM10000_images_part_2/ISIC_0032457.jpg,follow_up,35.0,female,lower extremity
HAM_0001379,ISIC_0030618,nv,0,HAM10000_images_part_2/ISIC_0030618.jpg,follow_up,55.0,male,trunk
HAM_0005544,ISIC_0027791,nv,0,HAM10000_images_part_1/ISIC_0027791.jpg,follow_up,55.0,male,lower extremity
HAM_0004745,ISIC_0028004,nv,0,HAM10000_images_part_1/ISIC_0028004.jpg,follow_up,60.0,male,trunk
HAM_0003584,ISIC_0029875,nv,0,HAM10000_images_part_2/ISIC_0029875.jpg,follow_up,50.0,female,abdomen
HAM_0005877,ISIC_0029204,nv,0,HAM10000_images_part_1/ISIC_0029204.jpg,follow_up,50.0,female,trunk
HAM_0006795,ISIC_0031892,nv,0,HAM10000_images_part_2/ISIC_0031892.jpg,follow_up,55.0,female,back
HAM_0003269,ISIC_0028904,nv,0,HAM10000_images_part_1/ISIC_0028904.jpg,follow_up,55.0,female,upper extremity
HAM_0003403,ISIC_0031409,nv,0,HAM10000_images_part_2/ISIC_0031409.jpg,follow_up,70.0,male,abdomen
HAM_0002780,ISIC_0028732,nv,0,HAM10000_images_part_1/ISIC_0028732.jpg,follow_up,70.0,male,lower extremity
HAM_0002452,ISIC_0024491,nv,0,HAM10000_images_part_1/ISIC_0024491.jpg,follow_up,70.0,male,back
HAM_0005402,ISIC_0031695,nv,0,HAM10000_images_part_2/ISIC_0031695.jpg,follow_up,45.0,female,upper extremity
HAM_0000894,ISIC_0030478,nv,0,HAM10000_images_part_2/ISIC_0030478.jpg,follow_up,45.0,female,upper extremity
HAM_0006503,ISIC_0032217,nv,0,HAM10000_images_part_2/ISIC_0032217.jpg,follow_up,45.0,female,lower extremity
HAM_0000061,ISIC_0028417,nv,0,HAM10000_images_part_1/ISIC_0028417.jpg,follow_up,45.0,female,trunk
HAM_0006450,ISIC_0028724,nv,0,HAM10000_images_part_1/ISIC_0028724.jpg,follow_up,45.0,female,trunk
HAM_0002052,ISIC_0032155,nv,0,HAM10000_images_part_2/ISIC_0032155.jpg,follow_up,45.0,female,trunk
HAM_0001025,ISIC_0030891,nv,0,HAM10000_images_part_2/ISIC_0030891.jpg,follow_up,45.0,female,trunk
HAM_0005688,ISIC_0027186,nv,0,HAM10000_images_part_1/ISIC_0027186.jpg,follow_up,45.0,female,trunk
HAM_0002802,ISIC_0029717,nv,0,HAM10000_images_part_2/ISIC_0029717.jpg,follow_up,45.0,female,abdomen
HAM_0001921,ISIC_0032205,nv,0,HAM10000_images_part_2/ISIC_0032205.jpg,follow_up,45.0,female,abdomen
HAM_0004089,ISIC_0026589,nv,0,HAM10000_images_part_1/ISIC_0026589.jpg,follow_up,45.0,female,upper extremity
HAM_0004150,ISIC_0026632,nv,0,HAM10000_images_part_1/ISIC_0026632.jpg,follow_up,45.0,female,upper extremity
HAM_0004605,ISIC_0032267,nv,0,HAM10000_images_part_2/ISIC_0032267.jpg,follow_up,45.0,female,upper extremity
HAM_0002828,ISIC_0030164,nv,0,HAM10000_images_part_2/ISIC_0030164.jpg,follow_up,45.0,female,upper extremity
HAM_0000672,ISIC_0029007,nv,0,HAM10000_images_part_1/ISIC_0029007.jpg,follow_up,45.0,female,back
HAM_0002233,ISIC_0025774,nv,0,HAM10000_images_part_1/ISIC_0025774.jpg,follow_up,45.0,female,back
HAM_0007074,ISIC_0030646,nv,0,HAM10000_images_part_2/ISIC_0030646.jpg,follow_up,45.0,female,lower extremity
HAM_0003246,ISIC_0029049,nv,0,HAM10000_images_part_1/ISIC_0029049.jpg,histo,0.0,male,ear
HAM_0003246,ISIC_0029018,nv,0,HAM10000_images_part_1/ISIC_0029018.jpg,histo,0.0,male,ear
HAM_0002729,ISIC_0026934,nv,0,HAM10000_images_part_1/ISIC_0026934.jpg,histo,20.0,male,foot
HAM_0002729,ISIC_0026346,nv,0,HAM10000_images_part_1/ISIC_0026346.jpg,histo,20.0,male,foot
HAM_0007448,ISIC_0032475,nv,0,HAM10000_images_part_2/ISIC_0032475.jpg,histo,50.0,male,trunk
HAM_0007448,ISIC_0032294,nv,0,HAM10000_images_part_2/ISIC_0032294.jpg,histo,50.0,male,trunk
HAM_0004886,ISIC_0029214,nv,0,HAM10000_images_part_1/ISIC_0029214.jpg,histo,45.0,female,back
HAM_0004886,ISIC_0027112,nv,0,HAM10000_images_part_1/ISIC_0027112.jpg,histo,45.0,female,back
HAM_0003155,ISIC_0028247,nv,0,HAM10000_images_part_1/ISIC_0028247.jpg,histo,25.0,male,upper extremity
HAM_0003155,ISIC_0028988,nv,0,HAM10000_images_part_1/ISIC_0028988.jpg,histo,25.0,male,upper extremity
HAM_0007112,ISIC_0027757,nv,0,HAM10000_images_part_1/ISIC_0027757.jpg,histo,10.0,female,back
HAM_0007112,ISIC_0026819,nv,0,HAM10000_images_part_1/ISIC_0026819.jpg,histo,10.0,female,back
HAM_0006032,ISIC_0028791,nv,0,HAM10000_images_part_1/ISIC_0028791.jpg,histo,30.0,male,lower extremity
HAM_0006032,ISIC_0027501,nv,0,HAM10000_images_part_1/ISIC_0027501.jpg,histo,30.0,male,lower extremity
HAM_0000965,ISIC_0029190,nv,0,HAM10000_images_part_1/ISIC_0029190.jpg,histo,45.0,female,back
HAM_0000965,ISIC_0027855,nv,0,HAM10000_images_part_1/ISIC_0027855.jpg,histo,45.0,female,back
HAM_0003277,ISIC_0026730,nv,0,HAM10000_images_part_1/ISIC_0026730.jpg,histo,30.0,male,upper extremity
HAM_0003277,ISIC_0026890,nv,0,HAM10000_images_part_1/ISIC_0026890.jpg,histo,30.0,male,upper extremity
HAM_0007255,ISIC_0026519,nv,0,HAM10000_images_part_1/ISIC_0026519.jpg,histo,40.0,male,lower extremity
HAM_0007255,ISIC_0030672,nv,0,HAM10000_images_part_2/ISIC_0030672.jpg,histo,40.0,male,lower extremity
HAM_0007003,ISIC_0032363,nv,0,HAM10000_images_part_2/ISIC_0032363.jpg,histo,20.0,female,lower extremity
HAM_0007003,ISIC_0025638,nv,0,HAM10000_images_part_1/ISIC_0025638.jpg,histo,20.0,female,lower extremity
HAM_0003303,ISIC_0030980,nv,0,HAM10000_images_part_2/ISIC_0030980.jpg,histo,20.0,male,back
HAM_0003303,ISIC_0024597,nv,0,HAM10000_images_part_1/ISIC_0024597.jpg,histo,20.0,male,back
HAM_0000854,ISIC_0029534,nv,0,HAM10000_images_part_2/ISIC_0029534.jpg,histo,65.0,male,face
HAM_0007311,ISIC_0030640,nv,0,HAM10000_images_part_2/ISIC_0030640.jpg,histo,45.0,male,face
HAM_0007311,ISIC_0026367,nv,0,HAM10000_images_part_1/ISIC_0026367.jpg,histo,45.0,male,face
HAM_0006439,ISIC_0028423,nv,0,HAM10000_images_part_1/ISIC_0028423.jpg,histo,30.0,female,neck
HAM_0006439,ISIC_0025621,nv,0,HAM10000_images_part_1/ISIC_0025621.jpg,histo,30.0,female,neck
HAM_0000892,ISIC_0024594,nv,0,HAM10000_images_part_1/ISIC_0024594.jpg,histo,40.0,male,trunk
HAM_0000892,ISIC_0029845,nv,0,HAM10000_images_part_2/ISIC_0029845.jpg,histo,40.0,male,trunk
HAM_0000174,ISIC_0032376,nv,0,HAM10000_images_part_2/ISIC_0032376.jpg,histo,55.0,male,face
HAM_0000174,ISIC_0031091,nv,0,HAM10000_images_part_2/ISIC_0031091.jpg,histo,55.0,male,face
HAM_0001684,ISIC_0028576,nv,0,HAM10000_images_part_1/ISIC_0028576.jpg,histo,30.0,female,trunk
HAM_0001684,ISIC_0029790,nv,0,HAM10000_images_part_2/ISIC_0029790.jpg,histo,30.0,female,trunk
HAM_0002698,ISIC_0032023,nv,0,HAM10000_images_part_2/ISIC_0032023.jpg,histo,55.0,female,foot
HAM_0002698,ISIC_0031247,nv,0,HAM10000_images_part_2/ISIC_0031247.jpg,histo,55.0,female,foot
HAM_0004997,ISIC_0027305,nv,0,HAM10000_images_part_1/ISIC_0027305.jpg,histo,35.0,male,back
HAM_0004997,ISIC_0027718,nv,0,HAM10000_images_part_1/ISIC_0027718.jpg,histo,35.0,male,back
HAM_0001141,ISIC_0028918,nv,0,HAM10000_images_part_1/ISIC_0028918.jpg,histo,25.0,male,back
HAM_0001141,ISIC_0030697,nv,0,HAM10000_images_part_2/ISIC_0030697.jpg,histo,25.0,male,back
HAM_0005360,ISIC_0027264,nv,0,HAM10000_images_part_1/ISIC_0027264.jpg,histo,50.0,female,upper extremity
HAM_0005360,ISIC_0028413,nv,0,HAM10000_images_part_1/ISIC_0028413.jpg,histo,50.0,female,upper extremity
HAM_0000028,ISIC_0026012,nv,0,HAM10000_images_part_1/ISIC_0026012.jpg,histo,35.0,female,back
HAM_0000028,ISIC_0029752,nv,0,HAM10000_images_part_2/ISIC_0029752.jpg,histo,35.0,female,back
HAM_0004380,ISIC_0026251,nv,0,HAM10000_images_part_1/ISIC_0026251.jpg,histo,30.0,female,face
HAM_0004380,ISIC_0029072,nv,0,HAM10000_images_part_1/ISIC_0029072.jpg,histo,30.0,female,face
HAM_0003230,ISIC_0027839,nv,0,HAM10000_images_part_1/ISIC_0027839.jpg,histo,45.0,male,abdomen
HAM_0003230,ISIC_0027640,nv,0,HAM10000_images_part_1/ISIC_0027640.jpg,histo,45.0,male,abdomen
HAM_0000977,ISIC_0024842,nv,0,HAM10000_images_part_1/ISIC_0024842.jpg,histo,45.0,male,abdomen
HAM_0000977,ISIC_0028803,nv,0,HAM10000_images_part_1/ISIC_0028803.jpg,histo,45.0,male,abdomen
HAM_0004524,ISIC_0027406,nv,0,HAM10000_images_part_1/ISIC_0027406.jpg,histo,75.0,female,upper extremity
HAM_0004524,ISIC_0030273,nv,0,HAM10000_images_part_2/ISIC_0030273.jpg,histo,75.0,female,upper extremity
HAM_0001100,ISIC_0032209,nv,0,HAM10000_images_part_2/ISIC_0032209.jpg,histo,55.0,male,chest
HAM_0001100,ISIC_0028194,nv,0,HAM10000_images_part_1/ISIC_0028194.jpg,histo,55.0,male,chest
HAM_0000930,ISIC_0027848,nv,0,HAM10000_images_part_1/ISIC_0027848.jpg,histo,35.0,female,back
HAM_0000930,ISIC_0028971,nv,0,HAM10000_images_part_1/ISIC_0028971.jpg,histo,35.0,female,back
HAM_0004267,ISIC_0031145,nv,0,HAM10000_images_part_2/ISIC_0031145.jpg,histo,45.0,female,lower extremity
HAM_0004267,ISIC_0028430,nv,0,HAM10000_images_part_1/ISIC_0028430.jpg,histo,45.0,female,lower extremity
HAM_0000947,ISIC_0024642,nv,0,HAM10000_images_part_1/ISIC_0024642.jpg,histo,55.0,female,abdomen
HAM_0000947,ISIC_0025959,nv,0,HAM10000_images_part_1/ISIC_0025959.jpg,histo,55.0,female,abdomen
HAM_0002552,ISIC_0032985,mel,1,HAM10000_images_part_2/ISIC_0032985.jpg,histo,25.0,male,upper extremity
HAM_0003091,ISIC_0027235,nv,0,HAM10000_images_part_1/ISIC_0027235.jpg,histo,25.0,female,unknown
HAM_0003091,ISIC_0027152,nv,0,HAM10000_images_part_1/ISIC_0027152.jpg,histo,25.0,female,unknown
HAM_0002120,ISIC_0029735,nv,0,HAM10000_images_part_2/ISIC_0029735.jpg,histo,50.0,male,chest
HAM_0002120,ISIC_0028010,nv,0,HAM10000_images_part_1/ISIC_0028010.jpg,histo,50.0,male,chest
HAM_0000900,ISIC_0026666,nv,0,HAM10000_images_part_1/ISIC_0026666.jpg,histo,25.0,female,back
HAM_0000900,ISIC_0026552,nv,0,HAM10000_images_part_1/ISIC_0026552.jpg,histo,25.0,female,back
HAM_0004763,ISIC_0029985,nv,0,HAM10000_images_part_2/ISIC_0029985.jpg,histo,55.0,female,scalp
HAM_0004763,ISIC_0024891,nv,0,HAM10000_images_part_1/ISIC_0024891.jpg,histo,55.0,female,scalp
HAM_0000072,ISIC_0028461,nv,0,HAM10000_images_part_1/ISIC_0028461.jpg,histo,60.0,female,lower extremity
HAM_0000072,ISIC_0031474,nv,0,HAM10000_images_part_2/ISIC_0031474.jpg,histo,60.0,female,lower extremity
HAM_0003692,ISIC_0029719,nv,0,HAM10000_images_part_2/ISIC_0029719.jpg,histo,45.0,female,back
HAM_0003692,ISIC_0027684,nv,0,HAM10000_images_part_1/ISIC_0027684.jpg,histo,45.0,female,back
HAM_0004318,ISIC_0032158,nv,0,HAM10000_images_part_2/ISIC_0032158.jpg,histo,45.0,female,back
HAM_0004318,ISIC_0031678,nv,0,HAM10000_images_part_2/ISIC_0031678.jpg,histo,45.0,female,back
HAM_0007123,ISIC_0025672,nv,0,HAM10000_images_part_1/ISIC_0025672.jpg,histo,70.0,male,hand
HAM_0007123,ISIC_0030664,nv,0,HAM10000_images_part_2/ISIC_0030664.jpg,histo,70.0,male,hand
HAM_0005237,ISIC_0031733,nv,0,HAM10000_images_part_2/ISIC_0031733.jpg,histo,70.0,male,hand
HAM_0005237,ISIC_0027240,nv,0,HAM10000_images_part_1/ISIC_0027240.jpg,histo,70.0,male,hand
HAM_0001813,ISIC_0030858,nv,0,HAM10000_images_part_2/ISIC_0030858.jpg,histo,60.0,male,trunk
HAM_0001813,ISIC_0030609,nv,0,HAM10000_images_part_2/ISIC_0030609.jpg,histo,60.0,male,trunk
HAM_0006457,ISIC_0027987,nv,0,HAM10000_images_part_1/ISIC_0027987.jpg,histo,40.0,male,lower extremity
HAM_0006457,ISIC_0032257,nv,0,HAM10000_images_part_2/ISIC_0032257.jpg,histo,40.0,male,lower extremity
HAM_0002198,ISIC_0024314,nv,0,HAM10000_images_part_1/ISIC_0024314.jpg,histo,75.0,male,lower extremity
HAM_0002198,ISIC_0026722,nv,0,HAM10000_images_part_1/ISIC_0026722.jpg,histo,75.0,male,lower extremity
HAM_0002946,ISIC_0031663,nv,0,HAM10000_images_part_2/ISIC_0031663.jpg,histo,40.0,female,abdomen
HAM_0002946,ISIC_0031883,nv,0,HAM10000_images_part_2/ISIC_0031883.jpg,histo,40.0,female,abdomen
HAM_0003848,ISIC_0027077,nv,0,HAM10000_images_part_1/ISIC_0027077.jpg,histo,55.0,female,abdomen
HAM_0003848,ISIC_0032096,nv,0,HAM10000_images_part_2/ISIC_0032096.jpg,histo,55.0,female,abdomen
HAM_0001342,ISIC_0029366,nv,0,HAM10000_images_part_2/ISIC_0029366.jpg,histo,55.0,female,abdomen
HAM_0001342,ISIC_0032378,nv,0,HAM10000_images_part_2/ISIC_0032378.jpg,histo,55.0,female,abdomen
HAM_0005937,ISIC_0027679,nv,0,HAM10000_images_part_1/ISIC_0027679.jpg,histo,35.0,male,foot
HAM_0002670,ISIC_0030426,nv,0,HAM10000_images_part_2/ISIC_0030426.jpg,histo,75.0,male,back
HAM_0002670,ISIC_0027734,nv,0,HAM10000_images_part_1/ISIC_0027734.jpg,histo,75.0,male,back
HAM_0000682,ISIC_0030786,nv,0,HAM10000_images_part_2/ISIC_0030786.jpg,histo,45.0,male,upper extremity
HAM_0002314,ISIC_0027662,nv,0,HAM10000_images_part_1/ISIC_0027662.jpg,histo,15.0,male,upper extremity
HAM_0003221,ISIC_0029104,nv,0,HAM10000_images_part_1/ISIC_0029104.jpg,histo,40.0,female,lower extremity
HAM_0003221,ISIC_0030520,nv,0,HAM10000_images_part_2/ISIC_0030520.jpg,histo,40.0,female,lower extremity
HAM_0003221,ISIC_0032341,nv,0,HAM10000_images_part_2/ISIC_0032341.jpg,histo,40.0,female,lower extremity
HAM_0003221,ISIC_0029756,nv,0,HAM10000_images_part_2/ISIC_0029756.jpg,histo,40.0,female,lower extremity
HAM_0002489,ISIC_0030874,nv,0,HAM10000_images_part_2/ISIC_0030874.jpg,histo,45.0,female,hand
HAM_0002489,ISIC_0031629,nv,0,HAM10000_images_part_2/ISIC_0031629.jpg,histo,45.0,female,hand
HAM_0006108,ISIC_0027284,nv,0,HAM10000_images_part_1/ISIC_0027284.jpg,histo,15.0,male,neck
HAM_0006108,ISIC_0024697,nv,0,HAM10000_images_part_1/ISIC_0024697.jpg,histo,15.0,male,neck
HAM_0004575,ISIC_0029389,nv,0,HAM10000_images_part_2/ISIC_0029389.jpg,histo,50.0,female,ear
HAM_0004575,ISIC_0024789,nv,0,HAM10000_images_part_1/ISIC_0024789.jpg,histo,50.0,female,ear
HAM_0003327,ISIC_0029430,nv,0,HAM10000_images_part_2/ISIC_0029430.jpg,histo,45.0,male,upper extremity
HAM_0003327,ISIC_0027312,nv,0,HAM10000_images_part_1/ISIC_0027312.jpg,histo,45.0,male,upper extremity
HAM_0006853,ISIC_0031143,nv,0,HAM10000_images_part_2/ISIC_0031143.jpg,histo,50.0,male,lower extremity
HAM_0006853,ISIC_0031863,nv,0,HAM10000_images_part_2/ISIC_0031863.jpg,histo,50.0,male,lower extremity
HAM_0003933,ISIC_0031515,nv,0,HAM10000_images_part_2/ISIC_0031515.jpg,histo,55.0,female,upper extremity
HAM_0003933,ISIC_0029854,nv,0,HAM10000_images_part_2/ISIC_0029854.jpg,histo,55.0,female,upper extremity
HAM_0001542,ISIC_0026874,nv,0,HAM10000_images_part_1/ISIC_0026874.jpg,histo,80.0,male,lower extremity
HAM_0004747,ISIC_0031705,nv,0,HAM10000_images_part_2/ISIC_0031705.jpg,histo,55.0,female,unknown
HAM_0004747,ISIC_0031435,nv,0,HAM10000_images_part_2/ISIC_0031435.jpg,histo,55.0,female,unknown
HAM_0006735,ISIC_0029615,nv,0,HAM10000_images_part_2/ISIC_0029615.jpg,histo,35.0,male,back
HAM_0006735,ISIC_0030432,nv,0,HAM10000_images_part_2/ISIC_0030432.jpg,histo,35.0,male,back
HAM_0005447,ISIC_0027427,nv,0,HAM10000_images_part_1/ISIC_0027427.jpg,histo,70.0,male,back
HAM_0005447,ISIC_0026389,nv,0,HAM10000_images_part_1/ISIC_0026389.jpg,histo,70.0,male,back
HAM_0005609,ISIC_0025847,nv,0,HAM10000_images_part_1/ISIC_0025847.jpg,histo,40.0,female,back
HAM_0005609,ISIC_0025958,nv,0,HAM10000_images_part_1/ISIC_0025958.jpg,histo,40.0,female,back
HAM_0006030,ISIC_0031142,nv,0,HAM10000_images_part_2/ISIC_0031142.jpg,histo,25.0,male,face
HAM_0006030,ISIC_0024618,nv,0,HAM10000_images_part_1/ISIC_0024618.jpg,histo,25.0,male,face
HAM_0002159,ISIC_0031059,nv,0,HAM10000_images_part_2/ISIC_0031059.jpg,histo,0.0,male,foot
HAM_0002159,ISIC_0030355,nv,0,HAM10000_images_part_2/ISIC_0030355.jpg,histo,0.0,male,foot
HAM_0003912,ISIC_0028367,nv,0,HAM10000_images_part_1/ISIC_0028367.jpg,histo,35.0,female,abdomen
HAM_0003912,ISIC_0030741,nv,0,HAM10000_images_part_2/ISIC_0030741.jpg,histo,35.0,female,abdomen
HAM_0000837,ISIC_0024986,nv,0,HAM10000_images_part_1/ISIC_0024986.jpg,histo,35.0,female,abdomen
HAM_0000837,ISIC_0031555,nv,0,HAM10000_images_part_2/ISIC_0031555.jpg,histo,35.0,female,abdomen
HAM_0001316,ISIC_0031660,nv,0,HAM10000_images_part_2/ISIC_0031660.jpg,histo,45.0,male,back
HAM_0004418,ISIC_0031293,nv,0,HAM10000_images_part_2/ISIC_0031293.jpg,histo,30.0,male,back
HAM_0004418,ISIC_0026376,nv,0,HAM10000_images_part_1/ISIC_0026376.jpg,histo,30.0,male,back
HAM_0004663,ISIC_0031560,nv,0,HAM10000_images_part_2/ISIC_0031560.jpg,histo,55.0,male,upper extremity
HAM_0004663,ISIC_0025809,nv,0,HAM10000_images_part_1/ISIC_0025809.jpg,histo,55.0,male,upper extremity
HAM_0003684,ISIC_0031646,nv,0,HAM10000_images_part_2/ISIC_0031646.jpg,histo,75.0,male,face
HAM_0003684,ISIC_0031385,nv,0,HAM10000_images_part_2/ISIC_0031385.jpg,histo,75.0,male,face
HAM_0007189,ISIC_0027878,nv,0,HAM10000_images_part_1/ISIC_0027878.jpg,histo,40.0,female,trunk
HAM_0007189,ISIC_0032055,nv,0,HAM10000_images_part_2/ISIC_0032055.jpg,histo,40.0,female,trunk
HAM_0006389,ISIC_0027738,nv,0,HAM10000_images_part_1/ISIC_0027738.jpg,histo,70.0,male,back
HAM_0006389,ISIC_0031518,nv,0,HAM10000_images_part_2/ISIC_0031518.jpg,histo,70.0,male,back
HAM_0004699,ISIC_0027497,nv,0,HAM10000_images_part_1/ISIC_0027497.jpg,histo,10.0,female,hand
HAM_0004699,ISIC_0028255,nv,0,HAM10000_images_part_1/ISIC_0028255.jpg,histo,10.0,female,hand
HAM_0007464,ISIC_0028371,nv,0,HAM10000_images_part_1/ISIC_0028371.jpg,histo,50.0,male,back
HAM_0007464,ISIC_0030063,nv,0,HAM10000_images_part_2/ISIC_0030063.jpg,histo,50.0,male,back
HAM_0006397,ISIC_0029475,nv,0,HAM10000_images_part_2/ISIC_0029475.jpg,histo,70.0,male,back
HAM_0006397,ISIC_0029894,nv,0,HAM10000_images_part_2/ISIC_0029894.jpg,histo,70.0,male,back
HAM_0001580,ISIC_0024378,nv,0,HAM10000_images_part_1/ISIC_0024378.jpg,histo,5.0,male,face
HAM_0003583,ISIC_0026501,nv,0,HAM10000_images_part_1/ISIC_0026501.jpg,histo,40.0,female,face
HAM_0003583,ISIC_0026006,nv,0,HAM10000_images_part_1/ISIC_0026006.jpg,histo,40.0,female,face
HAM_0006048,ISIC_0030064,nv,0,HAM10000_images_part_2/ISIC_0030064.jpg,histo,25.0,male,abdomen
HAM_0004461,ISIC_0031817,nv,0,HAM10000_images_part_2/ISIC_0031817.jpg,histo,20.0,female,lower extremity
HAM_0004461,ISIC_0032421,nv,0,HAM10000_images_part_2/ISIC_0032421.jpg,histo,20.0,female,lower extremity
HAM_0003677,ISIC_0029409,nv,0,HAM10000_images_part_2/ISIC_0029409.jpg,histo,55.0,male,upper extremity
HAM_0003677,ISIC_0032364,nv,0,HAM10000_images_part_2/ISIC_0032364.jpg,histo,55.0,male,upper extremity
HAM_0006974,ISIC_0026541,nv,0,HAM10000_images_part_1/ISIC_0026541.jpg,histo,45.0,male,abdomen
HAM_0006974,ISIC_0031281,nv,0,HAM10000_images_part_2/ISIC_0031281.jpg,histo,45.0,male,abdomen
HAM_0005859,ISIC_0030829,nv,0,HAM10000_images_part_2/ISIC_0030829.jpg,histo,35.0,female,trunk
HAM_0005859,ISIC_0025367,nv,0,HAM10000_images_part_1/ISIC_0025367.jpg,histo,35.0,female,trunk
HAM_0003475,ISIC_0030688,nv,0,HAM10000_images_part_2/ISIC_0030688.jpg,histo,70.0,male,back
HAM_0003475,ISIC_0029825,nv,0,HAM10000_images_part_2/ISIC_0029825.jpg,histo,70.0,male,back
HAM_0002715,ISIC_0028373,nv,0,HAM10000_images_part_1/ISIC_0028373.jpg,histo,70.0,male,back
HAM_0002715,ISIC_0024714,nv,0,HAM10000_images_part_1/ISIC_0024714.jpg,histo,70.0,male,back
HAM_0002097,ISIC_0028636,nv,0,HAM10000_images_part_1/ISIC_0028636.jpg,histo,20.0,female,abdomen
HAM_0002097,ISIC_0025687,nv,0,HAM10000_images_part_1/ISIC_0025687.jpg,histo,20.0,female,abdomen
HAM_0003627,ISIC_0024855,nv,0,HAM10000_images_part_1/ISIC_0024855.jpg,histo,30.0,female,back
HAM_0003627,ISIC_0026497,nv,0,HAM10000_images_part_1/ISIC_0026497.jpg,histo,30.0,female,back
HAM_0001088,ISIC_0031959,nv,0,HAM10000_images_part_2/ISIC_0031959.jpg,histo,45.0,female,upper extremity
HAM_0001088,ISIC_0032078,nv,0,HAM10000_images_part_2/ISIC_0032078.jpg,histo,45.0,female,upper extremity
HAM_0004546,ISIC_0027812,nv,0,HAM10000_images_part_1/ISIC_0027812.jpg,histo,45.0,female,upper extremity
HAM_0004546,ISIC_0026561,nv,0,HAM10000_images_part_1/ISIC_0026561.jpg,histo,45.0,female,upper extremity
HAM_0005484,ISIC_0032443,nv,0,HAM10000_images_part_2/ISIC_0032443.jpg,histo,35.0,male,abdomen
HAM_0001696,ISIC_0027408,nv,0,HAM10000_images_part_1/ISIC_0027408.jpg,histo,80.0,male,back
HAM_0001696,ISIC_0030460,nv,0,HAM10000_images_part_2/ISIC_0030460.jpg,histo,80.0,male,back
HAM_0001712,ISIC_0030793,nv,0,HAM10000_images_part_2/ISIC_0030793.jpg,histo,45.0,male,foot
HAM_0001712,ISIC_0031221,nv,0,HAM10000_images_part_2/ISIC_0031221.jpg,histo,45.0,male,foot
HAM_0004869,ISIC_0025370,nv,0,HAM10000_images_part_1/ISIC_0025370.jpg,histo,15.0,female,lower extremity
HAM_0005227,ISIC_0027768,nv,0,HAM10000_images_part_1/ISIC_0027768.jpg,histo,75.0,male,face
HAM_0005227,ISIC_0027410,nv,0,HAM10000_images_part_1/ISIC_0027410.jpg,histo,75.0,male,face
HAM_0000589,ISIC_0030194,nv,0,HAM10000_images_part_2/ISIC_0030194.jpg,histo,15.0,female,neck
HAM_0000589,ISIC_0027103,nv,0,HAM10000_images_part_1/ISIC_0027103.jpg,histo,15.0,female,neck
HAM_0006484,ISIC_0028527,nv,0,HAM10000_images_part_1/ISIC_0028527.jpg,histo,55.0,female,upper extremity
HAM_0006484,ISIC_0027244,nv,0,HAM10000_images_part_1/ISIC_0027244.jpg,histo,55.0,female,upper extremity
HAM_0007295,ISIC_0031380,nv,0,HAM10000_images_part_2/ISIC_0031380.jpg,histo,60.0,female,chest
HAM_0007419,ISIC_0029543,nv,0,HAM10000_images_part_2/ISIC_0029543.jpg,histo,85.0,female,lower extremity
HAM_0001975,ISIC_0030930,nv,0,HAM10000_images_part_2/ISIC_0030930.jpg,histo,30.0,female,upper extremity
HAM_0001975,ISIC_0028488,nv,0,HAM10000_images_part_1/ISIC_0028488.jpg,histo,30.0,female,upper extremity
HAM_0004156,ISIC_0025863,nv,0,HAM10000_images_part_1/ISIC_0025863.jpg,histo,65.0,female,lower extremity
HAM_0004156,ISIC_0024387,nv,0,HAM10000_images_part_1/ISIC_0024387.jpg,histo,65.0,female,lower extremity
HAM_0007373,ISIC_0024869,nv,0,HAM10000_images_part_1/ISIC_0024869.jpg,histo,45.0,male,back
HAM_0007373,ISIC_0024723,nv,0,HAM10000_images_part_1/ISIC_0024723.jpg,histo,45.0,male,back
HAM_0004724,ISIC_0029725,nv,0,HAM10000_images_part_2/ISIC_0029725.jpg,histo,55.0,male,back
HAM_0004724,ISIC_0024924,nv,0,HAM10000_images_part_1/ISIC_0024924.jpg,histo,55.0,male,back
HAM_0005056,ISIC_0031094,nv,0,HAM10000_images_part_2/ISIC_0031094.jpg,histo,55.0,male,upper extremity
HAM_0005056,ISIC_0032345,nv,0,HAM10000_images_part_2/ISIC_0032345.jpg,histo,55.0,male,upper extremity
HAM_0007553,ISIC_0031676,nv,0,HAM10000_images_part_2/ISIC_0031676.jpg,histo,40.0,male,back
HAM_0007553,ISIC_0032151,nv,0,HAM10000_images_part_2/ISIC_0032151.jpg,histo,40.0,male,back
HAM_0001623,ISIC_0029488,nv,0,HAM10000_images_part_2/ISIC_0029488.jpg,histo,85.0,female,unknown
HAM_0001623,ISIC_0027099,nv,0,HAM10000_images_part_1/ISIC_0027099.jpg,histo,85.0,female,unknown
HAM_0001604,ISIC_0025458,nv,0,HAM10000_images_part_1/ISIC_0025458.jpg,histo,45.0,female,lower extremity
HAM_0001604,ISIC_0024664,nv,0,HAM10000_images_part_1/ISIC_0024664.jpg,histo,45.0,female,lower extremity
HAM_0001680,ISIC_0026303,nv,0,HAM10000_images_part_1/ISIC_0026303.jpg,histo,55.0,male,lower extremity
HAM_0001680,ISIC_0030125,nv,0,HAM10000_images_part_2/ISIC_0030125.jpg,histo,55.0,male,lower extremity
HAM_0006618,ISIC_0028804,nv,0,HAM10000_images_part_1/ISIC_0028804.jpg,histo,75.0,female,ear
HAM_0006618,ISIC_0032191,nv,0,HAM10000_images_part_2/ISIC_0032191.jpg,histo,75.0,female,ear
HAM_0006303,ISIC_0026911,nv,0,HAM10000_images_part_1/ISIC_0026911.jpg,histo,55.0,male,abdomen
HAM_0006303,ISIC_0030464,nv,0,HAM10000_images_part_2/ISIC_0030464.jpg,histo,55.0,male,abdomen
HAM_0002575,ISIC_0028015,nv,0,HAM10000_images_part_1/ISIC_0028015.jpg,histo,55.0,female,back
HAM_0002575,ISIC_0026781,nv,0,HAM10000_images_part_1/ISIC_0026781.jpg,histo,55.0,female,back
HAM_0000928,ISIC_0026777,nv,0,HAM10000_images_part_1/ISIC_0026777.jpg,histo,45.0,female,abdomen
HAM_0000928,ISIC_0031268,nv,0,HAM10000_images_part_2/ISIC_0031268.jpg,histo,45.0,female,abdomen
HAM_0001971,ISIC_0025327,nv,0,HAM10000_images_part_1/ISIC_0025327.jpg,histo,50.0,male,back
HAM_0001971,ISIC_0026839,nv,0,HAM10000_images_part_1/ISIC_0026839.jpg,histo,50.0,male,back
HAM_0007579,ISIC_0029402,nv,0,HAM10000_images_part_2/ISIC_0029402.jpg,histo,30.0,male,lower extremity
HAM_0007579,ISIC_0027571,nv,0,HAM10000_images_part_1/ISIC_0027571.jpg,histo,30.0,male,lower extremity
HAM_0001767,ISIC_0025812,nv,0,HAM10000_images_part_1/ISIC_0025812.jpg,histo,50.0,female,lower extremity
HAM_0001767,ISIC_0029357,nv,0,HAM10000_images_part_2/ISIC_0029357.jpg,histo,50.0,female,lower extremity
HAM_0002484,ISIC_0029846,nv,0,HAM10000_images_part_2/ISIC_0029846.jpg,histo,30.0,male,upper extremity
HAM_0002484,ISIC_0029194,nv,0,HAM10000_images_part_1/ISIC_0029194.jpg,histo,30.0,male,upper extremity
HAM_0007425,ISIC_0025823,nv,0,HAM10000_images_part_1/ISIC_0025823.jpg,histo,15.0,female,foot
HAM_0007425,ISIC_0027458,nv,0,HAM10000_images_part_1/ISIC_0027458.jpg,histo,15.0,female,foot
HAM_0002067,ISIC_0025094,nv,0,HAM10000_images_part_1/ISIC_0025094.jpg,histo,50.0,male,neck
HAM_0002067,ISIC_0026421,nv,0,HAM10000_images_part_1/ISIC_0026421.jpg,histo,50.0,male,neck
HAM_0005519,ISIC_0026215,nv,0,HAM10000_images_part_1/ISIC_0026215.jpg,histo,55.0,female,upper extremity
HAM_0005519,ISIC_0032029,nv,0,HAM10000_images_part_2/ISIC_0032029.jpg,histo,55.0,female,upper extremity
HAM_0003653,ISIC_0028534,nv,0,HAM10000_images_part_1/ISIC_0028534.jpg,histo,45.0,male,back
HAM_0003653,ISIC_0030139,nv,0,HAM10000_images_part_2/ISIC_0030139.jpg,histo,45.0,male,back
HAM_0006145,ISIC_0031713,nv,0,HAM10000_images_part_2/ISIC_0031713.jpg,histo,60.0,female,back
HAM_0006145,ISIC_0032027,nv,0,HAM10000_images_part_2/ISIC_0032027.jpg,histo,60.0,female,back
HAM_0002323,ISIC_0029976,nv,0,HAM10000_images_part_2/ISIC_0029976.jpg,histo,45.0,male,back
HAM_0002323,ISIC_0031001,nv,0,HAM10000_images_part_2/ISIC_0031001.jpg,histo,45.0,male,back
HAM_0007548,ISIC_0030406,nv,0,HAM10000_images_part_2/ISIC_0030406.jpg,histo,45.0,male,foot
HAM_0007548,ISIC_0026633,nv,0,HAM10000_images_part_1/ISIC_0026633.jpg,histo,45.0,male,foot
HAM_0001968,ISIC_0027421,nv,0,HAM10000_images_part_1/ISIC_0027421.jpg,histo,35.0,male,scalp
HAM_0001968,ISIC_0028222,nv,0,HAM10000_images_part_1/ISIC_0028222.jpg,histo,35.0,male,scalp
HAM_0006629,ISIC_0027086,nv,0,HAM10000_images_part_1/ISIC_0027086.jpg,histo,40.0,female,upper extremity
HAM_0006629,ISIC_0025689,nv,0,HAM10000_images_part_1/ISIC_0025689.jpg,histo,40.0,female,upper extremity
HAM_0006605,ISIC_0026055,nv,0,HAM10000_images_part_1/ISIC_0026055.jpg,histo,50.0,female,neck
HAM_0006605,ISIC_0027645,nv,0,HAM10000_images_part_1/ISIC_0027645.jpg,histo,50.0,female,neck
HAM_0003175,ISIC_0030979,nv,0,HAM10000_images_part_2/ISIC_0030979.jpg,histo,5.0,male,lower extremity
HAM_0003175,ISIC_0028145,nv,0,HAM10000_images_part_1/ISIC_0028145.jpg,histo,5.0,male,lower extremity
HAM_0006837,ISIC_0031674,nv,0,HAM10000_images_part_2/ISIC_0031674.jpg,histo,40.0,male,scalp
HAM_0006837,ISIC_0025834,nv,0,HAM10000_images_part_1/ISIC_0025834.jpg,histo,40.0,male,scalp
HAM_0003299,ISIC_0026237,nv,0,HAM10000_images_part_1/ISIC_0026237.jpg,histo,25.0,female,foot
HAM_0003299,ISIC_0025547,nv,0,HAM10000_images_part_1/ISIC_0025547.jpg,histo,25.0,female,foot
HAM_0005561,ISIC_0028961,nv,0,HAM10000_images_part_1/ISIC_0028961.jpg,histo,30.0,female,abdomen
HAM_0005561,ISIC_0031080,nv,0,HAM10000_images_part_2/ISIC_0031080.jpg,histo,30.0,female,abdomen
HAM_0006856,ISIC_0025909,nv,0,HAM10000_images_part_1/ISIC_0025909.jpg,histo,35.0,male,chest
HAM_0006856,ISIC_0028831,nv,0,HAM10000_images_part_1/ISIC_0028831.jpg,histo,35.0,male,chest
HAM_0003892,ISIC_0028045,nv,0,HAM10000_images_part_1/ISIC_0028045.jpg,histo,25.0,female,lower extremity
HAM_0000261,ISIC_0030053,nv,0,HAM10000_images_part_2/ISIC_0030053.jpg,histo,65.0,female,upper extremity
HAM_0000261,ISIC_0026743,nv,0,HAM10000_images_part_1/ISIC_0026743.jpg,histo,65.0,female,upper extremity
HAM_0002176,ISIC_0026341,nv,0,HAM10000_images_part_1/ISIC_0026341.jpg,histo,40.0,male,upper extremity
HAM_0002176,ISIC_0027697,nv,0,HAM10000_images_part_1/ISIC_0027697.jpg,histo,40.0,male,upper extremity
HAM_0007249,ISIC_0025789,nv,0,HAM10000_images_part_1/ISIC_0025789.jpg,histo,65.0,female,back
HAM_0007249,ISIC_0028509,nv,0,HAM10000_images_part_1/ISIC_0028509.jpg,histo,65.0,female,back
HAM_0006062,ISIC_0029435,nv,0,HAM10000_images_part_2/ISIC_0029435.jpg,histo,30.0,female,back
HAM_0001497,ISIC_0026608,nv,0,HAM10000_images_part_1/ISIC_0026608.jpg,histo,50.0,male,upper extremity
HAM_0001497,ISIC_0030334,nv,0,HAM10000_images_part_2/ISIC_0030334.jpg,histo,50.0,male,upper extremity
HAM_0002231,ISIC_0028235,nv,0,HAM10000_images_part_1/ISIC_0028235.jpg,histo,15.0,male,face
HAM_0005611,ISIC_0025850,nv,0,HAM10000_images_part_1/ISIC_0025850.jpg,histo,35.0,female,lower extremity
HAM_0005611,ISIC_0029187,nv,0,HAM10000_images_part_1/ISIC_0029187.jpg,histo,35.0,female,lower extremity
HAM_0002541,ISIC_0028098,nv,0,HAM10000_images_part_1/ISIC_0028098.jpg,histo,15.0,female,upper extremity
HAM_0006312,ISIC_0025631,nv,0,HAM10000_images_part_1/ISIC_0025631.jpg,histo,60.0,female,foot
HAM_0006312,ISIC_0031337,nv,0,HAM10000_images_part_2/ISIC_0031337.jpg,histo,60.0,female,foot
HAM_0005244,ISIC_0030473,nv,0,HAM10000_images_part_2/ISIC_0030473.jpg,histo,60.0,male,abdomen
HAM_0002658,ISIC_0025907,nv,0,HAM10000_images_part_1/ISIC_0025907.jpg,histo,55.0,male,abdomen
HAM_0002658,ISIC_0027113,nv,0,HAM10000_images_part_1/ISIC_0027113.jpg,histo,55.0,male,abdomen
HAM_0006822,ISIC_0030859,nv,0,HAM10000_images_part_2/ISIC_0030859.jpg,histo,30.0,female,lower extremity
HAM_0006822,ISIC_0030350,nv,0,HAM10000_images_part_2/ISIC_0030350.jpg,histo,30.0,female,lower extremity
HAM_0007468,ISIC_0024831,nv,0,HAM10000_images_part_1/ISIC_0024831.jpg,histo,50.0,female,upper extremity
HAM_0007468,ISIC_0026869,nv,0,HAM10000_images_part_1/ISIC_0026869.jpg,histo,50.0,female,upper extremity
HAM_0002106,ISIC_0026186,nv,0,HAM10000_images_part_1/ISIC_0026186.jpg,histo,45.0,male,foot
HAM_0002106,ISIC_0025156,nv,0,HAM10000_images_part_1/ISIC_0025156.jpg,histo,45.0,male,foot
HAM_0002100,ISIC_0031440,nv,0,HAM10000_images_part_2/ISIC_0031440.jpg,histo,55.0,male,back
HAM_0006221,ISIC_0028195,nv,0,HAM10000_images_part_1/ISIC_0028195.jpg,histo,35.0,female,upper extremity
HAM_0006221,ISIC_0025300,nv,0,HAM10000_images_part_1/ISIC_0025300.jpg,histo,35.0,female,upper extremity
HAM_0006882,ISIC_0032910,nv,0,HAM10000_images_part_2/ISIC_0032910.jpg,histo,85.0,male,foot
HAM_0003308,ISIC_0025610,nv,0,HAM10000_images_part_1/ISIC_0025610.jpg,histo,35.0,male,face
HAM_0003308,ISIC_0024615,nv,0,HAM10000_images_part_1/ISIC_0024615.jpg,histo,35.0,male,face
HAM_0003951,ISIC_0025555,nv,0,HAM10000_images_part_1/ISIC_0025555.jpg,histo,35.0,female,abdomen
HAM_0003951,ISIC_0032242,nv,0,HAM10000_images_part_2/ISIC_0032242.jpg,histo,35.0,female,abdomen
HAM_0003951,ISIC_0024317,nv,0,HAM10000_images_part_1/ISIC_0024317.jpg,histo,35.0,female,abdomen
HAM_0002703,ISIC_0025402,nv,0,HAM10000_images_part_1/ISIC_0025402.jpg,histo,70.0,male,lower extremity
HAM_0000262,ISIC_0033380,nv,0,HAM10000_images_part_2/ISIC_0033380.jpg,histo,60.0,male,abdomen
HAM_0000262,ISIC_0030326,nv,0,HAM10000_images_part_2/ISIC_0030326.jpg,histo,60.0,male,abdomen
HAM_0005143,ISIC_0030303,nv,0,HAM10000_images_part_2/ISIC_0030303.jpg,histo,40.0,male,chest
HAM_0002581,ISIC_0026544,nv,0,HAM10000_images_part_1/ISIC_0026544.jpg,histo,40.0,male,back
HAM_0002581,ISIC_0032470,nv,0,HAM10000_images_part_2/ISIC_0032470.jpg,histo,40.0,male,back
HAM_0005159,ISIC_0029826,nv,0,HAM10000_images_part_2/ISIC_0029826.jpg,histo,50.0,male,back
HAM_0005159,ISIC_0025352,nv,0,HAM10000_images_part_1/ISIC_0025352.jpg,histo,50.0,male,back
HAM_0007300,ISIC_0029179,nv,0,HAM10000_images_part_1/ISIC_0029179.jpg,histo,45.0,male,abdomen
HAM_0007300,ISIC_0025158,nv,0,HAM10000_images_part_1/ISIC_0025158.jpg,histo,45.0,male,abdomen
HAM_0007300,ISIC_0025336,nv,0,HAM10000_images_part_1/ISIC_0025336.jpg,histo,45.0,male,abdomen
HAM_0006159,ISIC_0028977,bkl,0,HAM10000_images_part_1/ISIC_0028977.jpg,consensus,50.0,female,upper extremity
HAM_0003468,ISIC_0025641,nv,0,HAM10000_images_part_1/ISIC_0025641.jpg,histo,60.0,female,lower extremity
HAM_0003156,ISIC_0026494,nv,0,HAM10000_images_part_1/ISIC_0026494.jpg,histo,75.0,female,lower extremity
HAM_0006709,ISIC_0031158,nv,0,HAM10000_images_part_2/ISIC_0031158.jpg,histo,40.0,male,back
HAM_0006155,ISIC_0029728,nv,0,HAM10000_images_part_2/ISIC_0029728.jpg,histo,35.0,female,face
HAM_0003369,ISIC_0032181,nv,0,HAM10000_images_part_2/ISIC_0032181.jpg,histo,45.0,female,trunk
HAM_0001192,ISIC_0033859,nv,0,HAM10000_images_part_2/ISIC_0033859.jpg,histo,50.0,female,foot
HAM_0001192,ISIC_0031546,nv,0,HAM10000_images_part_2/ISIC_0031546.jpg,histo,50.0,female,foot
HAM_0001757,ISIC_0025049,nv,0,HAM10000_images_part_1/ISIC_0025049.jpg,histo,65.0,male,lower extremity
HAM_0005267,ISIC_0026423,nv,0,HAM10000_images_part_1/ISIC_0026423.jpg,histo,45.0,male,abdomen
HAM_0006516,ISIC_0033423,nv,0,HAM10000_images_part_2/ISIC_0033423.jpg,histo,35.0,female,trunk
HAM_0006516,ISIC_0033846,nv,0,HAM10000_images_part_2/ISIC_0033846.jpg,histo,35.0,female,trunk
HAM_0006516,ISIC_0033315,nv,0,HAM10000_images_part_2/ISIC_0033315.jpg,histo,35.0,female,trunk
HAM_0007541,ISIC_0032691,nv,0,HAM10000_images_part_2/ISIC_0032691.jpg,histo,30.0,male,abdomen
HAM_0007541,ISIC_0032540,nv,0,HAM10000_images_part_2/ISIC_0032540.jpg,histo,30.0,male,abdomen
HAM_0007541,ISIC_0032573,nv,0,HAM10000_images_part_2/ISIC_0032573.jpg,histo,30.0,male,abdomen
HAM_0007462,ISIC_0032633,nv,0,HAM10000_images_part_2/ISIC_0032633.jpg,histo,25.0,male,neck
HAM_0007477,ISIC_0032007,nv,0,HAM10000_images_part_2/ISIC_0032007.jpg,histo,25.0,male,back
HAM_0007462,ISIC_0034298,nv,0,HAM10000_images_part_2/ISIC_0034298.jpg,histo,25.0,male,neck
HAM_0004766,ISIC_0030462,nv,0,HAM10000_images_part_2/ISIC_0030462.jpg,histo,40.0,male,trunk
HAM_0007451,ISIC_0033971,nv,0,HAM10000_images_part_2/ISIC_0033971.jpg,histo,45.0,male,lower extremity
HAM_0007451,ISIC_0032527,nv,0,HAM10000_images_part_2/ISIC_0032527.jpg,histo,45.0,male,lower extremity
HAM_0007451,ISIC_0032964,nv,0,HAM10000_images_part_2/ISIC_0032964.jpg,histo,45.0,male,lower extremity
HAM_0006080,ISIC_0033347,nv,0,HAM10000_images_part_2/ISIC_0033347.jpg,histo,40.0,male,upper extremity
HAM_0006080,ISIC_0032668,nv,0,HAM10000_images_part_2/ISIC_0032668.jpg,histo,40.0,male,upper extremity
HAM_0006080,ISIC_0032891,nv,0,HAM10000_images_part_2/ISIC_0032891.jpg,histo,40.0,male,upper extremity
HAM_0003143,ISIC_0033555,nv,0,HAM10000_images_part_2/ISIC_0033555.jpg,histo,70.0,male,back
HAM_0003143,ISIC_0033963,nv,0,HAM10000_images_part_2/ISIC_0033963.jpg,histo,70.0,male,back
HAM_0003143,ISIC_0033793,nv,0,HAM10000_images_part_2/ISIC_0033793.jpg,histo,70.0,male,back
HAM_0002363,ISIC_0033363,nv,0,HAM10000_images_part_2/ISIC_0033363.jpg,histo,50.0,male,upper extremity
HAM_0002363,ISIC_0033058,nv,0,HAM10000_images_part_2/ISIC_0033058.jpg,histo,50.0,male,upper extremity
HAM_0002363,ISIC_0032924,nv,0,HAM10000_images_part_2/ISIC_0032924.jpg,histo,50.0,male,upper extremity
HAM_0000407,ISIC_0033712,nv,0,HAM10000_images_part_2/ISIC_0033712.jpg,histo,60.0,female,upper extremity
HAM_0000407,ISIC_0032771,nv,0,HAM10000_images_part_2/ISIC_0032771.jpg,histo,60.0,female,upper extremity
HAM_0000407,ISIC_0033297,nv,0,HAM10000_images_part_2/ISIC_0033297.jpg,histo,60.0,female,upper extremity
HAM_0002616,ISIC_0032555,nv,0,HAM10000_images_part_2/ISIC_0032555.jpg,histo,55.0,female,back
HAM_0002616,ISIC_0034254,nv,0,HAM10000_images_part_2/ISIC_0034254.jpg,histo,55.0,female,back
HAM_0004708,ISIC_0033852,nv,0,HAM10000_images_part_2/ISIC_0033852.jpg,histo,45.0,male,trunk
HAM_0004708,ISIC_0033775,nv,0,HAM10000_images_part_2/ISIC_0033775.jpg,histo,45.0,male,trunk
HAM_0004708,ISIC_0033561,nv,0,HAM10000_images_part_2/ISIC_0033561.jpg,histo,45.0,male,trunk
HAM_0000801,ISIC_0025619,nv,0,HAM10000_images_part_1/ISIC_0025619.jpg,histo,20.0,female,back
HAM_0000704,ISIC_0033823,nv,0,HAM10000_images_part_2/ISIC_0033823.jpg,histo,35.0,female,trunk
HAM_0000704,ISIC_0032954,nv,0,HAM10000_images_part_2/ISIC_0032954.jpg,histo,35.0,female,trunk
HAM_0000704,ISIC_0033371,nv,0,HAM10000_images_part_2/ISIC_0033371.jpg,histo,35.0,female,trunk
HAM_0001615,ISIC_0033348,nv,0,HAM10000_images_part_2/ISIC_0033348.jpg,histo,40.0,male,lower extremity
HAM_0001615,ISIC_0033048,nv,0,HAM10000_images_part_2/ISIC_0033048.jpg,histo,40.0,male,lower extremity
HAM_0001615,ISIC_0033870,nv,0,HAM10000_images_part_2/ISIC_0033870.jpg,histo,40.0,male,lower extremity
HAM_0003505,ISIC_0033032,nv,0,HAM10000_images_part_2/ISIC_0033032.jpg,histo,40.0,male,back
HAM_0003505,ISIC_0034227,nv,0,HAM10000_images_part_2/ISIC_0034227.jpg,histo,40.0,male,back
HAM_0003505,ISIC_0033563,nv,0,HAM10000_images_part_2/ISIC_0033563.jpg,histo,40.0,male,back
HAM_0005408,ISIC_0031613,nv,0,HAM10000_images_part_2/ISIC_0031613.jpg,histo,65.0,female,lower extremity
HAM_0005048,ISIC_0029553,nv,0,HAM10000_images_part_2/ISIC_0029553.jpg,histo,35.0,male,trunk
HAM_0000304,ISIC_0033276,nv,0,HAM10000_images_part_2/ISIC_0033276.jpg,histo,45.0,female,abdomen
HAM_0000304,ISIC_0034083,nv,0,HAM10000_images_part_2/ISIC_0034083.jpg,histo,45.0,female,abdomen
HAM_0000304,ISIC_0033316,nv,0,HAM10000_images_part_2/ISIC_0033316.jpg,histo,45.0,female,abdomen
HAM_0006916,ISIC_0026618,nv,0,HAM10000_images_part_1/ISIC_0026618.jpg,histo,80.0,female,upper extremity
HAM_0006916,ISIC_0026670,nv,0,HAM10000_images_part_1/ISIC_0026670.jpg,histo,80.0,female,upper extremity
HAM_0003158,ISIC_0025456,nv,0,HAM10000_images_part_1/ISIC_0025456.jpg,histo,30.0,male,upper extremity
HAM_0003215,ISIC_0027643,nv,0,HAM10000_images_part_1/ISIC_0027643.jpg,histo,45.0,male,back
HAM_0005523,ISIC_0027087,nv,0,HAM10000_images_part_1/ISIC_0027087.jpg,histo,25.0,male,lower extremity
HAM_0000077,ISIC_0030851,nv,0,HAM10000_images_part_2/ISIC_0030851.jpg,histo,65.0,male,back
HAM_0005300,ISIC_0033767,nv,0,HAM10000_images_part_2/ISIC_0033767.jpg,histo,35.0,female,lower extremity
HAM_0005300,ISIC_0033755,nv,0,HAM10000_images_part_2/ISIC_0033755.jpg,histo,35.0,female,lower extremity
HAM_0005300,ISIC_0033625,nv,0,HAM10000_images_part_2/ISIC_0033625.jpg,histo,35.0,female,lower extremity
HAM_0007127,ISIC_0032362,nv,0,HAM10000_images_part_2/ISIC_0032362.jpg,histo,35.0,female,chest
HAM_0001790,ISIC_0032739,nv,0,HAM10000_images_part_2/ISIC_0032739.jpg,histo,70.0,male,abdomen
HAM_0001790,ISIC_0032874,nv,0,HAM10000_images_part_2/ISIC_0032874.jpg,histo,70.0,male,abdomen
HAM_0005351,ISIC_0032590,nv,0,HAM10000_images_part_2/ISIC_0032590.jpg,histo,20.0,female,lower extremity
HAM_0005351,ISIC_0033549,nv,0,HAM10000_images_part_2/ISIC_0033549.jpg,histo,20.0,female,lower extremity
HAM_0005351,ISIC_0033921,nv,0,HAM10000_images_part_2/ISIC_0033921.jpg,histo,20.0,female,lower extremity
HAM_0002136,ISIC_0033959,nv,0,HAM10000_images_part_2/ISIC_0033959.jpg,histo,75.0,male,upper extremity
HAM_0002136,ISIC_0032914,nv,0,HAM10000_images_part_2/ISIC_0032914.jpg,histo,75.0,male,upper extremity
HAM_0002136,ISIC_0033309,nv,0,HAM10000_images_part_2/ISIC_0033309.jpg,histo,75.0,male,upper extremity
HAM_0002803,ISIC_0028110,nv,0,HAM10000_images_part_1/ISIC_0028110.jpg,histo,40.0,female,back
HAM_0003462,ISIC_0025239,nv,0,HAM10000_images_part_1/ISIC_0025239.jpg,histo,30.0,female,chest
HAM_0004706,ISIC_0034234,nv,0,HAM10000_images_part_2/ISIC_0034234.jpg,histo,30.0,female,abdomen
HAM_0004706,ISIC_0033308,nv,0,HAM10000_images_part_2/ISIC_0033308.jpg,histo,30.0,female,abdomen
HAM_0004706,ISIC_0034274,nv,0,HAM10000_images_part_2/ISIC_0034274.jpg,histo,30.0,female,abdomen
HAM_0005995,ISIC_0033331,nv,0,HAM10000_images_part_2/ISIC_0033331.jpg,histo,30.0,female,lower extremity
HAM_0005995,ISIC_0034192,nv,0,HAM10000_images_part_2/ISIC_0034192.jpg,histo,30.0,female,lower extremity
HAM_0005995,ISIC_0033689,nv,0,HAM10000_images_part_2/ISIC_0033689.jpg,histo,30.0,female,lower extremity
HAM_0006810,ISIC_0030546,nv,0,HAM10000_images_part_2/ISIC_0030546.jpg,histo,20.0,female,back
HAM_0007444,ISIC_0033989,nv,0,HAM10000_images_part_2/ISIC_0033989.jpg,histo,50.0,female,lower extremity
HAM_0007444,ISIC_0032977,nv,0,HAM10000_images_part_2/ISIC_0032977.jpg,histo,50.0,female,lower extremity
HAM_0007444,ISIC_0033664,nv,0,HAM10000_images_part_2/ISIC_0033664.jpg,histo,50.0,female,lower extremity
HAM_0002923,ISIC_0033759,nv,0,HAM10000_images_part_2/ISIC_0033759.jpg,histo,40.0,male,abdomen
HAM_0002923,ISIC_0034144,nv,0,HAM10000_images_part_2/ISIC_0034144.jpg,histo,40.0,male,abdomen
HAM_0002923,ISIC_0032992,nv,0,HAM10000_images_part_2/ISIC_0032992.jpg,histo,40.0,male,abdomen
HAM_0006583,ISIC_0026177,nv,0,HAM10000_images_part_1/ISIC_0026177.jpg,histo,30.0,male,trunk
HAM_0002750,ISIC_0034136,nv,0,HAM10000_images_part_2/ISIC_0034136.jpg,histo,60.0,female,back
HAM_0002750,ISIC_0033386,nv,0,HAM10000_images_part_2/ISIC_0033386.jpg,histo,60.0,female,back
HAM_0002750,ISIC_0033003,nv,0,HAM10000_images_part_2/ISIC_0033003.jpg,histo,60.0,female,back
HAM_0002434,ISIC_0033253,nv,0,HAM10000_images_part_2/ISIC_0033253.jpg,histo,40.0,female,back
HAM_0002434,ISIC_0033974,nv,0,HAM10000_images_part_2/ISIC_0033974.jpg,histo,40.0,female,back
HAM_0002434,ISIC_0033941,nv,0,HAM10000_images_part_2/ISIC_0033941.jpg,histo,40.0,female,back
HAM_0002386,ISIC_0033919,nv,0,HAM10000_images_part_2/ISIC_0033919.jpg,histo,65.0,male,trunk
HAM_0002386,ISIC_0033640,nv,0,HAM10000_images_part_2/ISIC_0033640.jpg,histo,65.0,male,trunk
HAM_0002386,ISIC_0033927,nv,0,HAM10000_images_part_2/ISIC_0033927.jpg,histo,65.0,male,trunk
HAM_0000294,ISIC_0032664,nv,0,HAM10000_images_part_2/ISIC_0032664.jpg,histo,40.0,male,lower extremity
HAM_0000294,ISIC_0033461,nv,0,HAM10000_images_part_2/ISIC_0033461.jpg,histo,40.0,male,lower extremity
HAM_0003937,ISIC_0027250,nv,0,HAM10000_images_part_1/ISIC_0027250.jpg,histo,30.0,female,back
HAM_0003937,ISIC_0025309,nv,0,HAM10000_images_part_1/ISIC_0025309.jpg,histo,30.0,female,back
HAM_0000523,ISIC_0031694,nv,0,HAM10000_images_part_2/ISIC_0031694.jpg,histo,30.0,female,back
HAM_0000523,ISIC_0025978,nv,0,HAM10000_images_part_1/ISIC_0025978.jpg,histo,30.0,female,back
HAM_0000395,ISIC_0029656,nv,0,HAM10000_images_part_2/ISIC_0029656.jpg,histo,40.0,male,upper extremity
HAM_0000395,ISIC_0025421,nv,0,HAM10000_images_part_1/ISIC_0025421.jpg,histo,40.0,male,upper extremity
HAM_0004260,ISIC_0025786,nv,0,HAM10000_images_part_1/ISIC_0025786.jpg,histo,65.0,male,back
HAM_0004260,ISIC_0025525,nv,0,HAM10000_images_part_1/ISIC_0025525.jpg,histo,65.0,male,back
HAM_0000249,ISIC_0027847,nv,0,HAM10000_images_part_1/ISIC_0027847.jpg,histo,65.0,female,back
HAM_0000249,ISIC_0030709,nv,0,HAM10000_images_part_2/ISIC_0030709.jpg,histo,65.0,female,back
HAM_0000138,ISIC_0028780,nv,0,HAM10000_images_part_1/ISIC_0028780.jpg,histo,25.0,male,back
HAM_0000138,ISIC_0029902,nv,0,HAM10000_images_part_2/ISIC_0029902.jpg,histo,25.0,male,back
HAM_0005107,ISIC_0026502,nv,0,HAM10000_images_part_1/ISIC_0026502.jpg,histo,55.0,female,back
HAM_0005107,ISIC_0032082,nv,0,HAM10000_images_part_2/ISIC_0032082.jpg,histo,55.0,female,back
HAM_0004128,ISIC_0027072,nv,0,HAM10000_images_part_1/ISIC_0027072.jpg,histo,20.0,male,lower extremity
HAM_0004128,ISIC_0030378,nv,0,HAM10000_images_part_2/ISIC_0030378.jpg,histo,20.0,male,lower extremity
HAM_0000380,ISIC_0024344,nv,0,HAM10000_images_part_1/ISIC_0024344.jpg,histo,85.0,female,back
HAM_0000380,ISIC_0025836,nv,0,HAM10000_images_part_1/ISIC_0025836.jpg,histo,85.0,female,back
HAM_0005298,ISIC_0029662,nv,0,HAM10000_images_part_2/ISIC_0029662.jpg,histo,50.0,female,foot
HAM_0005298,ISIC_0030582,nv,0,HAM10000_images_part_2/ISIC_0030582.jpg,histo,50.0,female,foot
HAM_0001220,ISIC_0029636,nv,0,HAM10000_images_part_2/ISIC_0029636.jpg,histo,60.0,female,chest
HAM_0001220,ISIC_0027931,nv,0,HAM10000_images_part_1/ISIC_0027931.jpg,histo,60.0,female,chest
HAM_0006326,ISIC_0028500,nv,0,HAM10000_images_part_1/ISIC_0028500.jpg,histo,30.0,female,abdomen
HAM_0001279,ISIC_0032374,nv,0,HAM10000_images_part_2/ISIC_0032374.jpg,histo,50.0,female,back
HAM_0001279,ISIC_0025855,nv,0,HAM10000_images_part_1/ISIC_0025855.jpg,histo,50.0,female,back
HAM_0005879,ISIC_0026084,nv,0,HAM10000_images_part_1/ISIC_0026084.jpg,histo,80.0,male,lower extremity
HAM_0005879,ISIC_0025262,nv,0,HAM10000_images_part_1/ISIC_0025262.jpg,histo,80.0,male,lower extremity
HAM_0000012,ISIC_0030085,nv,0,HAM10000_images_part_2/ISIC_0030085.jpg,histo,85.0,male,back
HAM_0000012,ISIC_0029348,nv,0,HAM10000_images_part_2/ISIC_0029348.jpg,histo,85.0,male,back
HAM_0006146,ISIC_0030429,nv,0,HAM10000_images_part_2/ISIC_0030429.jpg,histo,40.0,female,scalp
HAM_0006146,ISIC_0028159,nv,0,HAM10000_images_part_1/ISIC_0028159.jpg,histo,40.0,female,scalp
HAM_0001046,ISIC_0034146,nv,0,HAM10000_images_part_2/ISIC_0034146.jpg,histo,40.0,male,abdomen
HAM_0001046,ISIC_0033964,nv,0,HAM10000_images_part_2/ISIC_0033964.jpg,histo,40.0,male,abdomen
HAM_0001046,ISIC_0032951,nv,0,HAM10000_images_part_2/ISIC_0032951.jpg,histo,40.0,male,abdomen
HAM_0004714,ISIC_0032651,nv,0,HAM10000_images_part_2/ISIC_0032651.jpg,histo,30.0,female,upper extremity
HAM_0004714,ISIC_0033699,nv,0,HAM10000_images_part_2/ISIC_0033699.jpg,histo,30.0,female,upper extremity
HAM_0004714,ISIC_0033915,nv,0,HAM10000_images_part_2/ISIC_0033915.jpg,histo,30.0,female,upper extremity
HAM_0003507,ISIC_0032784,nv,0,HAM10000_images_part_2/ISIC_0032784.jpg,histo,30.0,male,lower extremity
HAM_0003507,ISIC_0033459,nv,0,HAM10000_images_part_2/ISIC_0033459.jpg,histo,30.0,male,lower extremity
HAM_0003507,ISIC_0032710,nv,0,HAM10000_images_part_2/ISIC_0032710.jpg,histo,30.0,male,lower extremity
HAM_0006520,ISIC_0032767,nv,0,HAM10000_images_part_2/ISIC_0032767.jpg,histo,65.0,male,back
HAM_0006520,ISIC_0033503,nv,0,HAM10000_images_part_2/ISIC_0033503.jpg,histo,65.0,male,back
HAM_0006520,ISIC_0033795,nv,0,HAM10000_images_part_2/ISIC_0033795.jpg,histo,65.0,male,back
HAM_0004574,ISIC_0033850,nv,0,HAM10000_images_part_2/ISIC_0033850.jpg,histo,70.0,female,back
HAM_0004574,ISIC_0032671,nv,0,HAM10000_images_part_2/ISIC_0032671.jpg,histo,70.0,female,back
HAM_0004574,ISIC_0032566,nv,0,HAM10000_images_part_2/ISIC_0032566.jpg,histo,70.0,female,back
HAM_0001692,ISIC_0033172,nv,0,HAM10000_images_part_2/ISIC_0033172.jpg,histo,40.0,female,chest
HAM_0001692,ISIC_0033326,nv,0,HAM10000_images_part_2/ISIC_0033326.jpg,histo,40.0,female,chest
HAM_0001692,ISIC_0032743,nv,0,HAM10000_images_part_2/ISIC_0032743.jpg,histo,40.0,female,chest
HAM_0000313,ISIC_0033292,nv,0,HAM10000_images_part_2/ISIC_0033292.jpg,histo,40.0,male,lower extremity
HAM_0000313,ISIC_0033610,nv,0,HAM10000_images_part_2/ISIC_0033610.jpg,histo,40.0,male,lower extremity
HAM_0000313,ISIC_0033100,nv,0,HAM10000_images_part_2/ISIC_0033100.jpg,histo,40.0,male,lower extremity
HAM_0002574,ISIC_0032666,nv,0,HAM10000_images_part_2/ISIC_0032666.jpg,histo,55.0,male,chest
HAM_0002574,ISIC_0033157,nv,0,HAM10000_images_part_2/ISIC_0033157.jpg,histo,55.0,male,chest
HAM_0002574,ISIC_0032811,nv,0,HAM10000_images_part_2/ISIC_0032811.jpg,histo,55.0,male,chest
HAM_0005106,ISIC_0034131,nv,0,HAM10000_images_part_2/ISIC_0034131.jpg,histo,30.0,male,upper extremity
HAM_0005106,ISIC_0032901,nv,0,HAM10000_images_part_2/ISIC_0032901.jpg,histo,30.0,male,upper extremity
HAM_0006391,ISIC_0032821,nv,0,HAM10000_images_part_2/ISIC_0032821.jpg,histo,70.0,female,lower extremity
HAM_0006391,ISIC_0032783,nv,0,HAM10000_images_part_2/ISIC_0032783.jpg,histo,70.0,female,lower extremity
HAM_0006391,ISIC_0034139,nv,0,HAM10000_images_part_2/ISIC_0034139.jpg,histo,70.0,female,lower extremity
HAM_0004829,ISIC_0034133,nv,0,HAM10000_images_part_2/ISIC_0034133.jpg,histo,45.0,female,lower extremity
HAM_0004829,ISIC_0034042,nv,0,HAM10000_images_part_2/ISIC_0034042.jpg,histo,45.0,female,lower extremity
HAM_0004829,ISIC_0032595,nv,0,HAM10000_images_part_2/ISIC_0032595.jpg,histo,45.0,female,lower extremity
HAM_0004296,ISIC_0034281,nv,0,HAM10000_images_part_2/ISIC_0034281.jpg,histo,35.0,female,abdomen
HAM_0004296,ISIC_0034152,nv,0,HAM10000_images_part_2/ISIC_0034152.jpg,histo,35.0,female,abdomen
HAM_0004296,ISIC_0033739,nv,0,HAM10000_images_part_2/ISIC_0033739.jpg,histo,35.0,female,abdomen
HAM_0001697,ISIC_0033827,nv,0,HAM10000_images_part_2/ISIC_0033827.jpg,histo,35.0,female,abdomen
HAM_0001697,ISIC_0033497,nv,0,HAM10000_images_part_2/ISIC_0033497.jpg,histo,35.0,female,abdomen
HAM_0002016,ISIC_0034273,nv,0,HAM10000_images_part_2/ISIC_0034273.jpg,histo,70.0,male,lower extremity
HAM_0002016,ISIC_0032805,nv,0,HAM10000_images_part_2/ISIC_0032805.jpg,histo,70.0,male,lower extremity
HAM_0002016,ISIC_0032753,nv,0,HAM10000_images_part_2/ISIC_0032753.jpg,histo,70.0,male,lower extremity
HAM_0006491,ISIC_0033657,nv,0,HAM10000_images_part_2/ISIC_0033657.jpg,histo,40.0,female,back
HAM_0006491,ISIC_0034038,nv,0,HAM10000_images_part_2/ISIC_0034038.jpg,histo,40.0,female,back
HAM_0006491,ISIC_0033070,nv,0,HAM10000_images_part_2/ISIC_0033070.jpg,histo,40.0,female,back
HAM_0004963,ISIC_0032785,nv,0,HAM10000_images_part_2/ISIC_0032785.jpg,histo,45.0,male,upper extremity
HAM_0004963,ISIC_0032563,nv,0,HAM10000_images_part_2/ISIC_0032563.jpg,histo,45.0,male,upper extremity
HAM_0004963,ISIC_0033071,nv,0,HAM10000_images_part_2/ISIC_0033071.jpg,histo,45.0,male,upper extremity
HAM_0003460,ISIC_0034086,nv,0,HAM10000_images_part_2/ISIC_0034086.jpg,histo,50.0,male,back
HAM_0003460,ISIC_0032577,nv,0,HAM10000_images_part_2/ISIC_0032577.jpg,histo,50.0,male,back
HAM_0004167,ISIC_0033753,nv,0,HAM10000_images_part_2/ISIC_0033753.jpg,histo,15.0,female,back
HAM_0006883,ISIC_0033242,nv,0,HAM10000_images_part_2/ISIC_0033242.jpg,histo,40.0,female,face
HAM_0006883,ISIC_0032619,nv,0,HAM10000_images_part_2/ISIC_0032619.jpg,histo,40.0,female,face
HAM_0000579,ISIC_0032742,nv,0,HAM10000_images_part_2/ISIC_0032742.jpg,histo,30.0,female,upper extremity
HAM_0000579,ISIC_0032961,nv,0,HAM10000_images_part_2/ISIC_0032961.jpg,histo,30.0,female,upper extremity
HAM_0000579,ISIC_0034112,nv,0,HAM10000_images_part_2/ISIC_0034112.jpg,histo,30.0,female,upper extremity
HAM_0005539,ISIC_0033296,nv,0,HAM10000_images_part_2/ISIC_0033296.jpg,histo,30.0,female,lower extremity
HAM_0005539,ISIC_0033838,nv,0,HAM10000_images_part_2/ISIC_0033838.jpg,histo,30.0,female,lower extremity
HAM_0005539,ISIC_0033409,nv,0,HAM10000_images_part_2/ISIC_0033409.jpg,histo,30.0,female,lower extremity
HAM_0006379,ISIC_0033990,nv,0,HAM10000_images_part_2/ISIC_0033990.jpg,histo,30.0,female,neck
HAM_0006379,ISIC_0032937,nv,0,HAM10000_images_part_2/ISIC_0032937.jpg,histo,30.0,female,neck
HAM_0002721,ISIC_0032585,nv,0,HAM10000_images_part_2/ISIC_0032585.jpg,histo,25.0,male,abdomen
HAM_0002721,ISIC_0032899,nv,0,HAM10000_images_part_2/ISIC_0032899.jpg,histo,25.0,male,abdomen
HAM_0002721,ISIC_0034157,nv,0,HAM10000_images_part_2/ISIC_0034157.jpg,histo,25.0,male,abdomen
HAM_0005364,ISIC_0033231,nv,0,HAM10000_images_part_2/ISIC_0033231.jpg,histo,40.0,male,back
HAM_0005364,ISIC_0033035,nv,0,HAM10000_images_part_2/ISIC_0033035.jpg,histo,40.0,male,back
HAM_0005364,ISIC_0032525,nv,0,HAM10000_images_part_2/ISIC_0032525.jpg,histo,40.0,male,back
HAM_0003137,ISIC_0033233,nv,0,HAM10000_images_part_2/ISIC_0033233.jpg,histo,40.0,female,lower extremity
HAM_0003137,ISIC_0032770,nv,0,HAM10000_images_part_2/ISIC_0032770.jpg,histo,40.0,female,lower extremity
HAM_0003137,ISIC_0034184,nv,0,HAM10000_images_part_2/ISIC_0034184.jpg,histo,40.0,female,lower extremity
HAM_0002878,ISIC_0033984,nv,0,HAM10000_images_part_2/ISIC_0033984.jpg,histo,45.0,female,back
HAM_0002878,ISIC_0032640,nv,0,HAM10000_images_part_2/ISIC_0032640.jpg,histo,45.0,female,back
HAM_0003352,ISIC_0032599,nv,0,HAM10000_images_part_2/ISIC_0032599.jpg,histo,35.0,unknown,trunk
HAM_0003352,ISIC_0033472,nv,0,HAM10000_images_part_2/ISIC_0033472.jpg,histo,35.0,unknown,trunk
HAM_0003352,ISIC_0032667,nv,0,HAM10000_images_part_2/ISIC_0032667.jpg,histo,35.0,unknown,trunk
HAM_0005571,ISIC_0033648,nv,0,HAM10000_images_part_2/ISIC_0033648.jpg,histo,35.0,male,neck
HAM_0005571,ISIC_0032825,nv,0,HAM10000_images_part_2/ISIC_0032825.jpg,histo,35.0,male,neck
HAM_0005571,ISIC_0032803,nv,0,HAM10000_images_part_2/ISIC_0032803.jpg,histo,35.0,male,neck
HAM_0006539,ISIC_0033798,nv,0,HAM10000_images_part_2/ISIC_0033798.jpg,histo,40.0,male,back
HAM_0006539,ISIC_0033014,nv,0,HAM10000_images_part_2/ISIC_0033014.jpg,histo,40.0,male,back
HAM_0006539,ISIC_0032516,nv,0,HAM10000_images_part_2/ISIC_0032516.jpg,histo,40.0,male,back
HAM_0004548,ISIC_0032520,nv,0,HAM10000_images_part_2/ISIC_0032520.jpg,histo,45.0,female,upper extremity
HAM_0004548,ISIC_0032832,nv,0,HAM10000_images_part_2/ISIC_0032832.jpg,histo,45.0,female,upper extremity
HAM_0004548,ISIC_0033917,nv,0,HAM10000_images_part_2/ISIC_0033917.jpg,histo,45.0,female,upper extremity
HAM_0004615,ISIC_0032815,nv,0,HAM10000_images_part_2/ISIC_0032815.jpg,histo,35.0,male,trunk
HAM_0004615,ISIC_0033094,nv,0,HAM10000_images_part_2/ISIC_0033094.jpg,histo,35.0,male,trunk
HAM_0004615,ISIC_0033162,nv,0,HAM10000_images_part_2/ISIC_0033162.jpg,histo,35.0,male,trunk
HAM_0006857,ISIC_0033475,nv,0,HAM10000_images_part_2/ISIC_0033475.jpg,histo,40.0,female,back
HAM_0006857,ISIC_0033210,nv,0,HAM10000_images_part_2/ISIC_0033210.jpg,histo,40.0,female,back
HAM_0006857,ISIC_0033219,nv,0,HAM10000_images_part_2/ISIC_0033219.jpg,histo,40.0,female,back
HAM_0003713,ISIC_0032885,nv,0,HAM10000_images_part_2/ISIC_0032885.jpg,histo,35.0,male,trunk
HAM_0003713,ISIC_0033291,nv,0,HAM10000_images_part_2/ISIC_0033291.jpg,histo,35.0,male,trunk
HAM_0003713,ISIC_0034102,nv,0,HAM10000_images_part_2/ISIC_0034102.jpg,histo,35.0,male,trunk
HAM_0005961,ISIC_0033988,nv,0,HAM10000_images_part_2/ISIC_0033988.jpg,histo,40.0,female,back
HAM_0005961,ISIC_0032859,nv,0,HAM10000_images_part_2/ISIC_0032859.jpg,histo,40.0,female,back
HAM_0005961,ISIC_0032795,nv,0,HAM10000_images_part_2/ISIC_0032795.jpg,histo,40.0,female,back
HAM_0006980,ISIC_0033992,nv,0,HAM10000_images_part_2/ISIC_0033992.jpg,histo,25.0,female,upper extremity
HAM_0006980,ISIC_0033715,nv,0,HAM10000_images_part_2/ISIC_0033715.jpg,histo,25.0,female,upper extremity
HAM_0006980,ISIC_0033920,nv,0,HAM10000_images_part_2/ISIC_0033920.jpg,histo,25.0,female,upper extremity
HAM_0007552,ISIC_0033825,nv,0,HAM10000_images_part_2/ISIC_0033825.jpg,histo,70.0,male,chest
HAM_0007552,ISIC_0033857,nv,0,HAM10000_images_part_2/ISIC_0033857.jpg,histo,70.0,male,chest
HAM_0007552,ISIC_0032731,nv,0,HAM10000_images_part_2/ISIC_0032731.jpg,histo,70.0,male,chest
HAM_0004503,ISIC_0033069,nv,0,HAM10000_images_part_2/ISIC_0033069.jpg,histo,60.0,female,ear
HAM_0004503,ISIC_0032735,nv,0,HAM10000_images_part_2/ISIC_0032735.jpg,histo,60.0,female,ear
HAM_0004503,ISIC_0033840,nv,0,HAM10000_images_part_2/ISIC_0033840.jpg,histo,60.0,female,ear
HAM_0003418,ISIC_0033632,nv,0,HAM10000_images_part_2/ISIC_0033632.jpg,histo,50.0,male,back
HAM_0003418,ISIC_0034025,nv,0,HAM10000_images_part_2/ISIC_0034025.jpg,histo,50.0,male,back
HAM_0003418,ISIC_0033182,nv,0,HAM10000_images_part_2/ISIC_0033182.jpg,histo,50.0,male,back
HAM_0007259,ISIC_0032999,nv,0,HAM10000_images_part_2/ISIC_0032999.jpg,histo,45.0,male,foot
HAM_0007259,ISIC_0032669,nv,0,HAM10000_images_part_2/ISIC_0032669.jpg,histo,45.0,male,foot
HAM_0007259,ISIC_0033236,nv,0,HAM10000_images_part_2/ISIC_0033236.jpg,histo,45.0,male,foot
HAM_0003947,ISIC_0032802,nv,0,HAM10000_images_part_2/ISIC_0032802.jpg,histo,55.0,male,lower extremity
HAM_0003947,ISIC_0032551,nv,0,HAM10000_images_part_2/ISIC_0032551.jpg,histo,55.0,male,lower extremity
HAM_0003947,ISIC_0033544,nv,0,HAM10000_images_part_2/ISIC_0033544.jpg,histo,55.0,male,lower extremity
HAM_0004145,ISIC_0032749,nv,0,HAM10000_images_part_2/ISIC_0032749.jpg,histo,40.0,female,face
HAM_0004145,ISIC_0034091,nv,0,HAM10000_images_part_2/ISIC_0034091.jpg,histo,40.0,female,face
HAM_0004145,ISIC_0033738,nv,0,HAM10000_images_part_2/ISIC_0033738.jpg,histo,40.0,female,face
HAM_0000547,ISIC_0033510,nv,0,HAM10000_images_part_2/ISIC_0033510.jpg,histo,55.0,male,back
HAM_0000547,ISIC_0033222,nv,0,HAM10000_images_part_2/ISIC_0033222.jpg,histo,55.0,male,back
HAM_0000547,ISIC_0032546,nv,0,HAM10000_images_part_2/ISIC_0032546.jpg,histo,55.0,male,back
HAM_0005206,ISIC_0032521,nv,0,HAM10000_images_part_2/ISIC_0032521.jpg,histo,50.0,male,lower extremity
HAM_0005206,ISIC_0032674,nv,0,HAM10000_images_part_2/ISIC_0032674.jpg,histo,50.0,male,lower extremity
HAM_0005206,ISIC_0033958,nv,0,HAM10000_images_part_2/ISIC_0033958.jpg,histo,50.0,male,lower extremity
HAM_0005433,ISIC_0033906,nv,0,HAM10000_images_part_2/ISIC_0033906.jpg,histo,55.0,female,trunk
HAM_0005433,ISIC_0033298,nv,0,HAM10000_images_part_2/ISIC_0033298.jpg,histo,55.0,female,trunk
HAM_0005433,ISIC_0034210,nv,0,HAM10000_images_part_2/ISIC_0034210.jpg,histo,55.0,female,trunk
HAM_0001870,ISIC_0033351,nv,0,HAM10000_images_part_2/ISIC_0033351.jpg,histo,70.0,male,back
HAM_0001870,ISIC_0033131,nv,0,HAM10000_images_part_2/ISIC_0033131.jpg,histo,70.0,male,back
HAM_0001870,ISIC_0033090,nv,0,HAM10000_images_part_2/ISIC_0033090.jpg,histo,70.0,male,back
HAM_0005383,ISIC_0033832,nv,0,HAM10000_images_part_2/ISIC_0033832.jpg,histo,40.0,female,back
HAM_0005383,ISIC_0032893,nv,0,HAM10000_images_part_2/ISIC_0032893.jpg,histo,40.0,female,back
HAM_0005383,ISIC_0032683,nv,0,HAM10000_images_part_2/ISIC_0032683.jpg,histo,40.0,female,back
HAM_0002641,ISIC_0034111,nv,0,HAM10000_images_part_2/ISIC_0034111.jpg,histo,40.0,female,back
HAM_0002641,ISIC_0032676,nv,0,HAM10000_images_part_2/ISIC_0032676.jpg,histo,40.0,female,back
HAM_0002641,ISIC_0034077,nv,0,HAM10000_images_part_2/ISIC_0034077.jpg,histo,40.0,female,back
HAM_0001040,ISIC_0032781,nv,0,HAM10000_images_part_2/ISIC_0032781.jpg,histo,70.0,male,chest
HAM_0001040,ISIC_0033237,nv,0,HAM10000_images_part_2/ISIC_0033237.jpg,histo,70.0,male,chest
HAM_0001040,ISIC_0032747,nv,0,HAM10000_images_part_2/ISIC_0032747.jpg,histo,70.0,male,chest
HAM_0004176,ISIC_0034286,nv,0,HAM10000_images_part_2/ISIC_0034286.jpg,histo,0.0,male,upper extremity
HAM_0004176,ISIC_0033373,nv,0,HAM10000_images_part_2/ISIC_0033373.jpg,histo,0.0,male,upper extremity
HAM_0001358,ISIC_0033170,nv,0,HAM10000_images_part_2/ISIC_0033170.jpg,histo,50.0,female,back
HAM_0001358,ISIC_0032680,nv,0,HAM10000_images_part_2/ISIC_0032680.jpg,histo,50.0,female,back
HAM_0001358,ISIC_0033674,nv,0,HAM10000_images_part_2/ISIC_0033674.jpg,histo,50.0,female,back
HAM_0005573,ISIC_0033411,nv,0,HAM10000_images_part_2/ISIC_0033411.jpg,histo,45.0,female,trunk
HAM_0005573,ISIC_0034096,nv,0,HAM10000_images_part_2/ISIC_0034096.jpg,histo,45.0,female,trunk
HAM_0005573,ISIC_0033382,nv,0,HAM10000_images_part_2/ISIC_0033382.jpg,histo,45.0,female,trunk
HAM_0003606,ISIC_0034288,nv,0,HAM10000_images_part_2/ISIC_0034288.jpg,histo,70.0,male,trunk
HAM_0003606,ISIC_0033420,nv,0,HAM10000_images_part_2/ISIC_0033420.jpg,histo,70.0,male,trunk
HAM_0003606,ISIC_0032661,nv,0,HAM10000_images_part_2/ISIC_0032661.jpg,histo,70.0,male,trunk
HAM_0003288,ISIC_0032587,nv,0,HAM10000_images_part_2/ISIC_0032587.jpg,histo,15.0,female,lower extremity
HAM_0003288,ISIC_0033824,nv,0,HAM10000_images_part_2/ISIC_0033824.jpg,histo,15.0,female,lower extremity
HAM_0003288,ISIC_0033830,nv,0,HAM10000_images_part_2/ISIC_0033830.jpg,histo,15.0,female,lower extremity
HAM_0001264,ISIC_0032838,nv,0,HAM10000_images_part_2/ISIC_0032838.jpg,histo,45.0,male,chest
HAM_0001264,ISIC_0034230,nv,0,HAM10000_images_part_2/ISIC_0034230.jpg,histo,45.0,male,chest
HAM_0001264,ISIC_0033057,nv,0,HAM10000_images_part_2/ISIC_0033057.jpg,histo,45.0,male,chest
HAM_0000439,ISIC_0033729,nv,0,HAM10000_images_part_2/ISIC_0033729.jpg,histo,65.0,male,back
HAM_0000439,ISIC_0034307,nv,0,HAM10000_images_part_2/ISIC_0034307.jpg,histo,65.0,male,back
HAM_0000439,ISIC_0034137,nv,0,HAM10000_images_part_2/ISIC_0034137.jpg,histo,65.0,male,back
HAM_0001740,ISIC_0032761,nv,0,HAM10000_images_part_2/ISIC_0032761.jpg,histo,30.0,male,chest
HAM_0001740,ISIC_0033160,nv,0,HAM10000_images_part_2/ISIC_0033160.jpg,histo,30.0,male,chest
HAM_0001740,ISIC_0033930,nv,0,HAM10000_images_part_2/ISIC_0033930.jpg,histo,30.0,male,chest
HAM_0006158,ISIC_0033096,nv,0,HAM10000_images_part_2/ISIC_0033096.jpg,histo,40.0,male,back
HAM_0006158,ISIC_0033972,nv,0,HAM10000_images_part_2/ISIC_0033972.jpg,histo,40.0,male,back
HAM_0006158,ISIC_0033367,nv,0,HAM10000_images_part_2/ISIC_0033367.jpg,histo,40.0,male,back
HAM_0002890,ISIC_0032704,nv,0,HAM10000_images_part_2/ISIC_0032704.jpg,histo,50.0,male,upper extremity
HAM_0002890,ISIC_0033289,nv,0,HAM10000_images_part_2/ISIC_0033289.jpg,histo,50.0,male,upper extremity
HAM_0003614,ISIC_0032905,nv,0,HAM10000_images_part_2/ISIC_0032905.jpg,histo,40.0,male,chest
HAM_0003614,ISIC_0034001,nv,0,HAM10000_images_part_2/ISIC_0034001.jpg,histo,40.0,male,chest
HAM_0003614,ISIC_0032560,nv,0,HAM10000_images_part_2/ISIC_0032560.jpg,histo,40.0,male,chest
HAM_0001641,ISIC_0033427,nv,0,HAM10000_images_part_2/ISIC_0033427.jpg,histo,60.0,male,abdomen
HAM_0001641,ISIC_0033948,nv,0,HAM10000_images_part_2/ISIC_0033948.jpg,histo,60.0,male,abdomen
HAM_0001641,ISIC_0033680,nv,0,HAM10000_images_part_2/ISIC_0033680.jpg,histo,60.0,male,abdomen
HAM_0003181,ISIC_0033085,nv,0,HAM10000_images_part_2/ISIC_0033085.jpg,histo,35.0,male,back
HAM_0003181,ISIC_0033976,nv,0,HAM10000_images_part_2/ISIC_0033976.jpg,histo,35.0,male,back
HAM_0003181,ISIC_0034030,nv,0,HAM10000_images_part_2/ISIC_0034030.jpg,histo,35.0,male,back
HAM_0006042,ISIC_0034314,nv,0,HAM10000_images_part_2/ISIC_0034314.jpg,histo,50.0,male,abdomen
HAM_0006042,ISIC_0034174,nv,0,HAM10000_images_part_2/ISIC_0034174.jpg,histo,50.0,male,abdomen
HAM_0006120,ISIC_0028684,nv,0,HAM10000_images_part_1/ISIC_0028684.jpg,histo,30.0,female,upper extremity
HAM_0006042,ISIC_0033983,nv,0,HAM10000_images_part_2/ISIC_0033983.jpg,histo,50.0,male,abdomen
HAM_0006120,ISIC_0025372,nv,0,HAM10000_images_part_1/ISIC_0025372.jpg,histo,30.0,female,upper extremity
HAM_0002253,ISIC_0033492,nv,0,HAM10000_images_part_2/ISIC_0033492.jpg,histo,35.0,male,back
HAM_0002253,ISIC_0032548,nv,0,HAM10000_images_part_2/ISIC_0032548.jpg,histo,35.0,male,back
HAM_0002253,ISIC_0033106,nv,0,HAM10000_images_part_2/ISIC_0033106.jpg,histo,35.0,male,back
HAM_0003542,ISIC_0033506,nv,0,HAM10000_images_part_2/ISIC_0033506.jpg,histo,35.0,male,back
HAM_0003542,ISIC_0033600,nv,0,HAM10000_images_part_2/ISIC_0033600.jpg,histo,35.0,male,back
HAM_0003542,ISIC_0033714,nv,0,HAM10000_images_part_2/ISIC_0033714.jpg,histo,35.0,male,back
HAM_0003325,ISIC_0034190,nv,0,HAM10000_images_part_2/ISIC_0034190.jpg,histo,20.0,female,neck
HAM_0003884,ISIC_0033605,nv,0,HAM10000_images_part_2/ISIC_0033605.jpg,histo,35.0,female,back
HAM_0003884,ISIC_0033961,nv,0,HAM10000_images_part_2/ISIC_0033961.jpg,histo,35.0,female,back
HAM_0003884,ISIC_0033702,nv,0,HAM10000_images_part_2/ISIC_0033702.jpg,histo,35.0,female,back
HAM_0001808,ISIC_0033318,nv,0,HAM10000_images_part_2/ISIC_0033318.jpg,histo,35.0,female,back
HAM_0001808,ISIC_0032615,nv,0,HAM10000_images_part_2/ISIC_0032615.jpg,histo,35.0,female,back
HAM_0001808,ISIC_0033862,nv,0,HAM10000_images_part_2/ISIC_0033862.jpg,histo,35.0,female,back
HAM_0007483,ISIC_0032942,nv,0,HAM10000_images_part_2/ISIC_0032942.jpg,histo,35.0,female,back
HAM_0007483,ISIC_0032628,nv,0,HAM10000_images_part_2/ISIC_0032628.jpg,histo,35.0,female,back
HAM_0005814,ISIC_0033110,nv,0,HAM10000_images_part_2/ISIC_0033110.jpg,histo,35.0,female,back
HAM_0005814,ISIC_0032701,nv,0,HAM10000_images_part_2/ISIC_0032701.jpg,histo,35.0,female,back
HAM_0000067,ISIC_0034153,nv,0,HAM10000_images_part_2/ISIC_0034153.jpg,histo,50.0,female,ear
HAM_0000067,ISIC_0034017,nv,0,HAM10000_images_part_2/ISIC_0034017.jpg,histo,50.0,female,ear
HAM_0001026,ISIC_0033743,nv,0,HAM10000_images_part_2/ISIC_0033743.jpg,histo,20.0,female,foot
HAM_0000165,ISIC_0033833,nv,0,HAM10000_images_part_2/ISIC_0033833.jpg,histo,50.0,female,foot
HAM_0003735,ISIC_0032512,nv,0,HAM10000_images_part_2/ISIC_0032512.jpg,histo,40.0,female,back
HAM_0003735,ISIC_0034149,nv,0,HAM10000_images_part_2/ISIC_0034149.jpg,histo,40.0,female,back
HAM_0003735,ISIC_0033800,nv,0,HAM10000_images_part_2/ISIC_0033800.jpg,histo,40.0,female,back
HAM_0004221,ISIC_0033163,nv,0,HAM10000_images_part_2/ISIC_0033163.jpg,histo,35.0,female,chest
HAM_0004221,ISIC_0033887,nv,0,HAM10000_images_part_2/ISIC_0033887.jpg,histo,35.0,female,chest
HAM_0001912,ISIC_0033145,nv,0,HAM10000_images_part_2/ISIC_0033145.jpg,histo,40.0,female,lower extremity
HAM_0001912,ISIC_0033799,nv,0,HAM10000_images_part_2/ISIC_0033799.jpg,histo,40.0,female,lower extremity
HAM_0001076,ISIC_0032646,nv,0,HAM10000_images_part_2/ISIC_0032646.jpg,histo,65.0,male,back
HAM_0001076,ISIC_0033627,nv,0,HAM10000_images_part_2/ISIC_0033627.jpg,histo,65.0,male,back
HAM_0001889,ISIC_0033621,nv,0,HAM10000_images_part_2/ISIC_0033621.jpg,histo,35.0,female,trunk
HAM_0001889,ISIC_0034116,nv,0,HAM10000_images_part_2/ISIC_0034116.jpg,histo,35.0,female,trunk
HAM_0001889,ISIC_0034073,nv,0,HAM10000_images_part_2/ISIC_0034073.jpg,histo,35.0,female,trunk
HAM_0004411,ISIC_0032524,nv,0,HAM10000_images_part_2/ISIC_0032524.jpg,histo,55.0,male,back
HAM_0004411,ISIC_0033376,nv,0,HAM10000_images_part_2/ISIC_0033376.jpg,histo,55.0,male,back
HAM_0004411,ISIC_0033796,nv,0,HAM10000_images_part_2/ISIC_0033796.jpg,histo,55.0,male,back
HAM_0001824,ISIC_0033121,nv,0,HAM10000_images_part_2/ISIC_0033121.jpg,histo,55.0,male,lower extremity
HAM_0001824,ISIC_0034158,nv,0,HAM10000_images_part_2/ISIC_0034158.jpg,histo,55.0,male,lower extremity
HAM_0001824,ISIC_0033213,nv,0,HAM10000_images_part_2/ISIC_0033213.jpg,histo,55.0,male,lower extremity
HAM_0000855,ISIC_0033897,nv,0,HAM10000_images_part_2/ISIC_0033897.jpg,histo,45.0,male,upper extremity
HAM_0000855,ISIC_0033694,nv,0,HAM10000_images_part_2/ISIC_0033694.jpg,histo,45.0,male,upper extremity
HAM_0000855,ISIC_0034013,nv,0,HAM10000_images_part_2/ISIC_0034013.jpg,histo,45.0,male,upper extremity
HAM_0005566,ISIC_0032608,nv,0,HAM10000_images_part_2/ISIC_0032608.jpg,histo,70.0,male,chest
HAM_0005566,ISIC_0032746,nv,0,HAM10000_images_part_2/ISIC_0032746.jpg,histo,70.0,male,chest
HAM_0005566,ISIC_0033266,nv,0,HAM10000_images_part_2/ISIC_0033266.jpg,histo,70.0,male,chest
HAM_0001935,ISIC_0033188,nv,0,HAM10000_images_part_2/ISIC_0033188.jpg,histo,50.0,male,chest
HAM_0001935,ISIC_0033067,nv,0,HAM10000_images_part_2/ISIC_0033067.jpg,histo,50.0,male,chest
HAM_0001935,ISIC_0032787,nv,0,HAM10000_images_part_2/ISIC_0032787.jpg,histo,50.0,male,chest
HAM_0000216,ISIC_0033936,nv,0,HAM10000_images_part_2/ISIC_0033936.jpg,histo,20.0,male,foot
HAM_0000216,ISIC_0034121,nv,0,HAM10000_images_part_2/ISIC_0034121.jpg,histo,20.0,male,foot
HAM_0000216,ISIC_0034232,nv,0,HAM10000_images_part_2/ISIC_0034232.jpg,histo,20.0,male,foot
HAM_0004882,ISIC_0034282,nv,0,HAM10000_images_part_2/ISIC_0034282.jpg,histo,20.0,male,chest
HAM_0004882,ISIC_0033357,nv,0,HAM10000_images_part_2/ISIC_0033357.jpg,histo,20.0,male,chest
HAM_0004882,ISIC_0034178,nv,0,HAM10000_images_part_2/ISIC_0034178.jpg,histo,20.0,male,chest
HAM_0001683,ISIC_0033517,nv,0,HAM10000_images_part_2/ISIC_0033517.jpg,histo,75.0,male,lower extremity
HAM_0001683,ISIC_0033513,nv,0,HAM10000_images_part_2/ISIC_0033513.jpg,histo,75.0,male,lower extremity
HAM_0001683,ISIC_0033649,nv,0,HAM10000_images_part_2/ISIC_0033649.jpg,histo,75.0,male,lower extremity
HAM_0006623,ISIC_0033404,nv,0,HAM10000_images_part_2/ISIC_0033404.jpg,histo,55.0,male,back
HAM_0006623,ISIC_0033478,nv,0,HAM10000_images_part_2/ISIC_0033478.jpg,histo,55.0,male,back
HAM_0007124,ISIC_0032707,nv,0,HAM10000_images_part_2/ISIC_0032707.jpg,histo,55.0,male,back
HAM_0007124,ISIC_0034311,nv,0,HAM10000_images_part_2/ISIC_0034311.jpg,histo,55.0,male,back
HAM_0002139,ISIC_0032786,nv,0,HAM10000_images_part_2/ISIC_0032786.jpg,histo,10.0,female,upper extremity
HAM_0002139,ISIC_0033788,nv,0,HAM10000_images_part_2/ISIC_0033788.jpg,histo,10.0,female,upper extremity
HAM_0004773,ISIC_0032853,nv,0,HAM10000_images_part_2/ISIC_0032853.jpg,histo,25.0,female,chest
HAM_0004773,ISIC_0034148,nv,0,HAM10000_images_part_2/ISIC_0034148.jpg,histo,25.0,female,chest
HAM_0004773,ISIC_0034241,nv,0,HAM10000_images_part_2/ISIC_0034241.jpg,histo,25.0,female,chest
HAM_0002582,ISIC_0033665,nv,0,HAM10000_images_part_2/ISIC_0033665.jpg,histo,50.0,male,abdomen
HAM_0002582,ISIC_0032813,nv,0,HAM10000_images_part_2/ISIC_0032813.jpg,histo,50.0,male,abdomen
HAM_0005740,ISIC_0033558,nv,0,HAM10000_images_part_2/ISIC_0033558.jpg,histo,35.0,female,acral
HAM_0005740,ISIC_0033590,nv,0,HAM10000_images_part_2/ISIC_0033590.jpg,histo,35.0,female,acral
HAM_0005740,ISIC_0033303,nv,0,HAM10000_images_part_2/ISIC_0033303.jpg,histo,35.0,female,acral
HAM_0003966,ISIC_0032584,nv,0,HAM10000_images_part_2/ISIC_0032584.jpg,histo,35.0,female,foot
HAM_0003966,ISIC_0033731,nv,0,HAM10000_images_part_2/ISIC_0033731.jpg,histo,35.0,female,foot
HAM_0003966,ISIC_0032644,nv,0,HAM10000_images_part_2/ISIC_0032644.jpg,histo,35.0,female,foot
HAM_0006873,ISIC_0033637,nv,0,HAM10000_images_part_2/ISIC_0033637.jpg,histo,35.0,female,back
HAM_0006873,ISIC_0033566,nv,0,HAM10000_images_part_2/ISIC_0033566.jpg,histo,35.0,female,back
HAM_0007265,ISIC_0033933,nv,0,HAM10000_images_part_2/ISIC_0033933.jpg,histo,20.0,male,chest
HAM_0007265,ISIC_0033447,nv,0,HAM10000_images_part_2/ISIC_0033447.jpg,histo,20.0,male,chest
HAM_0007265,ISIC_0033639,nv,0,HAM10000_images_part_2/ISIC_0033639.jpg,histo,20.0,male,chest
HAM_0003634,ISIC_0033194,nv,0,HAM10000_images_part_2/ISIC_0033194.jpg,histo,45.0,male,lower extremity
HAM_0003634,ISIC_0034258,nv,0,HAM10000_images_part_2/ISIC_0034258.jpg,histo,45.0,male,lower extremity
HAM_0003634,ISIC_0034023,nv,0,HAM10000_images_part_2/ISIC_0034023.jpg,histo,45.0,male,lower extremity
HAM_0003106,ISIC_0033243,nv,0,HAM10000_images_part_2/ISIC_0033243.jpg,histo,30.0,male,chest
HAM_0003106,ISIC_0032648,nv,0,HAM10000_images_part_2/ISIC_0032648.jpg,histo,30.0,male,chest
HAM_0003106,ISIC_0032620,nv,0,HAM10000_images_part_2/ISIC_0032620.jpg,histo,30.0,male,chest
HAM_0003106,ISIC_0030420,nv,0,HAM10000_images_part_2/ISIC_0030420.jpg,histo,30.0,male,chest
HAM_0007562,ISIC_0033671,nv,0,HAM10000_images_part_2/ISIC_0033671.jpg,histo,30.0,male,chest
HAM_0007562,ISIC_0033711,nv,0,HAM10000_images_part_2/ISIC_0033711.jpg,histo,30.0,male,chest
HAM_0001777,ISIC_0034084,nv,0,HAM10000_images_part_2/ISIC_0034084.jpg,histo,35.0,female,lower extremity
HAM_0001777,ISIC_0033273,nv,0,HAM10000_images_part_2/ISIC_0033273.jpg,histo,35.0,female,lower extremity
HAM_0001777,ISIC_0034176,nv,0,HAM10000_images_part_2/ISIC_0034176.jpg,histo,35.0,female,lower extremity
HAM_0007348,ISIC_0033128,nv,0,HAM10000_images_part_2/ISIC_0033128.jpg,histo,50.0,female,lower extremity
HAM_0007348,ISIC_0033115,nv,0,HAM10000_images_part_2/ISIC_0033115.jpg,histo,50.0,female,lower extremity
HAM_0007348,ISIC_0032625,nv,0,HAM10000_images_part_2/ISIC_0032625.jpg,histo,50.0,female,lower extremity
HAM_0004872,ISIC_0033867,nv,0,HAM10000_images_part_2/ISIC_0033867.jpg,histo,35.0,female,foot
HAM_0004872,ISIC_0033202,nv,0,HAM10000_images_part_2/ISIC_0033202.jpg,histo,35.0,female,foot
HAM_0003133,ISIC_0032794,nv,0,HAM10000_images_part_2/ISIC_0032794.jpg,histo,30.0,female,abdomen
HAM_0003133,ISIC_0032801,nv,0,HAM10000_images_part_2/ISIC_0032801.jpg,histo,30.0,female,abdomen
HAM_0003002,ISIC_0033384,nv,0,HAM10000_images_part_2/ISIC_0033384.jpg,histo,40.0,male,lower extremity
HAM_0003002,ISIC_0032830,nv,0,HAM10000_images_part_2/ISIC_0032830.jpg,histo,40.0,male,lower extremity
HAM_0003676,ISIC_0032530,nv,0,HAM10000_images_part_2/ISIC_0032530.jpg,histo,25.0,female,lower extremity
HAM_0003676,ISIC_0033249,nv,0,HAM10000_images_part_2/ISIC_0033249.jpg,histo,25.0,female,lower extremity
HAM_0005194,ISIC_0034213,nv,0,HAM10000_images_part_2/ISIC_0034213.jpg,histo,55.0,male,lower extremity
HAM_0005194,ISIC_0032561,nv,0,HAM10000_images_part_2/ISIC_0032561.jpg,histo,55.0,male,lower extremity
HAM_0005194,ISIC_0033839,nv,0,HAM10000_images_part_2/ISIC_0033839.jpg,histo,55.0,male,lower extremity
HAM_0001645,ISIC_0032601,nv,0,HAM10000_images_part_2/ISIC_0032601.jpg,histo,50.0,female,abdomen
HAM_0001645,ISIC_0032878,nv,0,HAM10000_images_part_2/ISIC_0032878.jpg,histo,50.0,female,abdomen
HAM_0006567,ISIC_0032649,nv,0,HAM10000_images_part_2/ISIC_0032649.jpg,histo,30.0,female,back
HAM_0006567,ISIC_0034109,nv,0,HAM10000_images_part_2/ISIC_0034109.jpg,histo,30.0,female,back
HAM_0006567,ISIC_0033439,nv,0,HAM10000_images_part_2/ISIC_0033439.jpg,histo,30.0,female,back
HAM_0005513,ISIC_0033214,nv,0,HAM10000_images_part_2/ISIC_0033214.jpg,histo,5.0,female,back
HAM_0005513,ISIC_0033255,nv,0,HAM10000_images_part_2/ISIC_0033255.jpg,histo,5.0,female,back
HAM_0005513,ISIC_0033229,nv,0,HAM10000_images_part_2/ISIC_0033229.jpg,histo,5.0,female,back
HAM_0006118,ISIC_0026429,nv,0,HAM10000_images_part_1/ISIC_0026429.jpg,histo,65.0,male,back
HAM_0002170,ISIC_0034237,nv,0,HAM10000_images_part_2/ISIC_0034237.jpg,histo,40.0,male,lower extremity
HAM_0002170,ISIC_0034032,nv,0,HAM10000_images_part_2/ISIC_0034032.jpg,histo,40.0,male,lower extremity
HAM_0002170,ISIC_0033075,nv,0,HAM10000_images_part_2/ISIC_0033075.jpg,histo,40.0,male,lower extremity
HAM_0006550,ISIC_0033406,nv,0,HAM10000_images_part_2/ISIC_0033406.jpg,histo,50.0,female,lower extremity
HAM_0006550,ISIC_0033493,nv,0,HAM10000_images_part_2/ISIC_0033493.jpg,histo,50.0,female,lower extremity
HAM_0006550,ISIC_0033007,nv,0,HAM10000_images_part_2/ISIC_0033007.jpg,histo,50.0,female,lower extremity
HAM_0001720,ISIC_0034010,nv,0,HAM10000_images_part_2/ISIC_0034010.jpg,histo,45.0,male,abdomen
HAM_0001720,ISIC_0032819,nv,0,HAM10000_images_part_2/ISIC_0032819.jpg,histo,45.0,male,abdomen
HAM_0000970,ISIC_0032574,nv,0,HAM10000_images_part_2/ISIC_0032574.jpg,histo,45.0,male,face
HAM_0000970,ISIC_0033398,nv,0,HAM10000_images_part_2/ISIC_0033398.jpg,histo,45.0,male,face
HAM_0000970,ISIC_0033244,nv,0,HAM10000_images_part_2/ISIC_0033244.jpg,histo,45.0,male,face
HAM_0004038,ISIC_0032582,nv,0,HAM10000_images_part_2/ISIC_0032582.jpg,histo,50.0,female,back
HAM_0004038,ISIC_0033052,nv,0,HAM10000_images_part_2/ISIC_0033052.jpg,histo,50.0,female,back
HAM_0004038,ISIC_0032990,nv,0,HAM10000_images_part_2/ISIC_0032990.jpg,histo,50.0,female,back
HAM_0003097,ISIC_0033181,nv,0,HAM10000_images_part_2/ISIC_0033181.jpg,histo,45.0,male,lower extremity
HAM_0003097,ISIC_0033661,nv,0,HAM10000_images_part_2/ISIC_0033661.jpg,histo,45.0,male,lower extremity
HAM_0003097,ISIC_0034004,nv,0,HAM10000_images_part_2/ISIC_0034004.jpg,histo,45.0,male,lower extremity
HAM_0006191,ISIC_0033645,nv,0,HAM10000_images_part_2/ISIC_0033645.jpg,histo,45.0,male,abdomen
HAM_0006191,ISIC_0028829,nv,0,HAM10000_images_part_1/ISIC_0028829.jpg,histo,45.0,male,abdomen
HAM_0006191,ISIC_0033530,nv,0,HAM10000_images_part_2/ISIC_0033530.jpg,histo,45.0,male,abdomen
HAM_0000772,ISIC_0032994,nv,0,HAM10000_images_part_2/ISIC_0032994.jpg,histo,20.0,female,face
HAM_0000772,ISIC_0033604,nv,0,HAM10000_images_part_2/ISIC_0033604.jpg,histo,20.0,female,face
HAM_0007494,ISIC_0033136,nv,0,HAM10000_images_part_2/ISIC_0033136.jpg,histo,25.0,female,face
HAM_0007494,ISIC_0033215,nv,0,HAM10000_images_part_2/ISIC_0033215.jpg,histo,25.0,female,face
HAM_0005185,ISIC_0033412,nv,0,HAM10000_images_part_2/ISIC_0033412.jpg,histo,40.0,female,lower extremity
HAM_0005185,ISIC_0033514,nv,0,HAM10000_images_part_2/ISIC_0033514.jpg,histo,40.0,female,lower extremity
HAM_0005185,ISIC_0033876,nv,0,HAM10000_images_part_2/ISIC_0033876.jpg,histo,40.0,female,lower extremity
HAM_0005083,ISIC_0031482,nv,0,HAM10000_images_part_2/ISIC_0031482.jpg,histo,55.0,female,lower extremity
HAM_0005083,ISIC_0032944,nv,0,HAM10000_images_part_2/ISIC_0032944.jpg,histo,55.0,female,lower extremity
HAM_0005083,ISIC_0033516,nv,0,HAM10000_images_part_2/ISIC_0033516.jpg,histo,55.0,female,lower extremity
HAM_0003018,ISIC_0032639,nv,0,HAM10000_images_part_2/ISIC_0032639.jpg,histo,35.0,female,back
HAM_0003018,ISIC_0033525,nv,0,HAM10000_images_part_2/ISIC_0033525.jpg,histo,35.0,female,back
HAM_0001667,ISIC_0033080,nv,0,HAM10000_images_part_2/ISIC_0033080.jpg,histo,60.0,male,trunk
HAM_0001667,ISIC_0034129,nv,0,HAM10000_images_part_2/ISIC_0034129.jpg,histo,60.0,male,trunk
HAM_0004099,ISIC_0033010,nv,0,HAM10000_images_part_2/ISIC_0033010.jpg,histo,55.0,female,lower extremity
HAM_0004099,ISIC_0034293,nv,0,HAM10000_images_part_2/ISIC_0034293.jpg,histo,55.0,female,lower extremity
HAM_0004099,ISIC_0033350,nv,0,HAM10000_images_part_2/ISIC_0033350.jpg,histo,55.0,female,lower extremity
HAM_0001839,ISIC_0033943,nv,0,HAM10000_images_part_2/ISIC_0033943.jpg,histo,70.0,male,back
HAM_0001839,ISIC_0033434,nv,0,HAM10000_images_part_2/ISIC_0033434.jpg,histo,70.0,male,back
HAM_0004424,ISIC_0033688,nv,0,HAM10000_images_part_2/ISIC_0033688.jpg,histo,60.0,male,back
HAM_0004424,ISIC_0033557,nv,0,HAM10000_images_part_2/ISIC_0033557.jpg,histo,60.0,male,back
HAM_0006078,ISIC_0033013,nv,0,HAM10000_images_part_2/ISIC_0033013.jpg,histo,15.0,female,foot
HAM_0006078,ISIC_0032809,nv,0,HAM10000_images_part_2/ISIC_0032809.jpg,histo,15.0,female,foot
HAM_0005760,ISIC_0032621,nv,0,HAM10000_images_part_2/ISIC_0032621.jpg,histo,45.0,female,lower extremity
HAM_0005760,ISIC_0033328,nv,0,HAM10000_images_part_2/ISIC_0033328.jpg,histo,45.0,female,lower extremity
HAM_0000639,ISIC_0033768,nv,0,HAM10000_images_part_2/ISIC_0033768.jpg,histo,70.0,female,upper extremity
HAM_0000639,ISIC_0025257,nv,0,HAM10000_images_part_1/ISIC_0025257.jpg,histo,70.0,female,upper extremity
HAM_0003744,ISIC_0033006,nv,0,HAM10000_images_part_2/ISIC_0033006.jpg,histo,5.0,female,foot
HAM_0003744,ISIC_0032518,nv,0,HAM10000_images_part_2/ISIC_0032518.jpg,histo,5.0,female,foot
HAM_0003744,ISIC_0033548,nv,0,HAM10000_images_part_2/ISIC_0033548.jpg,histo,5.0,female,foot
HAM_0007169,ISIC_0033433,nv,0,HAM10000_images_part_2/ISIC_0033433.jpg,histo,20.0,male,foot
HAM_0007169,ISIC_0032934,nv,0,HAM10000_images_part_2/ISIC_0032934.jpg,histo,20.0,male,foot
HAM_0006628,ISIC_0033742,nv,0,HAM10000_images_part_2/ISIC_0033742.jpg,histo,20.0,male,lower extremity
HAM_0006628,ISIC_0034127,nv,0,HAM10000_images_part_2/ISIC_0034127.jpg,histo,20.0,male,lower extremity
HAM_0006628,ISIC_0033111,nv,0,HAM10000_images_part_2/ISIC_0033111.jpg,histo,20.0,male,lower extremity
HAM_0003447,ISIC_0033142,nv,0,HAM10000_images_part_2/ISIC_0033142.jpg,histo,65.0,male,abdomen
HAM_0003447,ISIC_0032703,nv,0,HAM10000_images_part_2/ISIC_0032703.jpg,histo,65.0,male,abdomen
HAM_0003447,ISIC_0033168,nv,0,HAM10000_images_part_2/ISIC_0033168.jpg,histo,65.0,male,abdomen
HAM_0007433,ISIC_0033077,nv,0,HAM10000_images_part_2/ISIC_0033077.jpg,histo,45.0,male,back
HAM_0007433,ISIC_0033951,nv,0,HAM10000_images_part_2/ISIC_0033951.jpg,histo,45.0,male,back
HAM_0007433,ISIC_0033149,nv,0,HAM10000_images_part_2/ISIC_0033149.jpg,histo,45.0,male,back
HAM_0003003,ISIC_0033343,nv,0,HAM10000_images_part_2/ISIC_0033343.jpg,histo,35.0,female,back
HAM_0003003,ISIC_0033502,nv,0,HAM10000_images_part_2/ISIC_0033502.jpg,histo,35.0,female,back
HAM_0001673,ISIC_0034285,nv,0,HAM10000_images_part_2/ISIC_0034285.jpg,histo,15.0,female,lower extremity
HAM_0001673,ISIC_0033966,nv,0,HAM10000_images_part_2/ISIC_0033966.jpg,histo,15.0,female,lower extremity
HAM_0006121,ISIC_0034244,nv,0,HAM10000_images_part_2/ISIC_0034244.jpg,histo,20.0,female,chest
HAM_0006121,ISIC_0032855,nv,0,HAM10000_images_part_2/ISIC_0032855.jpg,histo,20.0,female,chest
HAM_0006121,ISIC_0032792,nv,0,HAM10000_images_part_2/ISIC_0032792.jpg,histo,20.0,female,chest
HAM_0002476,ISIC_0034187,nv,0,HAM10000_images_part_2/ISIC_0034187.jpg,histo,15.0,male,back
HAM_0002476,ISIC_0027837,nv,0,HAM10000_images_part_1/ISIC_0027837.jpg,histo,15.0,male,back
HAM_0002898,ISIC_0033179,nv,0,HAM10000_images_part_2/ISIC_0033179.jpg,histo,80.0,female,upper extremity
HAM_0002898,ISIC_0034251,nv,0,HAM10000_images_part_2/ISIC_0034251.jpg,histo,80.0,female,upper extremity
HAM_0002898,ISIC_0033721,nv,0,HAM10000_images_part_2/ISIC_0033721.jpg,histo,80.0,female,upper extremity
HAM_0001509,ISIC_0034295,nv,0,HAM10000_images_part_2/ISIC_0034295.jpg,histo,25.0,male,lower extremity
HAM_0001509,ISIC_0033929,nv,0,HAM10000_images_part_2/ISIC_0033929.jpg,histo,25.0,male,lower extremity
HAM_0001509,ISIC_0033044,nv,0,HAM10000_images_part_2/ISIC_0033044.jpg,histo,25.0,male,lower extremity
HAM_0006418,ISIC_0033787,nv,0,HAM10000_images_part_2/ISIC_0033787.jpg,histo,65.0,female,back
HAM_0006418,ISIC_0033599,nv,0,HAM10000_images_part_2/ISIC_0033599.jpg,histo,65.0,female,back
HAM_0007299,ISIC_0033764,nv,0,HAM10000_images_part_2/ISIC_0033764.jpg,histo,50.0,male,back
HAM_0007299,ISIC_0033934,nv,0,HAM10000_images_part_2/ISIC_0033934.jpg,histo,50.0,male,back
HAM_0007299,ISIC_0032565,nv,0,HAM10000_images_part_2/ISIC_0032565.jpg,histo,50.0,male,back
HAM_0003623,ISIC_0033512,nv,0,HAM10000_images_part_2/ISIC_0033512.jpg,histo,50.0,female,back
HAM_0003623,ISIC_0032788,nv,0,HAM10000_images_part_2/ISIC_0032788.jpg,histo,50.0,female,back
HAM_0005887,ISIC_0033221,nv,0,HAM10000_images_part_2/ISIC_0033221.jpg,histo,60.0,male,lower extremity
HAM_0005887,ISIC_0033340,nv,0,HAM10000_images_part_2/ISIC_0033340.jpg,histo,60.0,male,lower extremity
HAM_0005198,ISIC_0032920,nv,0,HAM10000_images_part_2/ISIC_0032920.jpg,histo,60.0,male,lower extremity
HAM_0005198,ISIC_0033673,nv,0,HAM10000_images_part_2/ISIC_0033673.jpg,histo,60.0,male,lower extremity
HAM_0004303,ISIC_0033737,nv,0,HAM10000_images_part_2/ISIC_0033737.jpg,histo,60.0,female,upper extremity
HAM_0004303,ISIC_0033932,nv,0,HAM10000_images_part_2/ISIC_0033932.jpg,histo,60.0,female,upper extremity
HAM_0002759,ISIC_0033062,nv,0,HAM10000_images_part_2/ISIC_0033062.jpg,histo,40.0,female,back
HAM_0002759,ISIC_0034261,nv,0,HAM10000_images_part_2/ISIC_0034261.jpg,histo,40.0,female,back
HAM_0005496,ISIC_0032772,nv,0,HAM10000_images_part_2/ISIC_0032772.jpg,histo,15.0,female,lower extremity
HAM_0005496,ISIC_0034041,nv,0,HAM10000_images_part_2/ISIC_0034041.jpg,histo,15.0,female,lower extremity
HAM_0005496,ISIC_0033598,nv,0,HAM10000_images_part_2/ISIC_0033598.jpg,histo,15.0,female,lower extremity
HAM_0005496,ISIC_0034021,nv,0,HAM10000_images_part_2/ISIC_0034021.jpg,histo,15.0,female,lower extremity
HAM_0002502,ISIC_0034220,nv,0,HAM10000_images_part_2/ISIC_0034220.jpg,histo,40.0,male,abdomen
HAM_0002502,ISIC_0032973,nv,0,HAM10000_images_part_2/ISIC_0032973.jpg,histo,40.0,male,abdomen
HAM_0002502,ISIC_0033425,nv,0,HAM10000_images_part_2/ISIC_0033425.jpg,histo,40.0,male,abdomen
HAM_0004118,ISIC_0033443,nv,0,HAM10000_images_part_2/ISIC_0033443.jpg,histo,30.0,female,trunk
HAM_0004118,ISIC_0032593,nv,0,HAM10000_images_part_2/ISIC_0032593.jpg,histo,30.0,female,trunk
HAM_0004118,ISIC_0033935,nv,0,HAM10000_images_part_2/ISIC_0033935.jpg,histo,30.0,female,trunk
HAM_0000578,ISIC_0033288,nv,0,HAM10000_images_part_2/ISIC_0033288.jpg,histo,30.0,female,back
HAM_0000578,ISIC_0033087,nv,0,HAM10000_images_part_2/ISIC_0033087.jpg,histo,30.0,female,back
HAM_0006182,ISIC_0033669,nv,0,HAM10000_images_part_2/ISIC_0033669.jpg,histo,35.0,male,abdomen
HAM_0006182,ISIC_0033789,nv,0,HAM10000_images_part_2/ISIC_0033789.jpg,histo,35.0,male,abdomen
HAM_0006182,ISIC_0033419,nv,0,HAM10000_images_part_2/ISIC_0033419.jpg,histo,35.0,male,abdomen
HAM_0004024,ISIC_0032338,nv,0,HAM10000_images_part_2/ISIC_0032338.jpg,histo,65.0,female,back
HAM_0004024,ISIC_0034067,nv,0,HAM10000_images_part_2/ISIC_0034067.jpg,histo,65.0,female,back
HAM_0001872,ISIC_0031290,nv,0,HAM10000_images_part_2/ISIC_0031290.jpg,histo,60.0,female,lower extremity
HAM_0001883,ISIC_0033224,nv,0,HAM10000_images_part_2/ISIC_0033224.jpg,histo,30.0,female,back
HAM_0001883,ISIC_0033360,nv,0,HAM10000_images_part_2/ISIC_0033360.jpg,histo,30.0,female,back
HAM_0006334,ISIC_0032605,nv,0,HAM10000_images_part_2/ISIC_0032605.jpg,histo,40.0,female,back
HAM_0006334,ISIC_0032779,nv,0,HAM10000_images_part_2/ISIC_0032779.jpg,histo,40.0,female,back
HAM_0006334,ISIC_0033950,nv,0,HAM10000_images_part_2/ISIC_0033950.jpg,histo,40.0,female,back
HAM_0006782,ISIC_0032886,nv,0,HAM10000_images_part_2/ISIC_0032886.jpg,histo,50.0,female,abdomen
HAM_0006782,ISIC_0032581,nv,0,HAM10000_images_part_2/ISIC_0032581.jpg,histo,50.0,female,abdomen
HAM_0007519,ISIC_0032865,nv,0,HAM10000_images_part_2/ISIC_0032865.jpg,histo,35.0,female,upper extremity
HAM_0007519,ISIC_0033726,nv,0,HAM10000_images_part_2/ISIC_0033726.jpg,histo,35.0,female,upper extremity
HAM_0006813,ISIC_0033167,nv,0,HAM10000_images_part_2/ISIC_0033167.jpg,histo,30.0,female,trunk
HAM_0006813,ISIC_0033937,nv,0,HAM10000_images_part_2/ISIC_0033937.jpg,histo,30.0,female,trunk
HAM_0003130,ISIC_0032708,nv,0,HAM10000_images_part_2/ISIC_0032708.jpg,histo,65.0,female,abdomen
HAM_0003130,ISIC_0033574,nv,0,HAM10000_images_part_2/ISIC_0033574.jpg,histo,65.0,female,abdomen
HAM_0003535,ISIC_0033960,nv,0,HAM10000_images_part_2/ISIC_0033960.jpg,histo,35.0,female,trunk
HAM_0003535,ISIC_0033259,nv,0,HAM10000_images_part_2/ISIC_0033259.jpg,histo,35.0,female,trunk
HAM_0003535,ISIC_0033403,nv,0,HAM10000_images_part_2/ISIC_0033403.jpg,histo,35.0,female,trunk
HAM_0004375,ISIC_0034278,nv,0,HAM10000_images_part_2/ISIC_0034278.jpg,histo,35.0,male,back
HAM_0004375,ISIC_0033102,nv,0,HAM10000_images_part_2/ISIC_0033102.jpg,histo,35.0,male,back
HAM_0004226,ISIC_0032494,nv,0,HAM10000_images_part_2/ISIC_0032494.jpg,histo,25.0,female,trunk
HAM_0004226,ISIC_0032760,nv,0,HAM10000_images_part_2/ISIC_0032760.jpg,histo,25.0,female,trunk
HAM_0004226,ISIC_0034128,nv,0,HAM10000_images_part_2/ISIC_0034128.jpg,histo,25.0,female,trunk
HAM_0003969,ISIC_0033564,nv,0,HAM10000_images_part_2/ISIC_0033564.jpg,histo,15.0,female,chest
HAM_0003969,ISIC_0032627,nv,0,HAM10000_images_part_2/ISIC_0032627.jpg,histo,15.0,female,chest
HAM_0005601,ISIC_0033541,nv,0,HAM10000_images_part_2/ISIC_0033541.jpg,histo,20.0,female,abdomen
HAM_0005601,ISIC_0032670,nv,0,HAM10000_images_part_2/ISIC_0032670.jpg,histo,20.0,female,abdomen
HAM_0005601,ISIC_0033441,nv,0,HAM10000_images_part_2/ISIC_0033441.jpg,histo,20.0,female,abdomen
HAM_0002874,ISIC_0033707,nv,0,HAM10000_images_part_2/ISIC_0033707.jpg,histo,45.0,male,abdomen
HAM_0002874,ISIC_0033912,nv,0,HAM10000_images_part_2/ISIC_0033912.jpg,histo,45.0,male,abdomen
HAM_0007216,ISIC_0032962,nv,0,HAM10000_images_part_2/ISIC_0032962.jpg,histo,30.0,male,back
HAM_0002329,ISIC_0034272,nv,0,HAM10000_images_part_2/ISIC_0034272.jpg,histo,45.0,female,lower extremity
HAM_0002329,ISIC_0032911,nv,0,HAM10000_images_part_2/ISIC_0032911.jpg,histo,45.0,female,lower extremity
HAM_0002325,ISIC_0033021,nv,0,HAM10000_images_part_2/ISIC_0033021.jpg,histo,45.0,male,abdomen
HAM_0002325,ISIC_0033835,nv,0,HAM10000_images_part_2/ISIC_0033835.jpg,histo,45.0,male,abdomen
HAM_0002448,ISIC_0034122,nv,0,HAM10000_images_part_2/ISIC_0034122.jpg,histo,35.0,female,back
HAM_0002448,ISIC_0033281,nv,0,HAM10000_images_part_2/ISIC_0033281.jpg,histo,35.0,female,back
HAM_0002448,ISIC_0033285,nv,0,HAM10000_images_part_2/ISIC_0033285.jpg,histo,35.0,female,back
HAM_0001211,ISIC_0033781,nv,0,HAM10000_images_part_2/ISIC_0033781.jpg,histo,50.0,male,chest
HAM_0006559,ISIC_0034247,nv,0,HAM10000_images_part_2/ISIC_0034247.jpg,histo,25.0,female,ear
HAM_0006559,ISIC_0033455,nv,0,HAM10000_images_part_2/ISIC_0033455.jpg,histo,25.0,female,ear
HAM_0006559,ISIC_0034056,nv,0,HAM10000_images_part_2/ISIC_0034056.jpg,histo,25.0,female,ear
HAM_0003441,ISIC_0034069,nv,0,HAM10000_images_part_2/ISIC_0034069.jpg,histo,55.0,male,chest
HAM_0003441,ISIC_0032673,nv,0,HAM10000_images_part_2/ISIC_0032673.jpg,histo,55.0,male,chest
HAM_0003441,ISIC_0033684,nv,0,HAM10000_images_part_2/ISIC_0033684.jpg,histo,55.0,male,chest
HAM_0001801,ISIC_0033909,nv,0,HAM10000_images_part_2/ISIC_0033909.jpg,histo,35.0,female,abdomen
HAM_0001801,ISIC_0033293,nv,0,HAM10000_images_part_2/ISIC_0033293.jpg,histo,35.0,female,abdomen
HAM_0003057,ISIC_0033026,nv,0,HAM10000_images_part_2/ISIC_0033026.jpg,histo,45.0,female,back
HAM_0003057,ISIC_0033774,nv,0,HAM10000_images_part_2/ISIC_0033774.jpg,histo,45.0,female,back
HAM_0001708,ISIC_0034191,nv,0,HAM10000_images_part_2/ISIC_0034191.jpg,histo,55.0,male,lower extremity
HAM_0001708,ISIC_0033719,nv,0,HAM10000_images_part_2/ISIC_0033719.jpg,histo,55.0,male,lower extremity
HAM_0005312,ISIC_0034231,nv,0,HAM10000_images_part_2/ISIC_0034231.jpg,histo,20.0,female,back
HAM_0005312,ISIC_0034033,nv,0,HAM10000_images_part_2/ISIC_0034033.jpg,histo,20.0,female,back
HAM_0007052,ISIC_0032752,nv,0,HAM10000_images_part_2/ISIC_0032752.jpg,histo,50.0,male,abdomen
HAM_0007052,ISIC_0033794,nv,0,HAM10000_images_part_2/ISIC_0033794.jpg,histo,50.0,male,abdomen
HAM_0001175,ISIC_0033462,nv,0,HAM10000_images_part_2/ISIC_0033462.jpg,histo,5.0,female,lower extremity
HAM_0001175,ISIC_0033191,nv,0,HAM10000_images_part_2/ISIC_0033191.jpg,histo,5.0,female,lower extremity
HAM_0004581,ISIC_0033508,nv,0,HAM10000_images_part_2/ISIC_0033508.jpg,consensus,55.0,male,unknown
HAM_0004583,ISIC_0034200,nv,0,HAM10000_images_part_2/ISIC_0034200.jpg,consensus,55.0,male,unknown
HAM_0004581,ISIC_0032539,nv,0,HAM10000_images_part_2/ISIC_0032539.jpg,consensus,55.0,male,unknown
HAM_0004581,ISIC_0032686,nv,0,HAM10000_images_part_2/ISIC_0032686.jpg,consensus,55.0,male,unknown
HAM_0004584,ISIC_0034249,nv,0,HAM10000_images_part_2/ISIC_0034249.jpg,consensus,55.0,male,unknown
HAM_0004587,ISIC_0034181,nv,0,HAM10000_images_part_2/ISIC_0034181.jpg,consensus,55.0,male,unknown
HAM_0004590,ISIC_0032824,nv,0,HAM10000_images_part_2/ISIC_0032824.jpg,consensus,55.0,male,unknown
HAM_0001547,ISIC_0034209,nv,0,HAM10000_images_part_2/ISIC_0034209.jpg,histo,25.0,male,lower extremity
HAM_0001547,ISIC_0034297,nv,0,HAM10000_images_part_2/ISIC_0034297.jpg,histo,25.0,male,lower extremity
HAM_0004172,ISIC_0034171,nv,0,HAM10000_images_part_2/ISIC_0034171.jpg,histo,45.0,male,back
HAM_0004172,ISIC_0033996,nv,0,HAM10000_images_part_2/ISIC_0033996.jpg,histo,45.0,male,back
HAM_0002257,ISIC_0033448,nv,0,HAM10000_images_part_2/ISIC_0033448.jpg,histo,60.0,male,back
HAM_0002257,ISIC_0034304,nv,0,HAM10000_images_part_2/ISIC_0034304.jpg,histo,60.0,male,back
HAM_0004599,ISIC_0034124,nv,0,HAM10000_images_part_2/ISIC_0034124.jpg,histo,30.0,female,back
HAM_0004599,ISIC_0033861,nv,0,HAM10000_images_part_2/ISIC_0033861.jpg,histo,30.0,female,back
HAM_0000432,ISIC_0033955,nv,0,HAM10000_images_part_2/ISIC_0033955.jpg,histo,45.0,female,foot
HAM_0000432,ISIC_0033822,nv,0,HAM10000_images_part_2/ISIC_0033822.jpg,histo,45.0,female,foot
HAM_0004000,ISIC_0032762,nv,0,HAM10000_images_part_2/ISIC_0032762.jpg,histo,35.0,female,upper extremity
HAM_0004000,ISIC_0032594,nv,0,HAM10000_images_part_2/ISIC_0032594.jpg,histo,35.0,female,upper extremity
HAM_0004000,ISIC_0033147,nv,0,HAM10000_images_part_2/ISIC_0033147.jpg,histo,35.0,female,upper extremity
HAM_0006284,ISIC_0033769,nv,0,HAM10000_images_part_2/ISIC_0033769.jpg,histo,5.0,female,back
HAM_0006284,ISIC_0032904,nv,0,HAM10000_images_part_2/ISIC_0032904.jpg,histo,5.0,female,back
HAM_0003033,ISIC_0025970,nv,0,HAM10000_images_part_1/ISIC_0025970.jpg,histo,60.0,female,lower extremity
HAM_0003523,ISIC_0030447,nv,0,HAM10000_images_part_2/ISIC_0030447.jpg,histo,40.0,male,back
HAM_0003699,ISIC_0027397,nv,0,HAM10000_images_part_1/ISIC_0027397.jpg,histo,60.0,male,back
HAM_0005997,ISIC_0034108,nv,0,HAM10000_images_part_2/ISIC_0034108.jpg,histo,25.0,female,face
HAM_0005997,ISIC_0033740,nv,0,HAM10000_images_part_2/ISIC_0033740.jpg,histo,25.0,female,face
HAM_0005715,ISIC_0032519,nv,0,HAM10000_images_part_2/ISIC_0032519.jpg,histo,65.0,male,back
HAM_0005715,ISIC_0034090,nv,0,HAM10000_images_part_2/ISIC_0034090.jpg,histo,65.0,male,back
HAM_0004063,ISIC_0032896,nv,0,HAM10000_images_part_2/ISIC_0032896.jpg,histo,15.0,female,hand
HAM_0004063,ISIC_0034166,nv,0,HAM10000_images_part_2/ISIC_0034166.jpg,histo,15.0,female,hand
HAM_0005489,ISIC_0033851,nv,0,HAM10000_images_part_2/ISIC_0033851.jpg,histo,60.0,male,trunk
HAM_0004076,ISIC_0032966,nv,0,HAM10000_images_part_2/ISIC_0032966.jpg,histo,0.0,unknown,back
HAM_0004076,ISIC_0033864,nv,0,HAM10000_images_part_2/ISIC_0033864.jpg,histo,0.0,unknown,back
HAM_0006295,ISIC_0033177,nv,0,HAM10000_images_part_2/ISIC_0033177.jpg,histo,25.0,female,back
HAM_0006295,ISIC_0033086,nv,0,HAM10000_images_part_2/ISIC_0033086.jpg,histo,25.0,female,back
HAM_0006295,ISIC_0032720,nv,0,HAM10000_images_part_2/ISIC_0032720.jpg,histo,25.0,female,back
HAM_0003649,ISIC_0032946,nv,0,HAM10000_images_part_2/ISIC_0032946.jpg,histo,45.0,unknown,abdomen
HAM_0003649,ISIC_0033153,nv,0,HAM10000_images_part_2/ISIC_0033153.jpg,histo,45.0,unknown,abdomen
HAM_0002596,ISIC_0034063,nv,0,HAM10000_images_part_2/ISIC_0034063.jpg,consensus,25.0,male,unknown
HAM_0002599,ISIC_0033143,nv,0,HAM10000_images_part_2/ISIC_0033143.jpg,consensus,25.0,male,unknown
HAM_0002600,ISIC_0032588,nv,0,HAM10000_images_part_2/ISIC_0032588.jpg,consensus,25.0,male,unknown
HAM_0002601,ISIC_0032510,nv,0,HAM10000_images_part_2/ISIC_0032510.jpg,consensus,25.0,male,unknown
HAM_0002602,ISIC_0032798,nv,0,HAM10000_images_part_2/ISIC_0032798.jpg,consensus,25.0,male,unknown
HAM_0002596,ISIC_0032848,nv,0,HAM10000_images_part_2/ISIC_0032848.jpg,consensus,25.0,male,unknown
HAM_0002604,ISIC_0033656,nv,0,HAM10000_images_part_2/ISIC_0033656.jpg,consensus,25.0,male,unknown
HAM_0002606,ISIC_0033228,nv,0,HAM10000_images_part_2/ISIC_0033228.jpg,consensus,25.0,male,unknown
HAM_0002607,ISIC_0032744,nv,0,HAM10000_images_part_2/ISIC_0032744.jpg,consensus,25.0,male,unknown
HAM_0001405,ISIC_0033033,nv,0,HAM10000_images_part_2/ISIC_0033033.jpg,histo,55.0,female,lower extremity
HAM_0001405,ISIC_0033390,nv,0,HAM10000_images_part_2/ISIC_0033390.jpg,histo,55.0,female,lower extremity
HAM_0001405,ISIC_0033836,nv,0,HAM10000_images_part_2/ISIC_0033836.jpg,histo,55.0,female,lower extremity
HAM_0001755,ISIC_0029393,nv,0,HAM10000_images_part_2/ISIC_0029393.jpg,histo,25.0,male,trunk
HAM_0003997,ISIC_0030537,nv,0,HAM10000_images_part_2/ISIC_0030537.jpg,histo,45.0,female,unknown
HAM_0001002,ISIC_0026348,nv,0,HAM10000_images_part_1/ISIC_0026348.jpg,histo,55.0,male,upper extremity
HAM_0001002,ISIC_0028280,nv,0,HAM10000_images_part_1/ISIC_0028280.jpg,histo,55.0,male,upper extremity
HAM_0000312,ISIC_0029654,nv,0,HAM10000_images_part_2/ISIC_0029654.jpg,histo,25.0,female,trunk
HAM_0001706,ISIC_0030023,nv,0,HAM10000_images_part_2/ISIC_0030023.jpg,histo,40.0,male,trunk
HAM_0003857,ISIC_0028210,nv,0,HAM10000_images_part_1/ISIC_0028210.jpg,histo,40.0,male,back
HAM_0004412,ISIC_0029531,nv,0,HAM10000_images_part_2/ISIC_0029531.jpg,histo,35.0,female,abdomen
HAM_0004412,ISIC_0030961,nv,0,HAM10000_images_part_2/ISIC_0030961.jpg,histo,35.0,female,abdomen
HAM_0001031,ISIC_0030626,nv,0,HAM10000_images_part_2/ISIC_0030626.jpg,histo,40.0,male,trunk
HAM_0001031,ISIC_0031163,nv,0,HAM10000_images_part_2/ISIC_0031163.jpg,histo,40.0,male,trunk
HAM_0006478,ISIC_0025210,nv,0,HAM10000_images_part_1/ISIC_0025210.jpg,histo,45.0,male,back
HAM_0006478,ISIC_0026372,nv,0,HAM10000_images_part_1/ISIC_0026372.jpg,histo,45.0,male,back
HAM_0004564,ISIC_0026761,nv,0,HAM10000_images_part_1/ISIC_0026761.jpg,histo,15.0,female,back
HAM_0004564,ISIC_0032322,nv,0,HAM10000_images_part_2/ISIC_0032322.jpg,histo,15.0,female,back
HAM_0005578,ISIC_0032496,nv,0,HAM10000_images_part_2/ISIC_0032496.jpg,histo,25.0,male,back
HAM_0000348,ISIC_0028290,nv,0,HAM10000_images_part_1/ISIC_0028290.jpg,histo,35.0,male,back
HAM_0002740,ISIC_0027246,nv,0,HAM10000_images_part_1/ISIC_0027246.jpg,histo,30.0,male,back
HAM_0004954,ISIC_0030156,nv,0,HAM10000_images_part_2/ISIC_0030156.jpg,histo,35.0,female,lower extremity
HAM_0006529,ISIC_0024695,nv,0,HAM10000_images_part_1/ISIC_0024695.jpg,histo,55.0,female,trunk
HAM_0004675,ISIC_0031411,nv,0,HAM10000_images_part_2/ISIC_0031411.jpg,histo,55.0,female,lower extremity
HAM_0000054,ISIC_0025795,nv,0,HAM10000_images_part_1/ISIC_0025795.jpg,histo,35.0,female,back
HAM_0000054,ISIC_0026498,nv,0,HAM10000_images_part_1/ISIC_0026498.jpg,histo,35.0,female,back
HAM_0005421,ISIC_0031970,nv,0,HAM10000_images_part_2/ISIC_0031970.jpg,histo,75.0,male,trunk
HAM_0005421,ISIC_0028060,nv,0,HAM10000_images_part_1/ISIC_0028060.jpg,histo,75.0,male,trunk
HAM_0001269,ISIC_0027582,nv,0,HAM10000_images_part_1/ISIC_0027582.jpg,histo,40.0,female,trunk
HAM_0000279,ISIC_0028429,nv,0,HAM10000_images_part_1/ISIC_0028429.jpg,histo,40.0,female,trunk
HAM_0000279,ISIC_0032375,nv,0,HAM10000_images_part_2/ISIC_0032375.jpg,histo,40.0,female,trunk
HAM_0000135,ISIC_0030362,nv,0,HAM10000_images_part_2/ISIC_0030362.jpg,histo,25.0,female,lower extremity
HAM_0000135,ISIC_0031460,nv,0,HAM10000_images_part_2/ISIC_0031460.jpg,histo,25.0,female,lower extremity
HAM_0003667,ISIC_0025695,nv,0,HAM10000_images_part_1/ISIC_0025695.jpg,histo,10.0,male,chest
HAM_0003667,ISIC_0026427,nv,0,HAM10000_images_part_1/ISIC_0026427.jpg,histo,10.0,male,chest
HAM_0001276,ISIC_0031948,nv,0,HAM10000_images_part_2/ISIC_0031948.jpg,histo,70.0,male,trunk
HAM_0001745,ISIC_0025045,nv,0,HAM10000_images_part_1/ISIC_0025045.jpg,histo,65.0,male,back
HAM_0001745,ISIC_0030543,nv,0,HAM10000_images_part_2/ISIC_0030543.jpg,histo,65.0,male,back
HAM_0001012,ISIC_0031867,nv,0,HAM10000_images_part_2/ISIC_0031867.jpg,histo,55.0,male,chest
HAM_0001242,ISIC_0025988,nv,0,HAM10000_images_part_1/ISIC_0025988.jpg,histo,40.0,female,lower extremity
HAM_0000231,ISIC_0024608,nv,0,HAM10000_images_part_1/ISIC_0024608.jpg,histo,55.0,male,lower extremity
HAM_0000626,ISIC_0025267,nv,0,HAM10000_images_part_1/ISIC_0025267.jpg,histo,35.0,female,foot
HAM_0000626,ISIC_0029581,nv,0,HAM10000_images_part_2/ISIC_0029581.jpg,histo,35.0,female,foot
HAM_0004485,ISIC_0029814,nv,0,HAM10000_images_part_2/ISIC_0029814.jpg,histo,35.0,female,lower extremity
HAM_0004485,ISIC_0031481,nv,0,HAM10000_images_part_2/ISIC_0031481.jpg,histo,35.0,female,lower extremity
HAM_0006390,ISIC_0025887,nv,0,HAM10000_images_part_1/ISIC_0025887.jpg,histo,55.0,male,trunk
HAM_0005232,ISIC_0025993,nv,0,HAM10000_images_part_1/ISIC_0025993.jpg,histo,25.0,female,chest
HAM_0002023,ISIC_0028540,nv,0,HAM10000_images_part_1/ISIC_0028540.jpg,histo,25.0,female,lower extremity
HAM_0003745,ISIC_0029704,nv,0,HAM10000_images_part_2/ISIC_0029704.jpg,histo,30.0,male,abdomen
HAM_0001450,ISIC_0030771,nv,0,HAM10000_images_part_2/ISIC_0030771.jpg,histo,45.0,male,lower extremity
HAM_0000773,ISIC_0026049,nv,0,HAM10000_images_part_1/ISIC_0026049.jpg,histo,30.0,female,abdomen
HAM_0000861,ISIC_0028734,nv,0,HAM10000_images_part_1/ISIC_0028734.jpg,histo,20.0,female,lower extremity
HAM_0000861,ISIC_0026125,nv,0,HAM10000_images_part_1/ISIC_0026125.jpg,histo,20.0,female,lower extremity
HAM_0007079,ISIC_0029904,nv,0,HAM10000_images_part_2/ISIC_0029904.jpg,histo,35.0,male,upper extremity
HAM_0000272,ISIC_0026370,nv,0,HAM10000_images_part_1/ISIC_0026370.jpg,histo,30.0,male,back
HAM_0003192,ISIC_0030284,nv,0,HAM10000_images_part_2/ISIC_0030284.jpg,histo,40.0,female,back
HAM_0002907,ISIC_0029730,nv,0,HAM10000_images_part_2/ISIC_0029730.jpg,histo,30.0,male,trunk
HAM_0001612,ISIC_0025618,nv,0,HAM10000_images_part_1/ISIC_0025618.jpg,histo,30.0,female,foot
HAM_0003867,ISIC_0028425,nv,0,HAM10000_images_part_1/ISIC_0028425.jpg,histo,25.0,female,unknown
HAM_0000448,ISIC_0026210,nv,0,HAM10000_images_part_1/ISIC_0026210.jpg,histo,25.0,male,lower extremity
HAM_0000448,ISIC_0025100,nv,0,HAM10000_images_part_1/ISIC_0025100.jpg,histo,25.0,male,lower extremity
HAM_0003062,ISIC_0024319,nv,0,HAM10000_images_part_1/ISIC_0024319.jpg,histo,55.0,male,lower extremity
HAM_0007443,ISIC_0031206,nv,0,HAM10000_images_part_2/ISIC_0031206.jpg,histo,25.0,female,back
HAM_0001470,ISIC_0030361,nv,0,HAM10000_images_part_2/ISIC_0030361.jpg,histo,40.0,female,upper extremity
HAM_0000410,ISIC_0031796,nv,0,HAM10000_images_part_2/ISIC_0031796.jpg,histo,55.0,female,upper extremity
HAM_0001452,ISIC_0026402,nv,0,HAM10000_images_part_1/ISIC_0026402.jpg,histo,25.0,female,lower extremity
HAM_0007195,ISIC_0031923,nv,0,HAM10000_images_part_2/ISIC_0031923.jpg,histo,40.0,female,lower extremity
HAM_0003675,ISIC_0028573,nv,0,HAM10000_images_part_1/ISIC_0028573.jpg,histo,65.0,male,back
HAM_0005590,ISIC_0024458,nv,0,HAM10000_images_part_1/ISIC_0024458.jpg,histo,30.0,male,chest
HAM_0000139,ISIC_0027909,nv,0,HAM10000_images_part_1/ISIC_0027909.jpg,histo,45.0,female,chest
HAM_0005092,ISIC_0030232,nv,0,HAM10000_images_part_2/ISIC_0030232.jpg,histo,20.0,female,lower extremity
HAM_0004864,ISIC_0024682,nv,0,HAM10000_images_part_1/ISIC_0024682.jpg,histo,20.0,female,upper extremity
HAM_0005014,ISIC_0030504,nv,0,HAM10000_images_part_2/ISIC_0030504.jpg,histo,60.0,male,neck
HAM_0000231,ISIC_0030841,nv,0,HAM10000_images_part_2/ISIC_0030841.jpg,histo,55.0,male,lower extremity
HAM_0000354,ISIC_0027348,nv,0,HAM10000_images_part_1/ISIC_0027348.jpg,histo,15.0,female,trunk
HAM_0005907,ISIC_0027623,nv,0,HAM10000_images_part_1/ISIC_0027623.jpg,histo,15.0,female,foot
HAM_0002881,ISIC_0026328,nv,0,HAM10000_images_part_1/ISIC_0026328.jpg,histo,40.0,male,foot
HAM_0002881,ISIC_0029334,nv,0,HAM10000_images_part_2/ISIC_0029334.jpg,histo,40.0,male,foot
HAM_0000140,ISIC_0030074,nv,0,HAM10000_images_part_2/ISIC_0030074.jpg,histo,40.0,male,upper extremity
HAM_0005327,ISIC_0031703,nv,0,HAM10000_images_part_2/ISIC_0031703.jpg,histo,30.0,female,abdomen
HAM_0007275,ISIC_0026705,nv,0,HAM10000_images_part_1/ISIC_0026705.jpg,histo,20.0,female,lower extremity
HAM_0004830,ISIC_0027248,nv,0,HAM10000_images_part_1/ISIC_0027248.jpg,histo,30.0,female,abdomen
HAM_0004830,ISIC_0027567,nv,0,HAM10000_images_part_1/ISIC_0027567.jpg,histo,30.0,female,abdomen
HAM_0001134,ISIC_0026913,nv,0,HAM10000_images_part_1/ISIC_0026913.jpg,histo,40.0,male,chest
HAM_0001919,ISIC_0026424,nv,0,HAM10000_images_part_1/ISIC_0026424.jpg,histo,15.0,male,trunk
HAM_0003099,ISIC_0025734,nv,0,HAM10000_images_part_1/ISIC_0025734.jpg,histo,25.0,male,back
HAM_0003016,ISIC_0027670,nv,0,HAM10000_images_part_1/ISIC_0027670.jpg,histo,85.0,male,back
HAM_0003016,ISIC_0027097,nv,0,HAM10000_images_part_1/ISIC_0027097.jpg,histo,85.0,male,back
HAM_0000717,ISIC_0030455,nv,0,HAM10000_images_part_2/ISIC_0030455.jpg,histo,25.0,female,abdomen
HAM_0000167,ISIC_0029431,nv,0,HAM10000_images_part_2/ISIC_0029431.jpg,histo,55.0,female,lower extremity
HAM_0001041,ISIC_0026886,nv,0,HAM10000_images_part_1/ISIC_0026886.jpg,histo,10.0,female,upper extremity
HAM_0001041,ISIC_0027942,nv,0,HAM10000_images_part_1/ISIC_0027942.jpg,histo,10.0,female,upper extremity
HAM_0007528,ISIC_0027003,nv,0,HAM10000_images_part_1/ISIC_0027003.jpg,histo,25.0,female,lower extremity
HAM_0000431,ISIC_0030717,nv,0,HAM10000_images_part_2/ISIC_0030717.jpg,histo,35.0,female,back
HAM_0000431,ISIC_0026067,nv,0,HAM10000_images_part_1/ISIC_0026067.jpg,histo,35.0,female,back
HAM_0004450,ISIC_0028868,nv,0,HAM10000_images_part_1/ISIC_0028868.jpg,histo,30.0,male,chest
HAM_0000752,ISIC_0026419,nv,0,HAM10000_images_part_1/ISIC_0026419.jpg,histo,15.0,male,lower extremity
HAM_0000752,ISIC_0027052,nv,0,HAM10000_images_part_1/ISIC_0027052.jpg,histo,15.0,male,lower extremity
HAM_0001637,ISIC_0031521,nv,0,HAM10000_images_part_2/ISIC_0031521.jpg,histo,35.0,male,chest
HAM_0003639,ISIC_0028894,nv,0,HAM10000_images_part_1/ISIC_0028894.jpg,histo,60.0,female,abdomen
HAM_0000335,ISIC_0032021,nv,0,HAM10000_images_part_2/ISIC_0032021.jpg,histo,25.0,female,upper extremity
HAM_0005840,ISIC_0030773,nv,0,HAM10000_images_part_2/ISIC_0030773.jpg,histo,45.0,female,chest
HAM_0005840,ISIC_0028692,nv,0,HAM10000_images_part_1/ISIC_0028692.jpg,histo,45.0,female,chest
HAM_0005840,ISIC_0032260,nv,0,HAM10000_images_part_2/ISIC_0032260.jpg,histo,45.0,female,chest
HAM_0006754,ISIC_0029664,nv,0,HAM10000_images_part_2/ISIC_0029664.jpg,histo,55.0,female,upper extremity
HAM_0004719,ISIC_0029276,nv,0,HAM10000_images_part_1/ISIC_0029276.jpg,histo,25.0,male,lower extremity
HAM_0005319,ISIC_0025469,nv,0,HAM10000_images_part_1/ISIC_0025469.jpg,histo,70.0,male,trunk
HAM_0005319,ISIC_0025133,nv,0,HAM10000_images_part_1/ISIC_0025133.jpg,histo,70.0,male,trunk
HAM_0000182,ISIC_0030116,nv,0,HAM10000_images_part_2/ISIC_0030116.jpg,histo,60.0,male,neck
HAM_0000182,ISIC_0026270,nv,0,HAM10000_images_part_1/ISIC_0026270.jpg,histo,60.0,male,neck
HAM_0000182,ISIC_0025096,nv,0,HAM10000_images_part_1/ISIC_0025096.jpg,histo,60.0,male,neck
HAM_0003044,ISIC_0028544,nv,0,HAM10000_images_part_1/ISIC_0028544.jpg,histo,55.0,male,back
HAM_0000397,ISIC_0024538,nv,0,HAM10000_images_part_1/ISIC_0024538.jpg,histo,35.0,male,trunk
HAM_0000397,ISIC_0029499,nv,0,HAM10000_images_part_2/ISIC_0029499.jpg,histo,35.0,male,trunk
HAM_0000397,ISIC_0025208,nv,0,HAM10000_images_part_1/ISIC_0025208.jpg,histo,35.0,male,trunk
HAM_0001588,ISIC_0031956,nv,0,HAM10000_images_part_2/ISIC_0031956.jpg,histo,30.0,female,lower extremity
HAM_0007585,ISIC_0032347,nv,0,HAM10000_images_part_2/ISIC_0032347.jpg,histo,35.0,female,back
HAM_0001567,ISIC_0027398,nv,0,HAM10000_images_part_1/ISIC_0027398.jpg,histo,40.0,female,back
HAM_0001567,ISIC_0032407,nv,0,HAM10000_images_part_2/ISIC_0032407.jpg,histo,40.0,female,back
HAM_0003127,ISIC_0026272,nv,0,HAM10000_images_part_1/ISIC_0026272.jpg,histo,35.0,male,back
HAM_0003127,ISIC_0024658,nv,0,HAM10000_images_part_1/ISIC_0024658.jpg,histo,35.0,male,back
HAM_0002324,ISIC_0025381,nv,0,HAM10000_images_part_1/ISIC_0025381.jpg,histo,40.0,male,foot
HAM_0006364,ISIC_0029027,nv,0,HAM10000_images_part_1/ISIC_0029027.jpg,histo,30.0,female,back
HAM_0006547,ISIC_0027258,nv,0,HAM10000_images_part_1/ISIC_0027258.jpg,histo,55.0,female,back
HAM_0002154,ISIC_0030840,nv,0,HAM10000_images_part_2/ISIC_0030840.jpg,histo,70.0,male,chest
HAM_0000032,ISIC_0032291,nv,0,HAM10000_images_part_2/ISIC_0032291.jpg,histo,60.0,male,abdomen
HAM_0003127,ISIC_0028957,nv,0,HAM10000_images_part_1/ISIC_0028957.jpg,histo,35.0,male,back
HAM_0001236,ISIC_0030615,nv,0,HAM10000_images_part_2/ISIC_0030615.jpg,histo,60.0,male,back
HAM_0003276,ISIC_0024975,nv,0,HAM10000_images_part_1/ISIC_0024975.jpg,histo,35.0,female,trunk
HAM_0003276,ISIC_0025782,nv,0,HAM10000_images_part_1/ISIC_0025782.jpg,histo,35.0,female,trunk
HAM_0002187,ISIC_0031308,nv,0,HAM10000_images_part_2/ISIC_0031308.jpg,histo,25.0,female,lower extremity
HAM_0002187,ISIC_0028981,nv,0,HAM10000_images_part_1/ISIC_0028981.jpg,histo,25.0,female,lower extremity
HAM_0003387,ISIC_0031079,nv,0,HAM10000_images_part_2/ISIC_0031079.jpg,histo,25.0,female,abdomen
HAM_0003387,ISIC_0028524,nv,0,HAM10000_images_part_1/ISIC_0028524.jpg,histo,25.0,female,abdomen
HAM_0000184,ISIC_0027412,nv,0,HAM10000_images_part_1/ISIC_0027412.jpg,histo,45.0,female,trunk
HAM_0005085,ISIC_0029257,nv,0,HAM10000_images_part_1/ISIC_0029257.jpg,histo,70.0,male,back
HAM_0005085,ISIC_0030225,nv,0,HAM10000_images_part_2/ISIC_0030225.jpg,histo,70.0,male,back
HAM_0001212,ISIC_0024846,nv,0,HAM10000_images_part_1/ISIC_0024846.jpg,histo,40.0,female,back
HAM_0006041,ISIC_0029313,nv,0,HAM10000_images_part_2/ISIC_0029313.jpg,histo,30.0,male,lower extremity
HAM_0006041,ISIC_0030508,nv,0,HAM10000_images_part_2/ISIC_0030508.jpg,histo,30.0,male,lower extremity
HAM_0000924,ISIC_0026804,nv,0,HAM10000_images_part_1/ISIC_0026804.jpg,histo,25.0,male,lower extremity
HAM_0000924,ISIC_0031194,nv,0,HAM10000_images_part_2/ISIC_0031194.jpg,histo,25.0,male,lower extremity
HAM_0002661,ISIC_0025665,nv,0,HAM10000_images_part_1/ISIC_0025665.jpg,histo,55.0,female,lower extremity
HAM_0002661,ISIC_0030597,nv,0,HAM10000_images_part_2/ISIC_0030597.jpg,histo,55.0,female,lower extremity
HAM_0002661,ISIC_0026692,nv,0,HAM10000_images_part_1/ISIC_0026692.jpg,histo,55.0,female,lower extremity
HAM_0001142,ISIC_0024503,nv,0,HAM10000_images_part_1/ISIC_0024503.jpg,histo,50.0,male,foot
HAM_0001142,ISIC_0029667,nv,0,HAM10000_images_part_2/ISIC_0029667.jpg,histo,50.0,male,foot
HAM_0004787,ISIC_0029566,nv,0,HAM10000_images_part_2/ISIC_0029566.jpg,histo,50.0,male,back
HAM_0005794,ISIC_0027574,nv,0,HAM10000_images_part_1/ISIC_0027574.jpg,histo,30.0,female,upper extremity
HAM_0005794,ISIC_0030058,nv,0,HAM10000_images_part_2/ISIC_0030058.jpg,histo,30.0,female,upper extremity
HAM_0006126,ISIC_0027821,nv,0,HAM10000_images_part_1/ISIC_0027821.jpg,histo,40.0,male,upper extremity
HAM_0006126,ISIC_0027715,nv,0,HAM10000_images_part_1/ISIC_0027715.jpg,histo,40.0,male,upper extremity
HAM_0004895,ISIC_0027519,nv,0,HAM10000_images_part_1/ISIC_0027519.jpg,histo,40.0,female,foot
HAM_0004895,ISIC_0024753,nv,0,HAM10000_images_part_1/ISIC_0024753.jpg,histo,40.0,female,foot
HAM_0004665,ISIC_0030990,nv,0,HAM10000_images_part_2/ISIC_0030990.jpg,histo,40.0,female,foot
HAM_0001137,ISIC_0029359,nv,0,HAM10000_images_part_2/ISIC_0029359.jpg,histo,60.0,female,chest
HAM_0001137,ISIC_0029746,nv,0,HAM10000_images_part_2/ISIC_0029746.jpg,histo,60.0,female,chest
HAM_0001872,ISIC_0029188,nv,0,HAM10000_images_part_1/ISIC_0029188.jpg,histo,60.0,female,lower extremity
HAM_0001872,ISIC_0027800,nv,0,HAM10000_images_part_1/ISIC_0027800.jpg,histo,60.0,female,lower extremity
HAM_0003833,ISIC_0026841,nv,0,HAM10000_images_part_1/ISIC_0026841.jpg,histo,75.0,female,lower extremity
HAM_0003833,ISIC_0025945,nv,0,HAM10000_images_part_1/ISIC_0025945.jpg,histo,75.0,female,lower extremity
HAM_0003833,ISIC_0031149,nv,0,HAM10000_images_part_2/ISIC_0031149.jpg,histo,75.0,female,lower extremity
HAM_0000342,ISIC_0027902,nv,0,HAM10000_images_part_1/ISIC_0027902.jpg,histo,75.0,female,lower extremity
HAM_0000342,ISIC_0027226,nv,0,HAM10000_images_part_1/ISIC_0027226.jpg,histo,75.0,female,lower extremity
HAM_0002300,ISIC_0028360,nv,0,HAM10000_images_part_1/ISIC_0028360.jpg,histo,35.0,female,back
HAM_0002300,ISIC_0029861,nv,0,HAM10000_images_part_2/ISIC_0029861.jpg,histo,35.0,female,back
HAM_0002300,ISIC_0024366,nv,0,HAM10000_images_part_1/ISIC_0024366.jpg,histo,35.0,female,back
HAM_0004068,ISIC_0032492,nv,0,HAM10000_images_part_2/ISIC_0032492.jpg,histo,30.0,female,abdomen
HAM_0004068,ISIC_0027853,nv,0,HAM10000_images_part_1/ISIC_0027853.jpg,histo,30.0,female,abdomen
HAM_0004068,ISIC_0028545,nv,0,HAM10000_images_part_1/ISIC_0028545.jpg,histo,30.0,female,abdomen
HAM_0004133,ISIC_0024941,nv,0,HAM10000_images_part_1/ISIC_0024941.jpg,histo,40.0,female,lower extremity
HAM_0004133,ISIC_0026028,nv,0,HAM10000_images_part_1/ISIC_0026028.jpg,histo,40.0,female,lower extremity
HAM_0000509,ISIC_0031447,nv,0,HAM10000_images_part_2/ISIC_0031447.jpg,histo,50.0,female,lower extremity
HAM_0000509,ISIC_0024837,nv,0,HAM10000_images_part_1/ISIC_0024837.jpg,histo,50.0,female,lower extremity
HAM_0000509,ISIC_0031667,nv,0,HAM10000_images_part_2/ISIC_0031667.jpg,histo,50.0,female,lower extremity
HAM_0000509,ISIC_0026027,nv,0,HAM10000_images_part_1/ISIC_0026027.jpg,histo,50.0,female,lower extremity
HAM_0001027,ISIC_0031839,nv,0,HAM10000_images_part_2/ISIC_0031839.jpg,histo,45.0,male,trunk
HAM_0001027,ISIC_0026455,nv,0,HAM10000_images_part_1/ISIC_0026455.jpg,histo,45.0,male,trunk
HAM_0001027,ISIC_0028265,nv,0,HAM10000_images_part_1/ISIC_0028265.jpg,histo,45.0,male,trunk
HAM_0001830,ISIC_0028057,nv,0,HAM10000_images_part_1/ISIC_0028057.jpg,histo,55.0,female,back
HAM_0001830,ISIC_0031502,nv,0,HAM10000_images_part_2/ISIC_0031502.jpg,histo,55.0,female,back
HAM_0001669,ISIC_0025020,nv,0,HAM10000_images_part_1/ISIC_0025020.jpg,histo,35.0,male,trunk
HAM_0001669,ISIC_0026106,nv,0,HAM10000_images_part_1/ISIC_0026106.jpg,histo,35.0,male,trunk
HAM_0003320,ISIC_0031905,nv,0,HAM10000_images_part_2/ISIC_0031905.jpg,histo,35.0,male,trunk
HAM_0003320,ISIC_0030367,nv,0,HAM10000_images_part_2/ISIC_0030367.jpg,histo,35.0,male,trunk
HAM_0000963,ISIC_0032227,nv,0,HAM10000_images_part_2/ISIC_0032227.jpg,histo,35.0,male,trunk
HAM_0003828,ISIC_0031657,nv,0,HAM10000_images_part_2/ISIC_0031657.jpg,histo,35.0,female,abdomen
HAM_0003828,ISIC_0030077,nv,0,HAM10000_images_part_2/ISIC_0030077.jpg,histo,35.0,female,abdomen
HAM_0003828,ISIC_0029865,nv,0,HAM10000_images_part_2/ISIC_0029865.jpg,histo,35.0,female,abdomen
HAM_0000751,ISIC_0025545,nv,0,HAM10000_images_part_1/ISIC_0025545.jpg,histo,30.0,female,lower extremity
HAM_0000751,ISIC_0032003,nv,0,HAM10000_images_part_2/ISIC_0032003.jpg,histo,30.0,female,lower extremity
HAM_0000618,ISIC_0025840,nv,0,HAM10000_images_part_1/ISIC_0025840.jpg,histo,30.0,female,lower extremity
HAM_0004432,ISIC_0030466,nv,0,HAM10000_images_part_2/ISIC_0030466.jpg,histo,25.0,male,abdomen
HAM_0004432,ISIC_0024529,nv,0,HAM10000_images_part_1/ISIC_0024529.jpg,histo,25.0,male,abdomen
HAM_0000163,ISIC_0027338,nv,0,HAM10000_images_part_1/ISIC_0027338.jpg,histo,60.0,male,back
HAM_0000163,ISIC_0025534,nv,0,HAM10000_images_part_1/ISIC_0025534.jpg,histo,60.0,male,back
HAM_0001297,ISIC_0030135,nv,0,HAM10000_images_part_2/ISIC_0030135.jpg,histo,60.0,male,back
HAM_0001297,ISIC_0030941,nv,0,HAM10000_images_part_2/ISIC_0030941.jpg,histo,60.0,male,back
HAM_0001895,ISIC_0029938,nv,0,HAM10000_images_part_2/ISIC_0029938.jpg,histo,25.0,male,chest
HAM_0001895,ISIC_0024777,nv,0,HAM10000_images_part_1/ISIC_0024777.jpg,histo,25.0,male,chest
HAM_0001895,ISIC_0029196,nv,0,HAM10000_images_part_1/ISIC_0029196.jpg,histo,25.0,male,chest
HAM_0006608,ISIC_0027827,nv,0,HAM10000_images_part_1/ISIC_0027827.jpg,histo,60.0,male,back
HAM_0006608,ISIC_0025491,nv,0,HAM10000_images_part_1/ISIC_0025491.jpg,histo,60.0,male,back
HAM_0002979,ISIC_0030588,nv,0,HAM10000_images_part_2/ISIC_0030588.jpg,histo,35.0,female,back
HAM_0002979,ISIC_0025511,nv,0,HAM10000_images_part_1/ISIC_0025511.jpg,histo,35.0,female,back
HAM_0005284,ISIC_0029640,nv,0,HAM10000_images_part_2/ISIC_0029640.jpg,histo,20.0,male,back
HAM_0005284,ISIC_0029724,nv,0,HAM10000_images_part_2/ISIC_0029724.jpg,histo,20.0,male,back
HAM_0005284,ISIC_0027707,nv,0,HAM10000_images_part_1/ISIC_0027707.jpg,histo,20.0,male,back
HAM_0003345,ISIC_0032165,nv,0,HAM10000_images_part_2/ISIC_0032165.jpg,histo,70.0,male,chest
HAM_0003345,ISIC_0024718,nv,0,HAM10000_images_part_1/ISIC_0024718.jpg,histo,70.0,male,chest
HAM_0003345,ISIC_0024834,nv,0,HAM10000_images_part_1/ISIC_0024834.jpg,histo,70.0,male,chest
HAM_0002645,ISIC_0024587,nv,0,HAM10000_images_part_1/ISIC_0024587.jpg,histo,15.0,female,back
HAM_0002645,ISIC_0029666,nv,0,HAM10000_images_part_2/ISIC_0029666.jpg,histo,15.0,female,back
HAM_0002645,ISIC_0027698,nv,0,HAM10000_images_part_1/ISIC_0027698.jpg,histo,15.0,female,back
HAM_0005110,ISIC_0025412,nv,0,HAM10000_images_part_1/ISIC_0025412.jpg,histo,20.0,female,back
HAM_0005110,ISIC_0025785,nv,0,HAM10000_images_part_1/ISIC_0025785.jpg,histo,20.0,female,back
HAM_0005110,ISIC_0028494,nv,0,HAM10000_images_part_1/ISIC_0028494.jpg,histo,20.0,female,back
HAM_0000025,ISIC_0024349,nv,0,HAM10000_images_part_1/ISIC_0024349.jpg,histo,35.0,male,lower extremity
HAM_0000025,ISIC_0026126,nv,0,HAM10000_images_part_1/ISIC_0026126.jpg,histo,35.0,male,lower extremity
HAM_0000025,ISIC_0028271,nv,0,HAM10000_images_part_1/ISIC_0028271.jpg,histo,35.0,male,lower extremity
HAM_0002216,ISIC_0026305,nv,0,HAM10000_images_part_1/ISIC_0026305.jpg,histo,60.0,male,back
HAM_0002216,ISIC_0028454,nv,0,HAM10000_images_part_1/ISIC_0028454.jpg,histo,60.0,male,back
HAM_0002628,ISIC_0030852,nv,0,HAM10000_images_part_2/ISIC_0030852.jpg,histo,50.0,male,lower extremity
HAM_0002628,ISIC_0030652,nv,0,HAM10000_images_part_2/ISIC_0030652.jpg,histo,50.0,male,lower extremity
HAM_0002628,ISIC_0031204,nv,0,HAM10000_images_part_2/ISIC_0031204.jpg,histo,50.0,male,lower extremity
HAM_0003284,ISIC_0030894,nv,0,HAM10000_images_part_2/ISIC_0030894.jpg,histo,75.0,female,lower extremity
HAM_0000222,ISIC_0027658,nv,0,HAM10000_images_part_1/ISIC_0027658.jpg,histo,10.0,female,lower extremity
HAM_0000222,ISIC_0028678,nv,0,HAM10000_images_part_1/ISIC_0028678.jpg,histo,10.0,female,lower extremity
HAM_0000996,ISIC_0027122,nv,0,HAM10000_images_part_1/ISIC_0027122.jpg,histo,65.0,male,abdomen
HAM_0000996,ISIC_0031340,nv,0,HAM10000_images_part_2/ISIC_0031340.jpg,histo,65.0,male,abdomen
HAM_0000996,ISIC_0024793,nv,0,HAM10000_images_part_1/ISIC_0024793.jpg,histo,65.0,male,abdomen
HAM_0001817,ISIC_0024938,nv,0,HAM10000_images_part_1/ISIC_0024938.jpg,histo,75.0,male,trunk
HAM_0001817,ISIC_0030065,nv,0,HAM10000_images_part_2/ISIC_0030065.jpg,histo,75.0,male,trunk
HAM_0001817,ISIC_0025231,nv,0,HAM10000_images_part_1/ISIC_0025231.jpg,histo,75.0,male,trunk
HAM_0000637,ISIC_0027514,nv,0,HAM10000_images_part_1/ISIC_0027514.jpg,histo,75.0,male,trunk
HAM_0000275,ISIC_0029382,nv,0,HAM10000_images_part_2/ISIC_0029382.jpg,histo,75.0,male,trunk
HAM_0000275,ISIC_0030093,nv,0,HAM10000_images_part_2/ISIC_0030093.jpg,histo,75.0,male,trunk
HAM_0000275,ISIC_0028645,nv,0,HAM10000_images_part_1/ISIC_0028645.jpg,histo,75.0,male,trunk
HAM_0000391,ISIC_0031857,nv,0,HAM10000_images_part_2/ISIC_0031857.jpg,histo,25.0,female,abdomen
HAM_0000391,ISIC_0028621,nv,0,HAM10000_images_part_1/ISIC_0028621.jpg,histo,25.0,female,abdomen
HAM_0000391,ISIC_0025683,nv,0,HAM10000_images_part_1/ISIC_0025683.jpg,histo,25.0,female,abdomen
HAM_0003113,ISIC_0025170,nv,0,HAM10000_images_part_1/ISIC_0025170.jpg,histo,60.0,male,trunk
HAM_0003113,ISIC_0031811,nv,0,HAM10000_images_part_2/ISIC_0031811.jpg,histo,60.0,male,trunk
HAM_0003113,ISIC_0024520,nv,0,HAM10000_images_part_1/ISIC_0024520.jpg,histo,60.0,male,trunk
HAM_0006430,ISIC_0031984,nv,0,HAM10000_images_part_2/ISIC_0031984.jpg,histo,20.0,female,back
HAM_0006430,ISIC_0026487,nv,0,HAM10000_images_part_1/ISIC_0026487.jpg,histo,20.0,female,back
HAM_0004443,ISIC_0030945,nv,0,HAM10000_images_part_2/ISIC_0030945.jpg,histo,75.0,male,face
HAM_0005466,ISIC_0024721,nv,0,HAM10000_images_part_1/ISIC_0024721.jpg,histo,35.0,male,chest
HAM_0000188,ISIC_0027020,nv,0,HAM10000_images_part_1/ISIC_0027020.jpg,histo,40.0,male,abdomen
HAM_0000188,ISIC_0028390,nv,0,HAM10000_images_part_1/ISIC_0028390.jpg,histo,40.0,male,abdomen
HAM_0000188,ISIC_0029199,nv,0,HAM10000_images_part_1/ISIC_0029199.jpg,histo,40.0,male,abdomen
HAM_0002470,ISIC_0026611,nv,0,HAM10000_images_part_1/ISIC_0026611.jpg,histo,30.0,female,chest
HAM_0005770,ISIC_0026052,nv,0,HAM10000_images_part_1/ISIC_0026052.jpg,histo,15.0,female,back
HAM_0000211,ISIC_0029609,nv,0,HAM10000_images_part_2/ISIC_0029609.jpg,histo,35.0,female,upper extremity
HAM_0001699,ISIC_0029661,nv,0,HAM10000_images_part_2/ISIC_0029661.jpg,histo,80.0,female,upper extremity
HAM_0002470,ISIC_0029269,nv,0,HAM10000_images_part_1/ISIC_0029269.jpg,histo,30.0,female,chest
HAM_0004985,ISIC_0024518,nv,0,HAM10000_images_part_1/ISIC_0024518.jpg,histo,35.0,female,back
HAM_0006149,ISIC_0025047,nv,0,HAM10000_images_part_1/ISIC_0025047.jpg,histo,20.0,male,abdomen
HAM_0002986,ISIC_0028706,nv,0,HAM10000_images_part_1/ISIC_0028706.jpg,histo,70.0,female,foot
HAM_0002150,ISIC_0027364,nv,0,HAM10000_images_part_1/ISIC_0027364.jpg,histo,25.0,male,chest
HAM_0005761,ISIC_0029493,nv,0,HAM10000_images_part_2/ISIC_0029493.jpg,histo,30.0,male,lower extremity
HAM_0002701,ISIC_0024328,nv,0,HAM10000_images_part_1/ISIC_0024328.jpg,histo,55.0,male,back
HAM_0007168,ISIC_0028115,nv,0,HAM10000_images_part_1/ISIC_0028115.jpg,histo,15.0,male,back
HAM_0000211,ISIC_0029482,nv,0,HAM10000_images_part_2/ISIC_0029482.jpg,histo,35.0,female,upper extremity
HAM_0003686,ISIC_0025386,nv,0,HAM10000_images_part_1/ISIC_0025386.jpg,histo,25.0,male,upper extremity
HAM_0002919,ISIC_0028518,nv,0,HAM10000_images_part_1/ISIC_0028518.jpg,histo,25.0,male,trunk
HAM_0002701,ISIC_0026764,nv,0,HAM10000_images_part_1/ISIC_0026764.jpg,histo,55.0,male,back
HAM_0006456,ISIC_0032305,nv,0,HAM10000_images_part_2/ISIC_0032305.jpg,histo,65.0,male,back
HAM_0002835,ISIC_0028510,nv,0,HAM10000_images_part_1/ISIC_0028510.jpg,histo,30.0,female,foot
HAM_0003686,ISIC_0024870,nv,0,HAM10000_images_part_1/ISIC_0024870.jpg,histo,25.0,male,upper extremity
HAM_0004054,ISIC_0031756,nv,0,HAM10000_images_part_2/ISIC_0031756.jpg,histo,70.0,male,hand
HAM_0006296,ISIC_0028999,nv,0,HAM10000_images_part_1/ISIC_0028999.jpg,histo,70.0,male,trunk
HAM_0007480,ISIC_0024406,nv,0,HAM10000_images_part_1/ISIC_0024406.jpg,histo,35.0,male,foot
HAM_0007160,ISIC_0028723,nv,0,HAM10000_images_part_1/ISIC_0028723.jpg,histo,30.0,female,trunk
HAM_0007358,ISIC_0028030,nv,0,HAM10000_images_part_1/ISIC_0028030.jpg,histo,35.0,male,upper extremity
HAM_0005457,ISIC_0025039,nv,0,HAM10000_images_part_1/ISIC_0025039.jpg,histo,75.0,male,back
HAM_0004698,ISIC_0030127,nv,0,HAM10000_images_part_2/ISIC_0030127.jpg,histo,60.0,male,upper extremity
HAM_0004369,ISIC_0025969,nv,0,HAM10000_images_part_1/ISIC_0025969.jpg,histo,40.0,male,trunk
HAM_0006706,ISIC_0031725,nv,0,HAM10000_images_part_2/ISIC_0031725.jpg,histo,,female,abdomen
HAM_0004924,ISIC_0027040,nv,0,HAM10000_images_part_1/ISIC_0027040.jpg,histo,,female,trunk
HAM_0005163,ISIC_0026888,nv,0,HAM10000_images_part_1/ISIC_0026888.jpg,histo,50.0,female,lower extremity
HAM_0005888,ISIC_0032355,nv,0,HAM10000_images_part_2/ISIC_0032355.jpg,histo,65.0,female,trunk
HAM_0000923,ISIC_0024428,nv,0,HAM10000_images_part_1/ISIC_0024428.jpg,histo,35.0,male,lower extremity
HAM_0003164,ISIC_0027897,nv,0,HAM10000_images_part_1/ISIC_0027897.jpg,histo,30.0,female,trunk
HAM_0006492,ISIC_0031092,nv,0,HAM10000_images_part_2/ISIC_0031092.jpg,histo,35.0,female,abdomen
HAM_0005261,ISIC_0027390,nv,0,HAM10000_images_part_1/ISIC_0027390.jpg,histo,35.0,female,abdomen
HAM_0004839,ISIC_0028450,nv,0,HAM10000_images_part_1/ISIC_0028450.jpg,histo,55.0,male,back
HAM_0004443,ISIC_0028758,nv,0,HAM10000_images_part_1/ISIC_0028758.jpg,histo,75.0,male,face
HAM_0007456,ISIC_0028167,nv,0,HAM10000_images_part_1/ISIC_0028167.jpg,histo,65.0,female,lower extremity
HAM_0000366,ISIC_0027147,nv,0,HAM10000_images_part_1/ISIC_0027147.jpg,histo,75.0,male,back
HAM_0000418,ISIC_0029339,nv,0,HAM10000_images_part_2/ISIC_0029339.jpg,histo,55.0,male,back
HAM_0004866,ISIC_0032184,nv,0,HAM10000_images_part_2/ISIC_0032184.jpg,histo,70.0,female,back
HAM_0002746,ISIC_0031399,nv,0,HAM10000_images_part_2/ISIC_0031399.jpg,histo,60.0,male,back
HAM_0006116,ISIC_0028117,nv,0,HAM10000_images_part_1/ISIC_0028117.jpg,histo,15.0,male,face
HAM_0007049,ISIC_0028216,nv,0,HAM10000_images_part_1/ISIC_0028216.jpg,histo,55.0,male,lower extremity
HAM_0000525,ISIC_0031510,nv,0,HAM10000_images_part_2/ISIC_0031510.jpg,histo,60.0,male,neck
HAM_0001111,ISIC_0026209,nv,0,HAM10000_images_part_1/ISIC_0026209.jpg,histo,70.0,male,back
HAM_0003662,ISIC_0028757,nv,0,HAM10000_images_part_1/ISIC_0028757.jpg,histo,75.0,female,back
HAM_0002298,ISIC_0031483,nv,0,HAM10000_images_part_2/ISIC_0031483.jpg,histo,25.0,male,lower extremity
HAM_0006451,ISIC_0032274,nv,0,HAM10000_images_part_2/ISIC_0032274.jpg,histo,50.0,female,back
HAM_0001207,ISIC_0032436,nv,0,HAM10000_images_part_2/ISIC_0032436.jpg,histo,50.0,female,back
HAM_0003698,ISIC_0025518,nv,0,HAM10000_images_part_1/ISIC_0025518.jpg,histo,40.0,female,back
HAM_0003698,ISIC_0026101,nv,0,HAM10000_images_part_1/ISIC_0026101.jpg,histo,40.0,female,back
HAM_0001347,ISIC_0025181,nv,0,HAM10000_images_part_1/ISIC_0025181.jpg,histo,80.0,male,unknown
HAM_0002128,ISIC_0031603,nv,0,HAM10000_images_part_2/ISIC_0031603.jpg,histo,35.0,female,scalp
HAM_0002128,ISIC_0029867,nv,0,HAM10000_images_part_2/ISIC_0029867.jpg,histo,35.0,female,scalp
HAM_0000632,ISIC_0031070,nv,0,HAM10000_images_part_2/ISIC_0031070.jpg,histo,25.0,female,lower extremity
HAM_0005658,ISIC_0024996,nv,0,HAM10000_images_part_1/ISIC_0024996.jpg,histo,15.0,male,back
HAM_0006039,ISIC_0028092,nv,0,HAM10000_images_part_1/ISIC_0028092.jpg,histo,60.0,male,back
HAM_0005016,ISIC_0027045,nv,0,HAM10000_images_part_1/ISIC_0027045.jpg,histo,60.0,male,back
HAM_0002904,ISIC_0027213,nv,0,HAM10000_images_part_1/ISIC_0027213.jpg,histo,65.0,male,trunk
HAM_0002668,ISIC_0027224,nv,0,HAM10000_images_part_1/ISIC_0027224.jpg,histo,30.0,male,back
HAM_0002668,ISIC_0026784,nv,0,HAM10000_images_part_1/ISIC_0026784.jpg,histo,30.0,male,back
HAM_0005090,ISIC_0031564,nv,0,HAM10000_images_part_2/ISIC_0031564.jpg,histo,50.0,female,back
HAM_0001555,ISIC_0027236,nv,0,HAM10000_images_part_1/ISIC_0027236.jpg,histo,35.0,female,upper extremity
HAM_0003723,ISIC_0025742,nv,0,HAM10000_images_part_1/ISIC_0025742.jpg,histo,60.0,female,ear
HAM_0003723,ISIC_0032141,nv,0,HAM10000_images_part_2/ISIC_0032141.jpg,histo,60.0,female,ear
HAM_0005051,ISIC_0031798,nv,0,HAM10000_images_part_2/ISIC_0031798.jpg,histo,20.0,male,back
HAM_0007518,ISIC_0031015,nv,0,HAM10000_images_part_2/ISIC_0031015.jpg,histo,60.0,male,back
HAM_0002823,ISIC_0031354,nv,0,HAM10000_images_part_2/ISIC_0031354.jpg,histo,35.0,female,face
HAM_0004775,ISIC_0027293,nv,0,HAM10000_images_part_1/ISIC_0027293.jpg,histo,15.0,female,face
HAM_0001427,ISIC_0032163,nv,0,HAM10000_images_part_2/ISIC_0032163.jpg,histo,50.0,male,back
HAM_0006210,ISIC_0026454,nv,0,HAM10000_images_part_1/ISIC_0026454.jpg,histo,50.0,male,back
HAM_0001313,ISIC_0025562,nv,0,HAM10000_images_part_1/ISIC_0025562.jpg,histo,70.0,male,lower extremity
HAM_0006633,ISIC_0028598,nv,0,HAM10000_images_part_1/ISIC_0028598.jpg,histo,40.0,female,trunk
HAM_0006983,ISIC_0026147,nv,0,HAM10000_images_part_1/ISIC_0026147.jpg,histo,30.0,female,upper extremity
HAM_0002684,ISIC_0027874,nv,0,HAM10000_images_part_1/ISIC_0027874.jpg,histo,40.0,female,back
HAM_0005881,ISIC_0030967,nv,0,HAM10000_images_part_2/ISIC_0030967.jpg,histo,60.0,female,foot
HAM_0003568,ISIC_0030675,nv,0,HAM10000_images_part_2/ISIC_0030675.jpg,histo,55.0,female,foot
HAM_0003282,ISIC_0032474,nv,0,HAM10000_images_part_2/ISIC_0032474.jpg,histo,60.0,male,chest
HAM_0006025,ISIC_0031285,nv,0,HAM10000_images_part_2/ISIC_0031285.jpg,histo,70.0,female,foot
HAM_0002532,ISIC_0026615,nv,0,HAM10000_images_part_1/ISIC_0026615.jpg,histo,85.0,male,scalp
HAM_0007422,ISIC_0024862,nv,0,HAM10000_images_part_1/ISIC_0024862.jpg,histo,85.0,male,genital
HAM_0002944,ISIC_0028135,nv,0,HAM10000_images_part_1/ISIC_0028135.jpg,histo,45.0,female,back
HAM_0002110,ISIC_0026782,nv,0,HAM10000_images_part_1/ISIC_0026782.jpg,histo,30.0,female,lower extremity
HAM_0002738,ISIC_0029438,nv,0,HAM10000_images_part_2/ISIC_0029438.jpg,histo,65.0,female,face
HAM_0002053,ISIC_0028715,nv,0,HAM10000_images_part_1/ISIC_0028715.jpg,histo,60.0,female,chest
HAM_0007080,ISIC_0029994,nv,0,HAM10000_images_part_2/ISIC_0029994.jpg,histo,50.0,male,back
HAM_0002003,ISIC_0031934,nv,0,HAM10000_images_part_2/ISIC_0031934.jpg,histo,20.0,male,back
HAM_0007167,ISIC_0026400,nv,0,HAM10000_images_part_1/ISIC_0026400.jpg,histo,75.0,male,back
HAM_0000508,ISIC_0027495,nv,0,HAM10000_images_part_1/ISIC_0027495.jpg,histo,75.0,male,chest
HAM_0006266,ISIC_0028212,nv,0,HAM10000_images_part_1/ISIC_0028212.jpg,histo,75.0,male,lower extremity
HAM_0005870,ISIC_0030399,nv,0,HAM10000_images_part_2/ISIC_0030399.jpg,histo,30.0,male,upper extremity
HAM_0006318,ISIC_0024937,nv,0,HAM10000_images_part_1/ISIC_0024937.jpg,histo,45.0,female,back
HAM_0000168,ISIC_0031353,nv,0,HAM10000_images_part_2/ISIC_0031353.jpg,histo,55.0,male,neck
HAM_0002142,ISIC_0025960,nv,0,HAM10000_images_part_1/ISIC_0025960.jpg,histo,75.0,male,ear
HAM_0002305,ISIC_0029693,nv,0,HAM10000_images_part_2/ISIC_0029693.jpg,histo,55.0,male,back
HAM_0005090,ISIC_0029162,nv,0,HAM10000_images_part_1/ISIC_0029162.jpg,histo,50.0,female,back
HAM_0000129,ISIC_0027486,nv,0,HAM10000_images_part_1/ISIC_0027486.jpg,histo,40.0,female,back
HAM_0007144,ISIC_0026599,nv,0,HAM10000_images_part_1/ISIC_0026599.jpg,histo,70.0,female,back
HAM_0006154,ISIC_0030592,nv,0,HAM10000_images_part_2/ISIC_0030592.jpg,histo,20.0,male,lower extremity
HAM_0006994,ISIC_0026987,nv,0,HAM10000_images_part_1/ISIC_0026987.jpg,histo,30.0,male,foot
HAM_0003446,ISIC_0027201,nv,0,HAM10000_images_part_1/ISIC_0027201.jpg,histo,30.0,male,foot
HAM_0002368,ISIC_0024841,nv,0,HAM10000_images_part_1/ISIC_0024841.jpg,histo,60.0,male,back
HAM_0002368,ISIC_0029121,nv,0,HAM10000_images_part_1/ISIC_0029121.jpg,histo,60.0,male,back
HAM_0001846,ISIC_0031302,nv,0,HAM10000_images_part_2/ISIC_0031302.jpg,histo,20.0,female,upper extremity
HAM_0001846,ISIC_0029457,nv,0,HAM10000_images_part_2/ISIC_0029457.jpg,histo,20.0,female,upper extremity
HAM_0007004,ISIC_0030525,nv,0,HAM10000_images_part_2/ISIC_0030525.jpg,histo,70.0,female,hand
HAM_0001716,ISIC_0026901,nv,0,HAM10000_images_part_1/ISIC_0026901.jpg,histo,50.0,male,back
HAM_0004020,ISIC_0025245,nv,0,HAM10000_images_part_1/ISIC_0025245.jpg,histo,35.0,female,back
HAM_0005795,ISIC_0030296,nv,0,HAM10000_images_part_2/ISIC_0030296.jpg,histo,60.0,male,back
HAM_0005664,ISIC_0029001,nv,0,HAM10000_images_part_1/ISIC_0029001.jpg,histo,45.0,male,abdomen
HAM_0002411,ISIC_0025946,nv,0,HAM10000_images_part_1/ISIC_0025946.jpg,histo,60.0,female,neck
HAM_0003088,ISIC_0030121,nv,0,HAM10000_images_part_2/ISIC_0030121.jpg,histo,35.0,male,back
HAM_0003434,ISIC_0031126,nv,0,HAM10000_images_part_2/ISIC_0031126.jpg,histo,30.0,female,neck
HAM_0003088,ISIC_0029736,nv,0,HAM10000_images_part_2/ISIC_0029736.jpg,histo,35.0,male,back
HAM_0000150,ISIC_0024343,nv,0,HAM10000_images_part_1/ISIC_0024343.jpg,histo,50.0,male,back
HAM_0000150,ISIC_0031311,nv,0,HAM10000_images_part_2/ISIC_0031311.jpg,histo,50.0,male,back
HAM_0005393,ISIC_0025506,nv,0,HAM10000_images_part_1/ISIC_0025506.jpg,histo,35.0,female,lower extremity
HAM_0001154,ISIC_0025013,nv,0,HAM10000_images_part_1/ISIC_0025013.jpg,histo,45.0,male,back
HAM_0001154,ISIC_0027724,nv,0,HAM10000_images_part_1/ISIC_0027724.jpg,histo,45.0,male,back
HAM_0006793,ISIC_0030796,nv,0,HAM10000_images_part_2/ISIC_0030796.jpg,histo,60.0,female,back
HAM_0001406,ISIC_0026592,nv,0,HAM10000_images_part_1/ISIC_0026592.jpg,histo,25.0,female,chest
HAM_0001730,ISIC_0030790,nv,0,HAM10000_images_part_2/ISIC_0030790.jpg,histo,65.0,female,back
HAM_0001406,ISIC_0030914,nv,0,HAM10000_images_part_2/ISIC_0030914.jpg,histo,25.0,female,chest
HAM_0002049,ISIC_0029169,nv,0,HAM10000_images_part_1/ISIC_0029169.jpg,histo,45.0,female,upper extremity
HAM_0006506,ISIC_0028408,nv,0,HAM10000_images_part_1/ISIC_0028408.jpg,histo,55.0,male,back
HAM_0004909,ISIC_0025118,nv,0,HAM10000_images_part_1/ISIC_0025118.jpg,histo,30.0,male,back
HAM_0003974,ISIC_0026512,nv,0,HAM10000_images_part_1/ISIC_0026512.jpg,histo,30.0,male,back
HAM_0002103,ISIC_0026034,nv,0,HAM10000_images_part_1/ISIC_0026034.jpg,histo,60.0,male,lower extremity
HAM_0003727,ISIC_0026404,nv,0,HAM10000_images_part_1/ISIC_0026404.jpg,histo,60.0,male,back
HAM_0007491,ISIC_0029183,nv,0,HAM10000_images_part_1/ISIC_0029183.jpg,histo,80.0,male,abdomen
HAM_0005079,ISIC_0028420,nv,0,HAM10000_images_part_1/ISIC_0028420.jpg,histo,80.0,male,back
HAM_0000045,ISIC_0032126,nv,0,HAM10000_images_part_2/ISIC_0032126.jpg,histo,50.0,male,back
HAM_0007001,ISIC_0026573,nv,0,HAM10000_images_part_1/ISIC_0026573.jpg,histo,60.0,female,lower extremity
HAM_0006086,ISIC_0025563,nv,0,HAM10000_images_part_1/ISIC_0025563.jpg,histo,35.0,female,hand
HAM_0000794,ISIC_0026340,nv,0,HAM10000_images_part_1/ISIC_0026340.jpg,histo,40.0,female,lower extremity
HAM_0001508,ISIC_0029298,nv,0,HAM10000_images_part_1/ISIC_0029298.jpg,histo,65.0,female,lower extremity
HAM_0000763,ISIC_0028217,nv,0,HAM10000_images_part_1/ISIC_0028217.jpg,histo,35.0,female,back
HAM_0007442,ISIC_0032067,nv,0,HAM10000_images_part_2/ISIC_0032067.jpg,histo,30.0,female,face
HAM_0005620,ISIC_0024963,nv,0,HAM10000_images_part_1/ISIC_0024963.jpg,histo,35.0,male,ear
HAM_0005787,ISIC_0027114,nv,0,HAM10000_images_part_1/ISIC_0027114.jpg,histo,40.0,female,lower extremity
HAM_0001327,ISIC_0032489,nv,0,HAM10000_images_part_2/ISIC_0032489.jpg,histo,45.0,male,abdomen
HAM_0000284,ISIC_0025597,nv,0,HAM10000_images_part_1/ISIC_0025597.jpg,histo,50.0,female,lower extremity
HAM_0000284,ISIC_0025225,nv,0,HAM10000_images_part_1/ISIC_0025225.jpg,histo,50.0,female,lower extremity
HAM_0005009,ISIC_0027569,nv,0,HAM10000_images_part_1/ISIC_0027569.jpg,histo,20.0,male,back
HAM_0003562,ISIC_0030544,nv,0,HAM10000_images_part_2/ISIC_0030544.jpg,histo,60.0,female,face
HAM_0003562,ISIC_0030962,nv,0,HAM10000_images_part_2/ISIC_0030962.jpg,histo,60.0,female,face
HAM_0001492,ISIC_0025305,nv,0,HAM10000_images_part_1/ISIC_0025305.jpg,histo,30.0,female,back
HAM_0006040,ISIC_0029978,nv,0,HAM10000_images_part_2/ISIC_0029978.jpg,histo,40.0,female,chest
HAM_0005854,ISIC_0025926,nv,0,HAM10000_images_part_1/ISIC_0025926.jpg,histo,60.0,female,back
HAM_0000886,ISIC_0029577,nv,0,HAM10000_images_part_2/ISIC_0029577.jpg,histo,65.0,male,back
HAM_0000886,ISIC_0024560,nv,0,HAM10000_images_part_1/ISIC_0024560.jpg,histo,65.0,male,back
HAM_0005987,ISIC_0029993,nv,0,HAM10000_images_part_2/ISIC_0029993.jpg,histo,80.0,female,lower extremity
HAM_0005987,ISIC_0026741,nv,0,HAM10000_images_part_1/ISIC_0026741.jpg,histo,80.0,female,lower extremity
HAM_0005176,ISIC_0031117,nv,0,HAM10000_images_part_2/ISIC_0031117.jpg,histo,70.0,male,back
HAM_0004170,ISIC_0029046,nv,0,HAM10000_images_part_1/ISIC_0029046.jpg,histo,65.0,male,abdomen
HAM_0003355,ISIC_0029138,nv,0,HAM10000_images_part_1/ISIC_0029138.jpg,histo,20.0,female,back
HAM_0000771,ISIC_0029349,nv,0,HAM10000_images_part_2/ISIC_0029349.jpg,histo,25.0,female,back
HAM_0005568,ISIC_0032047,nv,0,HAM10000_images_part_2/ISIC_0032047.jpg,histo,50.0,female,unknown
HAM_0005395,ISIC_0028557,nv,0,HAM10000_images_part_1/ISIC_0028557.jpg,histo,75.0,female,lower extremity
HAM_0005395,ISIC_0027471,nv,0,HAM10000_images_part_1/ISIC_0027471.jpg,histo,75.0,female,lower extremity
HAM_0004532,ISIC_0026706,nv,0,HAM10000_images_part_1/ISIC_0026706.jpg,histo,40.0,female,back
HAM_0004701,ISIC_0032243,nv,0,HAM10000_images_part_2/ISIC_0032243.jpg,histo,65.0,male,lower extremity
HAM_0003820,ISIC_0029109,nv,0,HAM10000_images_part_1/ISIC_0029109.jpg,histo,20.0,female,back
HAM_0001799,ISIC_0028675,nv,0,HAM10000_images_part_1/ISIC_0028675.jpg,histo,40.0,female,foot
HAM_0001334,ISIC_0030328,nv,0,HAM10000_images_part_2/ISIC_0030328.jpg,histo,45.0,male,back
HAM_0001361,ISIC_0030117,nv,0,HAM10000_images_part_2/ISIC_0030117.jpg,histo,45.0,female,lower extremity
HAM_0001334,ISIC_0031363,nv,0,HAM10000_images_part_2/ISIC_0031363.jpg,histo,45.0,male,back
HAM_0000591,ISIC_0026654,nv,0,HAM10000_images_part_1/ISIC_0026654.jpg,histo,70.0,male,chest
HAM_0000668,ISIC_0024808,nv,0,HAM10000_images_part_1/ISIC_0024808.jpg,histo,45.0,male,back
HAM_0007046,ISIC_0027401,nv,0,HAM10000_images_part_1/ISIC_0027401.jpg,histo,65.0,male,back
HAM_0007046,ISIC_0028637,nv,0,HAM10000_images_part_1/ISIC_0028637.jpg,histo,65.0,male,back
HAM_0003408,ISIC_0031942,nv,0,HAM10000_images_part_2/ISIC_0031942.jpg,histo,65.0,male,back
HAM_0004283,ISIC_0028357,nv,0,HAM10000_images_part_1/ISIC_0028357.jpg,histo,50.0,female,back
HAM_0005755,ISIC_0026226,nv,0,HAM10000_images_part_1/ISIC_0026226.jpg,histo,50.0,male,face
HAM_0005755,ISIC_0028174,nv,0,HAM10000_images_part_1/ISIC_0028174.jpg,histo,50.0,male,face
HAM_0005755,ISIC_0024566,nv,0,HAM10000_images_part_1/ISIC_0024566.jpg,histo,50.0,male,face
HAM_0005429,ISIC_0029452,nv,0,HAM10000_images_part_2/ISIC_0029452.jpg,histo,60.0,female,upper extremity
HAM_0005755,ISIC_0025112,nv,0,HAM10000_images_part_1/ISIC_0025112.jpg,histo,50.0,male,face
HAM_0005510,ISIC_0029203,nv,0,HAM10000_images_part_1/ISIC_0029203.jpg,histo,30.0,female,lower extremity
HAM_0003980,ISIC_0026712,nv,0,HAM10000_images_part_1/ISIC_0026712.jpg,histo,65.0,female,back
HAM_0000949,ISIC_0032444,nv,0,HAM10000_images_part_2/ISIC_0032444.jpg,histo,65.0,male,back
HAM_0001318,ISIC_0028305,nv,0,HAM10000_images_part_1/ISIC_0028305.jpg,histo,50.0,female,lower extremity
HAM_0000225,ISIC_0029645,nv,0,HAM10000_images_part_2/ISIC_0029645.jpg,histo,40.0,male,back
HAM_0007324,ISIC_0026398,nv,0,HAM10000_images_part_1/ISIC_0026398.jpg,histo,40.0,male,back
HAM_0007036,ISIC_0026655,nv,0,HAM10000_images_part_1/ISIC_0026655.jpg,histo,60.0,male,neck
HAM_0000634,ISIC_0028186,nv,0,HAM10000_images_part_1/ISIC_0028186.jpg,histo,65.0,female,back
HAM_0000634,ISIC_0026099,nv,0,HAM10000_images_part_1/ISIC_0026099.jpg,histo,65.0,female,back
HAM_0000362,ISIC_0030180,nv,0,HAM10000_images_part_2/ISIC_0030180.jpg,histo,30.0,male,lower extremity
HAM_0000362,ISIC_0026043,nv,0,HAM10000_images_part_1/ISIC_0026043.jpg,histo,30.0,male,lower extremity
HAM_0007013,ISIC_0029544,nv,0,HAM10000_images_part_2/ISIC_0029544.jpg,histo,85.0,male,back
HAM_0005873,ISIC_0031612,nv,0,HAM10000_images_part_2/ISIC_0031612.jpg,histo,45.0,male,back
HAM_0002515,ISIC_0028744,nv,0,HAM10000_images_part_1/ISIC_0028744.jpg,histo,50.0,male,back
HAM_0002171,ISIC_0028529,nv,0,HAM10000_images_part_1/ISIC_0028529.jpg,histo,55.0,male,back
HAM_0003821,ISIC_0026588,nv,0,HAM10000_images_part_1/ISIC_0026588.jpg,histo,60.0,male,back
HAM_0003822,ISIC_0030115,nv,0,HAM10000_images_part_2/ISIC_0030115.jpg,histo,60.0,male,back
HAM_0004839,ISIC_0024599,nv,0,HAM10000_images_part_1/ISIC_0024599.jpg,histo,55.0,male,back
HAM_0004897,ISIC_0024352,nv,0,HAM10000_images_part_1/ISIC_0024352.jpg,histo,30.0,female,lower extremity
HAM_0004897,ISIC_0026293,nv,0,HAM10000_images_part_1/ISIC_0026293.jpg,histo,30.0,female,lower extremity
HAM_0005450,ISIC_0029286,nv,0,HAM10000_images_part_1/ISIC_0029286.jpg,histo,40.0,female,lower extremity
HAM_0003652,ISIC_0025784,nv,0,HAM10000_images_part_1/ISIC_0025784.jpg,histo,30.0,male,chest
HAM_0003652,ISIC_0032112,nv,0,HAM10000_images_part_2/ISIC_0032112.jpg,histo,30.0,male,chest
HAM_0000063,ISIC_0031306,nv,0,HAM10000_images_part_2/ISIC_0031306.jpg,histo,25.0,female,back
HAM_0005966,ISIC_0025902,nv,0,HAM10000_images_part_1/ISIC_0025902.jpg,histo,80.0,male,back
HAM_0005966,ISIC_0030704,nv,0,HAM10000_images_part_2/ISIC_0030704.jpg,histo,80.0,male,back
HAM_0007133,ISIC_0027490,nv,0,HAM10000_images_part_1/ISIC_0027490.jpg,histo,30.0,male,back
HAM_0007133,ISIC_0029597,nv,0,HAM10000_images_part_2/ISIC_0029597.jpg,histo,30.0,male,back
HAM_0002899,ISIC_0026601,nv,0,HAM10000_images_part_1/ISIC_0026601.jpg,histo,25.0,male,back
HAM_0005631,ISIC_0024439,nv,0,HAM10000_images_part_1/ISIC_0024439.jpg,histo,55.0,male,back
HAM_0005631,ISIC_0025492,nv,0,HAM10000_images_part_1/ISIC_0025492.jpg,histo,55.0,male,back
HAM_0006154,ISIC_0030082,nv,0,HAM10000_images_part_2/ISIC_0030082.jpg,histo,20.0,male,lower extremity
HAM_0006398,ISIC_0027568,nv,0,HAM10000_images_part_1/ISIC_0027568.jpg,histo,70.0,male,ear
HAM_0000366,ISIC_0029679,nv,0,HAM10000_images_part_2/ISIC_0029679.jpg,histo,75.0,male,back
HAM_0003546,ISIC_0030006,nv,0,HAM10000_images_part_2/ISIC_0030006.jpg,histo,20.0,female,back
HAM_0003117,ISIC_0027917,nv,0,HAM10000_images_part_1/ISIC_0027917.jpg,histo,35.0,male,upper extremity
HAM_0003419,ISIC_0026097,nv,0,HAM10000_images_part_1/ISIC_0026097.jpg,histo,5.0,male,upper extremity
HAM_0003419,ISIC_0028767,nv,0,HAM10000_images_part_1/ISIC_0028767.jpg,histo,5.0,male,upper extremity
HAM_0002480,ISIC_0028589,nv,0,HAM10000_images_part_1/ISIC_0028589.jpg,histo,75.0,male,foot
HAM_0002480,ISIC_0029432,nv,0,HAM10000_images_part_2/ISIC_0029432.jpg,histo,75.0,male,foot
HAM_0001077,ISIC_0025846,nv,0,HAM10000_images_part_1/ISIC_0025846.jpg,histo,80.0,male,upper extremity
HAM_0001077,ISIC_0027928,nv,0,HAM10000_images_part_1/ISIC_0027928.jpg,histo,80.0,male,upper extremity
HAM_0002794,ISIC_0031596,nv,0,HAM10000_images_part_2/ISIC_0031596.jpg,histo,55.0,female,back
HAM_0000217,ISIC_0029881,nv,0,HAM10000_images_part_2/ISIC_0029881.jpg,histo,40.0,male,chest
HAM_0000217,ISIC_0031115,nv,0,HAM10000_images_part_2/ISIC_0031115.jpg,histo,40.0,male,chest
HAM_0004681,ISIC_0031919,nv,0,HAM10000_images_part_2/ISIC_0031919.jpg,histo,65.0,male,back
HAM_0005786,ISIC_0026491,nv,0,HAM10000_images_part_1/ISIC_0026491.jpg,histo,50.0,female,upper extremity
HAM_0001762,ISIC_0030535,nv,0,HAM10000_images_part_2/ISIC_0030535.jpg,histo,60.0,male,lower extremity
HAM_0005910,ISIC_0028808,nv,0,HAM10000_images_part_1/ISIC_0028808.jpg,histo,60.0,male,back
HAM_0005910,ISIC_0026513,nv,0,HAM10000_images_part_1/ISIC_0026513.jpg,histo,60.0,male,back
HAM_0005910,ISIC_0027540,nv,0,HAM10000_images_part_1/ISIC_0027540.jpg,histo,60.0,male,back
HAM_0000266,ISIC_0030209,nv,0,HAM10000_images_part_2/ISIC_0030209.jpg,histo,45.0,female,lower extremity
HAM_0000287,ISIC_0031019,nv,0,HAM10000_images_part_2/ISIC_0031019.jpg,histo,70.0,male,upper extremity
HAM_0007066,ISIC_0029959,nv,0,HAM10000_images_part_2/ISIC_0029959.jpg,histo,40.0,female,back
HAM_0000485,ISIC_0024959,nv,0,HAM10000_images_part_1/ISIC_0024959.jpg,histo,45.0,male,chest
HAM_0004942,ISIC_0028202,nv,0,HAM10000_images_part_1/ISIC_0028202.jpg,histo,75.0,male,back
HAM_0002537,ISIC_0028689,nv,0,HAM10000_images_part_1/ISIC_0028689.jpg,histo,30.0,male,lower extremity
HAM_0000764,ISIC_0028151,nv,0,HAM10000_images_part_1/ISIC_0028151.jpg,histo,60.0,male,back
HAM_0002107,ISIC_0028857,nv,0,HAM10000_images_part_1/ISIC_0028857.jpg,histo,85.0,male,back
HAM_0001454,ISIC_0027466,nv,0,HAM10000_images_part_1/ISIC_0027466.jpg,histo,45.0,female,upper extremity
HAM_0005994,ISIC_0029975,nv,0,HAM10000_images_part_2/ISIC_0029975.jpg,histo,75.0,male,foot
HAM_0005994,ISIC_0031042,nv,0,HAM10000_images_part_2/ISIC_0031042.jpg,histo,75.0,male,foot
HAM_0006681,ISIC_0030219,nv,0,HAM10000_images_part_2/ISIC_0030219.jpg,histo,70.0,female,back
HAM_0003918,ISIC_0029127,nv,0,HAM10000_images_part_1/ISIC_0029127.jpg,histo,55.0,female,back
HAM_0006052,ISIC_0025476,nv,0,HAM10000_images_part_1/ISIC_0025476.jpg,histo,60.0,female,face
HAM_0007477,ISIC_0025950,nv,0,HAM10000_images_part_1/ISIC_0025950.jpg,histo,25.0,male,back
HAM_0006251,ISIC_0026437,nv,0,HAM10000_images_part_1/ISIC_0026437.jpg,histo,80.0,male,lower extremity
HAM_0001022,ISIC_0026414,nv,0,HAM10000_images_part_1/ISIC_0026414.jpg,histo,80.0,male,lower extremity
HAM_0006367,ISIC_0024926,nv,0,HAM10000_images_part_1/ISIC_0024926.jpg,histo,35.0,female,foot
HAM_0006464,ISIC_0025424,nv,0,HAM10000_images_part_1/ISIC_0025424.jpg,histo,40.0,female,foot
HAM_0006464,ISIC_0027503,nv,0,HAM10000_images_part_1/ISIC_0027503.jpg,histo,40.0,female,foot
HAM_0000019,ISIC_0025396,nv,0,HAM10000_images_part_1/ISIC_0025396.jpg,histo,50.0,female,back
HAM_0002865,ISIC_0031708,nv,0,HAM10000_images_part_2/ISIC_0031708.jpg,histo,30.0,female,back
HAM_0002087,ISIC_0027949,nv,0,HAM10000_images_part_1/ISIC_0027949.jpg,histo,60.0,female,back
HAM_0003640,ISIC_0027181,nv,0,HAM10000_images_part_1/ISIC_0027181.jpg,histo,75.0,female,foot
HAM_0004025,ISIC_0025983,nv,0,HAM10000_images_part_1/ISIC_0025983.jpg,histo,20.0,female,abdomen
HAM_0001330,ISIC_0026818,nv,0,HAM10000_images_part_1/ISIC_0026818.jpg,histo,20.0,female,abdomen
HAM_0001764,ISIC_0032251,nv,0,HAM10000_images_part_2/ISIC_0032251.jpg,histo,40.0,female,lower extremity
HAM_0001764,ISIC_0032253,nv,0,HAM10000_images_part_2/ISIC_0032253.jpg,histo,40.0,female,lower extremity
HAM_0000689,ISIC_0024356,nv,0,HAM10000_images_part_1/ISIC_0024356.jpg,histo,75.0,female,foot
HAM_0002007,ISIC_0024476,nv,0,HAM10000_images_part_1/ISIC_0024476.jpg,histo,85.0,male,lower extremity
HAM_0000689,ISIC_0028307,nv,0,HAM10000_images_part_1/ISIC_0028307.jpg,histo,75.0,female,foot
HAM_0000896,ISIC_0026560,nv,0,HAM10000_images_part_1/ISIC_0026560.jpg,histo,45.0,female,lower extremity
HAM_0000896,ISIC_0025051,nv,0,HAM10000_images_part_1/ISIC_0025051.jpg,histo,45.0,female,lower extremity
HAM_0000039,ISIC_0026103,nv,0,HAM10000_images_part_1/ISIC_0026103.jpg,histo,40.0,male,back
HAM_0006028,ISIC_0032189,nv,0,HAM10000_images_part_2/ISIC_0032189.jpg,histo,40.0,male,chest
HAM_0004946,ISIC_0030425,nv,0,HAM10000_images_part_2/ISIC_0030425.jpg,histo,55.0,female,lower extremity
HAM_0004279,ISIC_0026610,nv,0,HAM10000_images_part_1/ISIC_0026610.jpg,histo,40.0,female,neck
HAM_0000913,ISIC_0028559,nv,0,HAM10000_images_part_1/ISIC_0028559.jpg,histo,70.0,male,back
HAM_0003058,ISIC_0028032,nv,0,HAM10000_images_part_1/ISIC_0028032.jpg,histo,70.0,male,back
HAM_0007116,ISIC_0028951,nv,0,HAM10000_images_part_1/ISIC_0028951.jpg,histo,45.0,male,back
HAM_0007268,ISIC_0028600,nv,0,HAM10000_images_part_1/ISIC_0028600.jpg,histo,65.0,female,abdomen
HAM_0005884,ISIC_0027469,nv,0,HAM10000_images_part_1/ISIC_0027469.jpg,histo,30.0,male,back
HAM_0007263,ISIC_0028130,nv,0,HAM10000_images_part_1/ISIC_0028130.jpg,histo,50.0,female,lower extremity
HAM_0007504,ISIC_0026359,nv,0,HAM10000_images_part_1/ISIC_0026359.jpg,histo,60.0,male,back
HAM_0003919,ISIC_0024781,nv,0,HAM10000_images_part_1/ISIC_0024781.jpg,histo,35.0,male,hand
HAM_0003685,ISIC_0032292,nv,0,HAM10000_images_part_2/ISIC_0032292.jpg,histo,70.0,female,lower extremity
HAM_0003313,ISIC_0032107,nv,0,HAM10000_images_part_2/ISIC_0032107.jpg,histo,70.0,female,back
HAM_0001961,ISIC_0031076,nv,0,HAM10000_images_part_2/ISIC_0031076.jpg,histo,25.0,female,abdomen
HAM_0006118,ISIC_0028400,nv,0,HAM10000_images_part_1/ISIC_0028400.jpg,histo,65.0,male,back
HAM_0006094,ISIC_0026998,nv,0,HAM10000_images_part_1/ISIC_0026998.jpg,histo,40.0,female,genital
HAM_0006094,ISIC_0032218,nv,0,HAM10000_images_part_2/ISIC_0032218.jpg,histo,40.0,female,genital
HAM_0002517,ISIC_0031838,nv,0,HAM10000_images_part_2/ISIC_0031838.jpg,histo,60.0,male,abdomen
HAM_0002518,ISIC_0032028,nv,0,HAM10000_images_part_2/ISIC_0032028.jpg,histo,60.0,male,abdomen
HAM_0005750,ISIC_0029733,nv,0,HAM10000_images_part_2/ISIC_0029733.jpg,histo,70.0,male,upper extremity
HAM_0007264,ISIC_0028476,nv,0,HAM10000_images_part_1/ISIC_0028476.jpg,histo,55.0,male,lower extremity
HAM_0001014,ISIC_0031278,nv,0,HAM10000_images_part_2/ISIC_0031278.jpg,histo,70.0,male,back
HAM_0006881,ISIC_0028580,nv,0,HAM10000_images_part_1/ISIC_0028580.jpg,histo,60.0,female,face
HAM_0006881,ISIC_0025798,nv,0,HAM10000_images_part_1/ISIC_0025798.jpg,histo,60.0,female,face
HAM_0006881,ISIC_0026922,nv,0,HAM10000_images_part_1/ISIC_0026922.jpg,histo,60.0,female,face
HAM_0002154,ISIC_0028478,nv,0,HAM10000_images_part_1/ISIC_0028478.jpg,histo,70.0,male,chest
HAM_0005822,ISIC_0029054,nv,0,HAM10000_images_part_1/ISIC_0029054.jpg,histo,45.0,male,upper extremity
HAM_0004356,ISIC_0025214,nv,0,HAM10000_images_part_1/ISIC_0025214.jpg,histo,45.0,male,back
HAM_0004836,ISIC_0026674,nv,0,HAM10000_images_part_1/ISIC_0026674.jpg,histo,35.0,male,lower extremity
HAM_0004399,ISIC_0028905,nv,0,HAM10000_images_part_1/ISIC_0028905.jpg,histo,20.0,female,face
HAM_0004806,ISIC_0032327,nv,0,HAM10000_images_part_2/ISIC_0032327.jpg,histo,80.0,male,back
HAM_0003874,ISIC_0026786,nv,0,HAM10000_images_part_1/ISIC_0026786.jpg,histo,40.0,female,scalp
HAM_0003874,ISIC_0028578,nv,0,HAM10000_images_part_1/ISIC_0028578.jpg,histo,40.0,female,scalp
HAM_0003874,ISIC_0024809,nv,0,HAM10000_images_part_1/ISIC_0024809.jpg,histo,40.0,female,scalp
HAM_0002490,ISIC_0027889,nv,0,HAM10000_images_part_1/ISIC_0027889.jpg,histo,70.0,female,foot
HAM_0001014,ISIC_0032423,nv,0,HAM10000_images_part_2/ISIC_0032423.jpg,histo,70.0,male,back
HAM_0005745,ISIC_0030873,nv,0,HAM10000_images_part_2/ISIC_0030873.jpg,histo,45.0,male,abdomen
HAM_0001361,ISIC_0026076,nv,0,HAM10000_images_part_1/ISIC_0026076.jpg,histo,45.0,female,lower extremity
HAM_0005666,ISIC_0028355,nv,0,HAM10000_images_part_1/ISIC_0028355.jpg,histo,30.0,female,hand
HAM_0005666,ISIC_0025171,nv,0,HAM10000_images_part_1/ISIC_0025171.jpg,histo,30.0,female,hand
HAM_0002552,ISIC_0032936,mel,1,HAM10000_images_part_2/ISIC_0032936.jpg,histo,25.0,male,upper extremity
HAM_0006366,ISIC_0030732,nv,0,HAM10000_images_part_2/ISIC_0030732.jpg,histo,65.0,female,upper extremity
HAM_0004058,ISIC_0030802,nv,0,HAM10000_images_part_2/ISIC_0030802.jpg,histo,80.0,female,lower extremity
HAM_0002025,ISIC_0025169,nv,0,HAM10000_images_part_1/ISIC_0025169.jpg,histo,5.0,male,scalp
HAM_0000603,ISIC_0030742,nv,0,HAM10000_images_part_2/ISIC_0030742.jpg,histo,80.0,male,abdomen
HAM_0000603,ISIC_0028441,nv,0,HAM10000_images_part_1/ISIC_0028441.jpg,histo,80.0,male,abdomen
HAM_0000603,ISIC_0031374,nv,0,HAM10000_images_part_2/ISIC_0031374.jpg,histo,80.0,male,abdomen
HAM_0005980,ISIC_0030422,nv,0,HAM10000_images_part_2/ISIC_0030422.jpg,histo,45.0,female,abdomen
HAM_0006069,ISIC_0031681,nv,0,HAM10000_images_part_2/ISIC_0031681.jpg,histo,45.0,female,abdomen
HAM_0003578,ISIC_0027242,nv,0,HAM10000_images_part_1/ISIC_0027242.jpg,histo,45.0,female,scalp
HAM_0003902,ISIC_0030313,nv,0,HAM10000_images_part_2/ISIC_0030313.jpg,histo,30.0,male,lower extremity
HAM_0007049,ISIC_0028179,nv,0,HAM10000_images_part_1/ISIC_0028179.jpg,histo,55.0,male,lower extremity
HAM_0007317,ISIC_0030008,nv,0,HAM10000_images_part_2/ISIC_0030008.jpg,histo,30.0,male,back
HAM_0002552,ISIC_0033232,mel,1,HAM10000_images_part_2/ISIC_0033232.jpg,histo,25.0,male,upper extremity
HAM_0001455,ISIC_0032405,nv,0,HAM10000_images_part_2/ISIC_0032405.jpg,histo,35.0,female,upper extremity
HAM_0001455,ISIC_0031933,nv,0,HAM10000_images_part_2/ISIC_0031933.jpg,histo,35.0,female,upper extremity
HAM_0005894,ISIC_0025579,nv,0,HAM10000_images_part_1/ISIC_0025579.jpg,histo,45.0,female,back
HAM_0006420,ISIC_0029905,nv,0,HAM10000_images_part_2/ISIC_0029905.jpg,histo,50.0,female,upper extremity
HAM_0006244,ISIC_0027197,nv,0,HAM10000_images_part_1/ISIC_0027197.jpg,histo,45.0,female,lower extremity
HAM_0006244,ISIC_0027627,nv,0,HAM10000_images_part_1/ISIC_0027627.jpg,histo,45.0,female,lower extremity
HAM_0006596,ISIC_0031081,nv,0,HAM10000_images_part_2/ISIC_0031081.jpg,histo,35.0,male,back
HAM_0006619,ISIC_0029983,nv,0,HAM10000_images_part_2/ISIC_0029983.jpg,histo,80.0,male,back
HAM_0006685,ISIC_0025542,nv,0,HAM10000_images_part_1/ISIC_0025542.jpg,histo,20.0,female,scalp
HAM_0002201,ISIC_0024514,nv,0,HAM10000_images_part_1/ISIC_0024514.jpg,histo,50.0,male,back
HAM_0006947,ISIC_0031662,nv,0,HAM10000_images_part_2/ISIC_0031662.jpg,histo,45.0,female,foot
HAM_0007374,ISIC_0031583,nv,0,HAM10000_images_part_2/ISIC_0031583.jpg,histo,30.0,male,back
HAM_0006947,ISIC_0032109,nv,0,HAM10000_images_part_2/ISIC_0032109.jpg,histo,45.0,female,foot
HAM_0004806,ISIC_0031031,nv,0,HAM10000_images_part_2/ISIC_0031031.jpg,histo,80.0,male,back
HAM_0004836,ISIC_0025533,nv,0,HAM10000_images_part_1/ISIC_0025533.jpg,histo,35.0,male,lower extremity
HAM_0001803,ISIC_0031742,nv,0,HAM10000_images_part_2/ISIC_0031742.jpg,histo,70.0,male,back
HAM_0003159,ISIC_0028183,nv,0,HAM10000_images_part_1/ISIC_0028183.jpg,histo,30.0,female,back
HAM_0003159,ISIC_0026108,nv,0,HAM10000_images_part_1/ISIC_0026108.jpg,histo,30.0,female,back
HAM_0000707,ISIC_0031113,nv,0,HAM10000_images_part_2/ISIC_0031113.jpg,histo,70.0,female,abdomen
HAM_0000759,ISIC_0030792,nv,0,HAM10000_images_part_2/ISIC_0030792.jpg,histo,80.0,male,back
HAM_0003590,ISIC_0032459,nv,0,HAM10000_images_part_2/ISIC_0032459.jpg,histo,45.0,female,lower extremity
HAM_0000759,ISIC_0025655,nv,0,HAM10000_images_part_1/ISIC_0025655.jpg,histo,80.0,male,back
HAM_0005436,ISIC_0026658,nv,0,HAM10000_images_part_1/ISIC_0026658.jpg,histo,65.0,male,abdomen
HAM_0007374,ISIC_0025730,nv,0,HAM10000_images_part_1/ISIC_0025730.jpg,histo,30.0,male,back
HAM_0003987,ISIC_0031813,nv,0,HAM10000_images_part_2/ISIC_0031813.jpg,histo,40.0,female,lower extremity
HAM_0003987,ISIC_0030354,nv,0,HAM10000_images_part_2/ISIC_0030354.jpg,histo,40.0,female,lower extremity
HAM_0004170,ISIC_0031476,nv,0,HAM10000_images_part_2/ISIC_0031476.jpg,histo,65.0,male,abdomen
HAM_0005510,ISIC_0028166,nv,0,HAM10000_images_part_1/ISIC_0028166.jpg,histo,30.0,female,lower extremity
HAM_0005510,ISIC_0026406,nv,0,HAM10000_images_part_1/ISIC_0026406.jpg,histo,30.0,female,lower extremity
HAM_0001643,ISIC_0025000,nv,0,HAM10000_images_part_1/ISIC_0025000.jpg,histo,45.0,female,foot
HAM_0003940,ISIC_0031754,nv,0,HAM10000_images_part_2/ISIC_0031754.jpg,histo,25.0,female,back
HAM_0003940,ISIC_0029803,nv,0,HAM10000_images_part_2/ISIC_0029803.jpg,histo,25.0,female,back
HAM_0000273,ISIC_0027066,nv,0,HAM10000_images_part_1/ISIC_0027066.jpg,histo,65.0,male,upper extremity
HAM_0000273,ISIC_0025106,nv,0,HAM10000_images_part_1/ISIC_0025106.jpg,histo,65.0,male,upper extremity
HAM_0006613,ISIC_0031894,nv,0,HAM10000_images_part_2/ISIC_0031894.jpg,histo,25.0,male,back
HAM_0001617,ISIC_0027091,nv,0,HAM10000_images_part_1/ISIC_0027091.jpg,histo,15.0,male,foot
HAM_0006757,ISIC_0027271,nv,0,HAM10000_images_part_1/ISIC_0027271.jpg,histo,55.0,male,lower extremity
HAM_0006757,ISIC_0024497,nv,0,HAM10000_images_part_1/ISIC_0024497.jpg,histo,55.0,male,lower extremity
HAM_0006835,ISIC_0031594,nv,0,HAM10000_images_part_2/ISIC_0031594.jpg,histo,75.0,male,chest
HAM_0003958,ISIC_0029855,nv,0,HAM10000_images_part_2/ISIC_0029855.jpg,histo,40.0,male,chest
HAM_0000267,ISIC_0029530,nv,0,HAM10000_images_part_2/ISIC_0029530.jpg,histo,80.0,male,lower extremity
HAM_0002025,ISIC_0028091,nv,0,HAM10000_images_part_1/ISIC_0028091.jpg,histo,5.0,male,scalp
HAM_0002025,ISIC_0028023,nv,0,HAM10000_images_part_1/ISIC_0028023.jpg,histo,5.0,male,scalp
HAM_0003958,ISIC_0027360,nv,0,HAM10000_images_part_1/ISIC_0027360.jpg,histo,40.0,male,chest
HAM_0003958,ISIC_0029554,nv,0,HAM10000_images_part_2/ISIC_0029554.jpg,histo,40.0,male,chest
HAM_0006543,ISIC_0026096,nv,0,HAM10000_images_part_1/ISIC_0026096.jpg,histo,35.0,male,back
HAM_0002429,ISIC_0028139,nv,0,HAM10000_images_part_1/ISIC_0028139.jpg,histo,35.0,female,hand
HAM_0003836,ISIC_0031802,nv,0,HAM10000_images_part_2/ISIC_0031802.jpg,histo,55.0,male,unknown
HAM_0000204,ISIC_0026825,nv,0,HAM10000_images_part_1/ISIC_0026825.jpg,histo,55.0,male,back
HAM_0004288,ISIC_0026445,nv,0,HAM10000_images_part_1/ISIC_0026445.jpg,histo,35.0,male,chest
HAM_0007342,ISIC_0030625,nv,0,HAM10000_images_part_2/ISIC_0030625.jpg,histo,35.0,male,back
HAM_0002905,ISIC_0029026,nv,0,HAM10000_images_part_1/ISIC_0029026.jpg,histo,40.0,male,neck
HAM_0000693,ISIC_0028310,nv,0,HAM10000_images_part_1/ISIC_0028310.jpg,histo,40.0,male,neck
HAM_0002481,ISIC_0024684,nv,0,HAM10000_images_part_1/ISIC_0024684.jpg,histo,20.0,male,chest
HAM_0006300,ISIC_0028281,nv,0,HAM10000_images_part_1/ISIC_0028281.jpg,histo,35.0,female,chest
HAM_0001381,ISIC_0029174,nv,0,HAM10000_images_part_1/ISIC_0029174.jpg,histo,80.0,male,scalp
HAM_0001381,ISIC_0028870,nv,0,HAM10000_images_part_1/ISIC_0028870.jpg,histo,80.0,male,scalp
HAM_0001803,ISIC_0026330,nv,0,HAM10000_images_part_1/ISIC_0026330.jpg,histo,70.0,male,back
HAM_0001989,ISIC_0030251,nv,0,HAM10000_images_part_2/ISIC_0030251.jpg,histo,65.0,male,lower extremity
HAM_0001891,ISIC_0030598,nv,0,HAM10000_images_part_2/ISIC_0030598.jpg,histo,50.0,male,scalp
HAM_0002319,ISIC_0030740,nv,0,HAM10000_images_part_2/ISIC_0030740.jpg,histo,30.0,female,face
HAM_0002319,ISIC_0026600,nv,0,HAM10000_images_part_1/ISIC_0026600.jpg,histo,30.0,female,face
HAM_0000311,ISIC_0028205,nv,0,HAM10000_images_part_1/ISIC_0028205.jpg,histo,45.0,male,back
HAM_0005086,ISIC_0030772,nv,0,HAM10000_images_part_2/ISIC_0030772.jpg,histo,30.0,male,foot
HAM_0005175,ISIC_0029479,nv,0,HAM10000_images_part_2/ISIC_0029479.jpg,histo,60.0,female,back
HAM_0005175,ISIC_0032278,nv,0,HAM10000_images_part_2/ISIC_0032278.jpg,histo,60.0,female,back
HAM_0000850,ISIC_0028588,nv,0,HAM10000_images_part_1/ISIC_0028588.jpg,histo,70.0,male,scalp
HAM_0000889,ISIC_0026581,nv,0,HAM10000_images_part_1/ISIC_0026581.jpg,histo,30.0,female,lower extremity
HAM_0000889,ISIC_0025936,nv,0,HAM10000_images_part_1/ISIC_0025936.jpg,histo,30.0,female,lower extremity
HAM_0005762,ISIC_0025179,nv,0,HAM10000_images_part_1/ISIC_0025179.jpg,histo,65.0,female,lower extremity
HAM_0005762,ISIC_0026216,nv,0,HAM10000_images_part_1/ISIC_0026216.jpg,histo,65.0,female,lower extremity
HAM_0006685,ISIC_0027109,nv,0,HAM10000_images_part_1/ISIC_0027109.jpg,histo,20.0,female,scalp
HAM_0006685,ISIC_0029095,nv,0,HAM10000_images_part_1/ISIC_0029095.jpg,histo,20.0,female,scalp
HAM_0006702,ISIC_0030580,nv,0,HAM10000_images_part_2/ISIC_0030580.jpg,histo,55.0,male,neck
HAM_0006409,ISIC_0030620,nv,0,HAM10000_images_part_2/ISIC_0030620.jpg,histo,60.0,female,upper extremity
HAM_0006409,ISIC_0028987,nv,0,HAM10000_images_part_1/ISIC_0028987.jpg,histo,60.0,female,upper extremity
HAM_0001702,ISIC_0028874,nv,0,HAM10000_images_part_1/ISIC_0028874.jpg,histo,20.0,male,lower extremity
HAM_0001702,ISIC_0028592,nv,0,HAM10000_images_part_1/ISIC_0028592.jpg,histo,20.0,male,lower extremity
HAM_0006596,ISIC_0027005,nv,0,HAM10000_images_part_1/ISIC_0027005.jpg,histo,35.0,male,back
HAM_0001803,ISIC_0031567,nv,0,HAM10000_images_part_2/ISIC_0031567.jpg,histo,70.0,male,back
HAM_0001318,ISIC_0028358,nv,0,HAM10000_images_part_1/ISIC_0028358.jpg,histo,50.0,female,lower extremity
HAM_0001609,ISIC_0027766,nv,0,HAM10000_images_part_1/ISIC_0027766.jpg,histo,65.0,male,back
HAM_0001609,ISIC_0030809,nv,0,HAM10000_images_part_2/ISIC_0030809.jpg,histo,65.0,male,back
HAM_0005086,ISIC_0032311,nv,0,HAM10000_images_part_2/ISIC_0032311.jpg,histo,30.0,male,foot
HAM_0000889,ISIC_0026401,nv,0,HAM10000_images_part_1/ISIC_0026401.jpg,histo,30.0,female,lower extremity
HAM_0000889,ISIC_0030370,nv,0,HAM10000_images_part_2/ISIC_0030370.jpg,histo,30.0,female,lower extremity
HAM_0002647,ISIC_0030534,nv,0,HAM10000_images_part_2/ISIC_0030534.jpg,histo,50.0,female,back
HAM_0002647,ISIC_0032284,nv,0,HAM10000_images_part_2/ISIC_0032284.jpg,histo,50.0,female,back
HAM_0006835,ISIC_0026577,nv,0,HAM10000_images_part_1/ISIC_0026577.jpg,histo,75.0,male,chest
HAM_0000204,ISIC_0027639,nv,0,HAM10000_images_part_1/ISIC_0027639.jpg,histo,55.0,male,back
HAM_0000204,ISIC_0031314,nv,0,HAM10000_images_part_2/ISIC_0031314.jpg,histo,55.0,male,back
HAM_0003223,ISIC_0031249,nv,0,HAM10000_images_part_2/ISIC_0031249.jpg,histo,60.0,male,upper extremity
HAM_0006905,ISIC_0030451,nv,0,HAM10000_images_part_2/ISIC_0030451.jpg,histo,85.0,male,foot
HAM_0000922,ISIC_0031301,nv,0,HAM10000_images_part_2/ISIC_0031301.jpg,histo,55.0,male,upper extremity
HAM_0000922,ISIC_0031111,nv,0,HAM10000_images_part_2/ISIC_0031111.jpg,histo,55.0,male,upper extremity
HAM_0000762,ISIC_0025667,nv,0,HAM10000_images_part_1/ISIC_0025667.jpg,histo,30.0,female,back
HAM_0000762,ISIC_0028982,nv,0,HAM10000_images_part_1/ISIC_0028982.jpg,histo,30.0,female,back
HAM_0000778,ISIC_0028602,nv,0,HAM10000_images_part_1/ISIC_0028602.jpg,histo,30.0,female,back
HAM_0000762,ISIC_0027137,nv,0,HAM10000_images_part_1/ISIC_0027137.jpg,histo,30.0,female,back
HAM_0000277,ISIC_0029182,nv,0,HAM10000_images_part_1/ISIC_0029182.jpg,histo,60.0,male,chest
HAM_0004337,ISIC_0032140,nv,0,HAM10000_images_part_2/ISIC_0032140.jpg,histo,40.0,male,chest
HAM_0003142,ISIC_0026956,nv,0,HAM10000_images_part_1/ISIC_0026956.jpg,histo,60.0,female,back
HAM_0002345,ISIC_0031982,nv,0,HAM10000_images_part_2/ISIC_0031982.jpg,histo,35.0,male,upper extremity
HAM_0006664,ISIC_0029833,nv,0,HAM10000_images_part_2/ISIC_0029833.jpg,histo,25.0,female,back
HAM_0003142,ISIC_0031806,nv,0,HAM10000_images_part_2/ISIC_0031806.jpg,histo,60.0,female,back
HAM_0003640,ISIC_0030635,nv,0,HAM10000_images_part_2/ISIC_0030635.jpg,histo,75.0,female,foot
HAM_0003125,ISIC_0028736,nv,0,HAM10000_images_part_1/ISIC_0028736.jpg,histo,55.0,male,chest
HAM_0007108,ISIC_0031991,nv,0,HAM10000_images_part_2/ISIC_0031991.jpg,histo,55.0,male,back
HAM_0000073,ISIC_0030817,nv,0,HAM10000_images_part_2/ISIC_0030817.jpg,histo,50.0,male,back
HAM_0000073,ISIC_0029470,nv,0,HAM10000_images_part_2/ISIC_0029470.jpg,histo,50.0,male,back
HAM_0005769,ISIC_0028472,nv,0,HAM10000_images_part_1/ISIC_0028472.jpg,histo,60.0,male,abdomen
HAM_0006905,ISIC_0030674,nv,0,HAM10000_images_part_2/ISIC_0030674.jpg,histo,85.0,male,foot
HAM_0002271,ISIC_0027840,nv,0,HAM10000_images_part_1/ISIC_0027840.jpg,histo,65.0,female,back
HAM_0007429,ISIC_0024447,nv,0,HAM10000_images_part_1/ISIC_0024447.jpg,histo,45.0,male,back
HAM_0001962,ISIC_0029749,nv,0,HAM10000_images_part_2/ISIC_0029749.jpg,histo,75.0,male,lower extremity
HAM_0005197,ISIC_0030922,nv,0,HAM10000_images_part_2/ISIC_0030922.jpg,histo,75.0,male,trunk
HAM_0000266,ISIC_0024933,nv,0,HAM10000_images_part_1/ISIC_0024933.jpg,histo,45.0,female,lower extremity
HAM_0006932,ISIC_0031192,nv,0,HAM10000_images_part_2/ISIC_0031192.jpg,histo,55.0,female,upper extremity
HAM_0007014,ISIC_0027498,nv,0,HAM10000_images_part_1/ISIC_0027498.jpg,histo,45.0,female,abdomen
HAM_0005387,ISIC_0026488,nv,0,HAM10000_images_part_1/ISIC_0026488.jpg,histo,30.0,male,neck
HAM_0005828,ISIC_0026554,nv,0,HAM10000_images_part_1/ISIC_0026554.jpg,histo,75.0,male,back
HAM_0006420,ISIC_0031074,nv,0,HAM10000_images_part_2/ISIC_0031074.jpg,histo,50.0,female,upper extremity
HAM_0006921,ISIC_0030603,nv,0,HAM10000_images_part_2/ISIC_0030603.jpg,histo,75.0,female,upper extremity
HAM_0005828,ISIC_0031085,nv,0,HAM10000_images_part_2/ISIC_0031085.jpg,histo,75.0,male,back
HAM_0006458,ISIC_0029221,nv,0,HAM10000_images_part_1/ISIC_0029221.jpg,histo,80.0,male,back
HAM_0001936,ISIC_0027688,nv,0,HAM10000_images_part_1/ISIC_0027688.jpg,histo,80.0,female,lower extremity
HAM_0001936,ISIC_0024704,nv,0,HAM10000_images_part_1/ISIC_0024704.jpg,histo,80.0,female,lower extremity
HAM_0002861,ISIC_0031462,nv,0,HAM10000_images_part_2/ISIC_0031462.jpg,histo,55.0,male,upper extremity
HAM_0005537,ISIC_0028643,nv,0,HAM10000_images_part_1/ISIC_0028643.jpg,histo,60.0,male,back
HAM_0005537,ISIC_0024657,nv,0,HAM10000_images_part_1/ISIC_0024657.jpg,histo,60.0,male,back
HAM_0004337,ISIC_0031981,nv,0,HAM10000_images_part_2/ISIC_0031981.jpg,histo,40.0,male,chest
HAM_0003451,ISIC_0027298,nv,0,HAM10000_images_part_1/ISIC_0027298.jpg,histo,70.0,male,back
HAM_0000707,ISIC_0024561,nv,0,HAM10000_images_part_1/ISIC_0024561.jpg,histo,70.0,female,abdomen
HAM_0005429,ISIC_0028261,nv,0,HAM10000_images_part_1/ISIC_0028261.jpg,histo,60.0,female,upper extremity
HAM_0005695,ISIC_0030198,nv,0,HAM10000_images_part_2/ISIC_0030198.jpg,histo,45.0,female,foot
HAM_0003451,ISIC_0027098,nv,0,HAM10000_images_part_1/ISIC_0027098.jpg,histo,70.0,male,back
HAM_0001104,ISIC_0027908,nv,0,HAM10000_images_part_1/ISIC_0027908.jpg,histo,25.0,male,upper extremity
HAM_0000104,ISIC_0032186,nv,0,HAM10000_images_part_2/ISIC_0032186.jpg,histo,65.0,male,back
HAM_0005750,ISIC_0030923,nv,0,HAM10000_images_part_2/ISIC_0030923.jpg,histo,70.0,male,upper extremity
HAM_0002556,ISIC_0028243,nv,0,HAM10000_images_part_1/ISIC_0028243.jpg,histo,55.0,male,back
HAM_0002556,ISIC_0025436,nv,0,HAM10000_images_part_1/ISIC_0025436.jpg,histo,55.0,male,back
HAM_0003033,ISIC_0025989,nv,0,HAM10000_images_part_1/ISIC_0025989.jpg,histo,60.0,female,lower extremity
HAM_0003523,ISIC_0026179,nv,0,HAM10000_images_part_1/ISIC_0026179.jpg,histo,40.0,male,back
HAM_0005745,ISIC_0028447,nv,0,HAM10000_images_part_1/ISIC_0028447.jpg,histo,45.0,male,abdomen
HAM_0002370,ISIC_0028945,nv,0,HAM10000_images_part_1/ISIC_0028945.jpg,histo,65.0,male,back
HAM_0002370,ISIC_0030401,nv,0,HAM10000_images_part_2/ISIC_0030401.jpg,histo,65.0,male,back
HAM_0002234,ISIC_0032412,nv,0,HAM10000_images_part_2/ISIC_0032412.jpg,histo,75.0,male,back
HAM_0002271,ISIC_0026048,nv,0,HAM10000_images_part_1/ISIC_0026048.jpg,histo,65.0,female,back
HAM_0002271,ISIC_0031930,nv,0,HAM10000_images_part_2/ISIC_0031930.jpg,histo,65.0,female,back
HAM_0004443,ISIC_0031131,nv,0,HAM10000_images_part_2/ISIC_0031131.jpg,histo,75.0,male,face
HAM_0004443,ISIC_0031473,nv,0,HAM10000_images_part_2/ISIC_0031473.jpg,histo,75.0,male,face
HAM_0003754,ISIC_0029671,nv,0,HAM10000_images_part_2/ISIC_0029671.jpg,histo,60.0,male,foot
HAM_0003919,ISIC_0031011,nv,0,HAM10000_images_part_2/ISIC_0031011.jpg,histo,35.0,male,hand
HAM_0001934,ISIC_0028787,nv,0,HAM10000_images_part_1/ISIC_0028787.jpg,histo,65.0,male,abdomen
HAM_0001934,ISIC_0026008,nv,0,HAM10000_images_part_1/ISIC_0026008.jpg,histo,65.0,male,abdomen
HAM_0001934,ISIC_0026753,nv,0,HAM10000_images_part_1/ISIC_0026753.jpg,histo,65.0,male,abdomen
HAM_0001934,ISIC_0031134,nv,0,HAM10000_images_part_2/ISIC_0031134.jpg,histo,65.0,male,abdomen
HAM_0001891,ISIC_0024466,nv,0,HAM10000_images_part_1/ISIC_0024466.jpg,histo,50.0,male,scalp
HAM_0002754,ISIC_0025892,nv,0,HAM10000_images_part_1/ISIC_0025892.jpg,histo,40.0,female,lower extremity
HAM_0002754,ISIC_0026866,nv,0,HAM10000_images_part_1/ISIC_0026866.jpg,histo,40.0,female,lower extremity
HAM_0002295,ISIC_0025488,nv,0,HAM10000_images_part_1/ISIC_0025488.jpg,histo,40.0,male,back
HAM_0002295,ISIC_0027999,nv,0,HAM10000_images_part_1/ISIC_0027999.jpg,histo,40.0,male,back
HAM_0000836,ISIC_0030061,nv,0,HAM10000_images_part_2/ISIC_0030061.jpg,histo,45.0,female,back
HAM_0000836,ISIC_0030960,nv,0,HAM10000_images_part_2/ISIC_0030960.jpg,histo,45.0,female,back
HAM_0000836,ISIC_0030311,nv,0,HAM10000_images_part_2/ISIC_0030311.jpg,histo,45.0,female,back
HAM_0000836,ISIC_0025505,nv,0,HAM10000_images_part_1/ISIC_0025505.jpg,histo,45.0,female,back
HAM_0002326,ISIC_0027346,nv,0,HAM10000_images_part_1/ISIC_0027346.jpg,histo,55.0,male,back
HAM_0002326,ISIC_0031875,nv,0,HAM10000_images_part_2/ISIC_0031875.jpg,histo,55.0,male,back
HAM_0003223,ISIC_0024922,nv,0,HAM10000_images_part_1/ISIC_0024922.jpg,histo,60.0,male,upper extremity
HAM_0003932,ISIC_0029119,nv,0,HAM10000_images_part_1/ISIC_0029119.jpg,histo,55.0,male,back
HAM_0003932,ISIC_0026151,nv,0,HAM10000_images_part_1/ISIC_0026151.jpg,histo,55.0,male,back
HAM_0003932,ISIC_0032471,nv,0,HAM10000_images_part_2/ISIC_0032471.jpg,histo,55.0,male,back
HAM_0006458,ISIC_0027578,nv,0,HAM10000_images_part_1/ISIC_0027578.jpg,histo,80.0,male,back
HAM_0000521,ISIC_0032148,nv,0,HAM10000_images_part_2/ISIC_0032148.jpg,histo,55.0,male,chest
HAM_0000521,ISIC_0031889,nv,0,HAM10000_images_part_2/ISIC_0031889.jpg,histo,55.0,male,chest
HAM_0001230,ISIC_0025295,nv,0,HAM10000_images_part_1/ISIC_0025295.jpg,histo,80.0,male,back
HAM_0003125,ISIC_0025477,nv,0,HAM10000_images_part_1/ISIC_0025477.jpg,histo,55.0,male,chest
HAM_0001126,ISIC_0025123,nv,0,HAM10000_images_part_1/ISIC_0025123.jpg,histo,20.0,female,back
HAM_0001126,ISIC_0028276,nv,0,HAM10000_images_part_1/ISIC_0028276.jpg,histo,20.0,female,back
HAM_0001104,ISIC_0027183,nv,0,HAM10000_images_part_1/ISIC_0027183.jpg,histo,25.0,male,upper extremity
HAM_0002238,ISIC_0031238,nv,0,HAM10000_images_part_2/ISIC_0031238.jpg,histo,60.0,female,chest
HAM_0002238,ISIC_0026374,nv,0,HAM10000_images_part_1/ISIC_0026374.jpg,histo,60.0,female,chest
HAM_0005762,ISIC_0026297,nv,0,HAM10000_images_part_1/ISIC_0026297.jpg,histo,65.0,female,lower extremity
HAM_0002154,ISIC_0027379,nv,0,HAM10000_images_part_1/ISIC_0027379.jpg,histo,70.0,male,chest
HAM_0002154,ISIC_0027468,nv,0,HAM10000_images_part_1/ISIC_0027468.jpg,histo,70.0,male,chest
HAM_0000287,ISIC_0027203,nv,0,HAM10000_images_part_1/ISIC_0027203.jpg,histo,70.0,male,upper extremity
HAM_0000798,ISIC_0031064,nv,0,HAM10000_images_part_2/ISIC_0031064.jpg,histo,65.0,male,foot
HAM_0000798,ISIC_0027538,nv,0,HAM10000_images_part_1/ISIC_0027538.jpg,histo,65.0,male,foot
HAM_0000798,ISIC_0026751,nv,0,HAM10000_images_part_1/ISIC_0026751.jpg,histo,65.0,male,foot
HAM_0000798,ISIC_0029332,nv,0,HAM10000_images_part_2/ISIC_0029332.jpg,histo,65.0,male,foot
HAM_0001730,ISIC_0030856,nv,0,HAM10000_images_part_2/ISIC_0030856.jpg,histo,65.0,female,back
HAM_0005664,ISIC_0028016,nv,0,HAM10000_images_part_1/ISIC_0028016.jpg,histo,45.0,male,abdomen
HAM_0000104,ISIC_0031913,nv,0,HAM10000_images_part_2/ISIC_0031913.jpg,histo,65.0,male,back
HAM_0004638,ISIC_0029344,nv,0,HAM10000_images_part_2/ISIC_0029344.jpg,histo,45.0,female,back
HAM_0005318,ISIC_0029812,nv,0,HAM10000_images_part_2/ISIC_0029812.jpg,histo,75.0,male,back
HAM_0005318,ISIC_0026347,nv,0,HAM10000_images_part_1/ISIC_0026347.jpg,histo,75.0,male,back
HAM_0003033,ISIC_0025165,nv,0,HAM10000_images_part_1/ISIC_0025165.jpg,histo,60.0,female,lower extremity
HAM_0003033,ISIC_0028698,nv,0,HAM10000_images_part_1/ISIC_0028698.jpg,histo,60.0,female,lower extremity
HAM_0002490,ISIC_0030694,nv,0,HAM10000_images_part_2/ISIC_0030694.jpg,histo,70.0,female,foot
HAM_0004600,ISIC_0028865,nv,0,HAM10000_images_part_1/ISIC_0028865.jpg,histo,45.0,male,back
HAM_0004600,ISIC_0028464,nv,0,HAM10000_images_part_1/ISIC_0028464.jpg,histo,45.0,male,back
HAM_0001701,ISIC_0025237,nv,0,HAM10000_images_part_1/ISIC_0025237.jpg,histo,65.0,male,lower extremity
HAM_0001701,ISIC_0029390,nv,0,HAM10000_images_part_2/ISIC_0029390.jpg,histo,65.0,male,lower extremity
HAM_0000500,ISIC_0029145,nv,0,HAM10000_images_part_1/ISIC_0029145.jpg,histo,45.0,male,lower extremity
HAM_0000500,ISIC_0029441,nv,0,HAM10000_images_part_2/ISIC_0029441.jpg,histo,45.0,male,lower extremity
HAM_0007014,ISIC_0027798,nv,0,HAM10000_images_part_1/ISIC_0027798.jpg,histo,45.0,female,abdomen
HAM_0007014,ISIC_0028141,nv,0,HAM10000_images_part_1/ISIC_0028141.jpg,histo,45.0,female,abdomen
HAM_0007014,ISIC_0032310,nv,0,HAM10000_images_part_2/ISIC_0032310.jpg,histo,45.0,female,abdomen
HAM_0006104,ISIC_0026323,nv,0,HAM10000_images_part_1/ISIC_0026323.jpg,histo,30.0,male,back
HAM_0006104,ISIC_0030663,nv,0,HAM10000_images_part_2/ISIC_0030663.jpg,histo,30.0,male,back
HAM_0004553,ISIC_0028673,nv,0,HAM10000_images_part_1/ISIC_0028673.jpg,histo,45.0,female,lower extremity
HAM_0004614,ISIC_0030151,nv,0,HAM10000_images_part_2/ISIC_0030151.jpg,histo,65.0,female,upper extremity
HAM_0002936,ISIC_0030279,nv,0,HAM10000_images_part_2/ISIC_0030279.jpg,histo,60.0,male,back
HAM_0002936,ISIC_0024380,nv,0,HAM10000_images_part_1/ISIC_0024380.jpg,histo,60.0,male,back
HAM_0006114,ISIC_0027873,nv,0,HAM10000_images_part_1/ISIC_0027873.jpg,histo,30.0,female,foot
HAM_0003919,ISIC_0032344,nv,0,HAM10000_images_part_2/ISIC_0032344.jpg,histo,35.0,male,hand
HAM_0003423,ISIC_0031866,nv,0,HAM10000_images_part_2/ISIC_0031866.jpg,histo,65.0,male,upper extremity
HAM_0003423,ISIC_0028344,nv,0,HAM10000_images_part_1/ISIC_0028344.jpg,histo,65.0,male,upper extremity
HAM_0002572,ISIC_0025422,nv,0,HAM10000_images_part_1/ISIC_0025422.jpg,histo,30.0,male,upper extremity
HAM_0002572,ISIC_0030033,nv,0,HAM10000_images_part_2/ISIC_0030033.jpg,histo,30.0,male,upper extremity
HAM_0003590,ISIC_0027262,nv,0,HAM10000_images_part_1/ISIC_0027262.jpg,histo,45.0,female,lower extremity
HAM_0003590,ISIC_0024916,nv,0,HAM10000_images_part_1/ISIC_0024916.jpg,histo,45.0,female,lower extremity
HAM_0000778,ISIC_0031039,nv,0,HAM10000_images_part_2/ISIC_0031039.jpg,histo,30.0,female,back
HAM_0000778,ISIC_0026665,nv,0,HAM10000_images_part_1/ISIC_0026665.jpg,histo,30.0,female,back
HAM_0003434,ISIC_0028608,nv,0,HAM10000_images_part_1/ISIC_0028608.jpg,histo,30.0,female,neck
HAM_0002007,ISIC_0030978,nv,0,HAM10000_images_part_2/ISIC_0030978.jpg,histo,85.0,male,lower extremity
HAM_0003754,ISIC_0028649,nv,0,HAM10000_images_part_1/ISIC_0028649.jpg,histo,60.0,male,foot
HAM_0000562,ISIC_0026166,nv,0,HAM10000_images_part_1/ISIC_0026166.jpg,histo,55.0,male,upper extremity
HAM_0002088,ISIC_0024377,nv,0,HAM10000_images_part_1/ISIC_0024377.jpg,histo,45.0,female,lower extremity
HAM_0007413,ISIC_0027984,nv,0,HAM10000_images_part_1/ISIC_0027984.jpg,histo,50.0,male,back
HAM_0004956,ISIC_0030810,nv,0,HAM10000_images_part_2/ISIC_0030810.jpg,histo,55.0,female,upper extremity
HAM_0003078,ISIC_0025918,nv,0,HAM10000_images_part_1/ISIC_0025918.jpg,histo,75.0,male,back
HAM_0003078,ISIC_0026124,nv,0,HAM10000_images_part_1/ISIC_0026124.jpg,histo,75.0,male,back
HAM_0007030,ISIC_0026711,nv,0,HAM10000_images_part_1/ISIC_0026711.jpg,histo,50.0,male,chest
HAM_0004680,ISIC_0024876,nv,0,HAM10000_images_part_1/ISIC_0024876.jpg,histo,40.0,female,abdomen
HAM_0006926,ISIC_0030839,nv,0,HAM10000_images_part_2/ISIC_0030839.jpg,histo,70.0,male,back
HAM_0006910,ISIC_0028504,nv,0,HAM10000_images_part_1/ISIC_0028504.jpg,histo,40.0,female,lower extremity
HAM_0006910,ISIC_0029862,nv,0,HAM10000_images_part_2/ISIC_0029862.jpg,histo,40.0,female,lower extremity
HAM_0001454,ISIC_0031045,nv,0,HAM10000_images_part_2/ISIC_0031045.jpg,histo,45.0,female,upper extremity
HAM_0000267,ISIC_0026809,nv,0,HAM10000_images_part_1/ISIC_0026809.jpg,histo,80.0,male,lower extremity
HAM_0005450,ISIC_0030176,nv,0,HAM10000_images_part_2/ISIC_0030176.jpg,histo,40.0,female,lower extremity
HAM_0005057,ISIC_0027711,nv,0,HAM10000_images_part_1/ISIC_0027711.jpg,histo,40.0,male,back
HAM_0000787,ISIC_0026157,nv,0,HAM10000_images_part_1/ISIC_0026157.jpg,histo,35.0,male,back
HAM_0002486,ISIC_0028947,nv,0,HAM10000_images_part_1/ISIC_0028947.jpg,histo,35.0,male,abdomen
HAM_0004095,ISIC_0029252,nv,0,HAM10000_images_part_1/ISIC_0029252.jpg,histo,65.0,male,back
HAM_0004095,ISIC_0026017,nv,0,HAM10000_images_part_1/ISIC_0026017.jpg,histo,65.0,male,back
HAM_0006512,ISIC_0030140,nv,0,HAM10000_images_part_2/ISIC_0030140.jpg,histo,35.0,female,back
HAM_0006512,ISIC_0027614,nv,0,HAM10000_images_part_1/ISIC_0027614.jpg,histo,35.0,female,back
HAM_0001058,ISIC_0024716,nv,0,HAM10000_images_part_1/ISIC_0024716.jpg,histo,75.0,female,upper extremity
HAM_0003054,ISIC_0027945,nv,0,HAM10000_images_part_1/ISIC_0027945.jpg,histo,35.0,female,back
HAM_0000353,ISIC_0032157,nv,0,HAM10000_images_part_2/ISIC_0032157.jpg,histo,25.0,female,upper extremity
HAM_0006105,ISIC_0032236,nv,0,HAM10000_images_part_2/ISIC_0032236.jpg,histo,40.0,female,foot
HAM_0005008,ISIC_0026580,nv,0,HAM10000_images_part_1/ISIC_0026580.jpg,histo,60.0,male,lower extremity
HAM_0005008,ISIC_0030919,nv,0,HAM10000_images_part_2/ISIC_0030919.jpg,histo,60.0,male,lower extremity
HAM_0000000,ISIC_0028498,nv,0,HAM10000_images_part_1/ISIC_0028498.jpg,histo,60.0,male,back
HAM_0000000,ISIC_0025346,nv,0,HAM10000_images_part_1/ISIC_0025346.jpg,histo,60.0,male,back
HAM_0005329,ISIC_0028686,nv,0,HAM10000_images_part_1/ISIC_0028686.jpg,histo,45.0,female,chest
HAM_0004835,ISIC_0031809,nv,0,HAM10000_images_part_2/ISIC_0031809.jpg,histo,60.0,female,lower extremity
HAM_0007228,ISIC_0025681,nv,0,HAM10000_images_part_1/ISIC_0025681.jpg,histo,70.0,male,upper extremity
HAM_0000187,ISIC_0026260,nv,0,HAM10000_images_part_1/ISIC_0026260.jpg,histo,55.0,male,back
HAM_0001679,ISIC_0027783,nv,0,HAM10000_images_part_1/ISIC_0027783.jpg,histo,50.0,female,abdomen
HAM_0003672,ISIC_0030263,nv,0,HAM10000_images_part_2/ISIC_0030263.jpg,histo,55.0,male,back
HAM_0007025,ISIC_0029963,nv,0,HAM10000_images_part_2/ISIC_0029963.jpg,histo,20.0,female,back
HAM_0005173,ISIC_0030937,nv,0,HAM10000_images_part_2/ISIC_0030937.jpg,histo,85.0,male,back
HAM_0005173,ISIC_0025400,nv,0,HAM10000_images_part_1/ISIC_0025400.jpg,histo,85.0,male,back
HAM_0003946,ISIC_0026991,nv,0,HAM10000_images_part_1/ISIC_0026991.jpg,histo,45.0,female,foot
HAM_0005250,ISIC_0029792,nv,0,HAM10000_images_part_2/ISIC_0029792.jpg,histo,40.0,female,foot
HAM_0000604,ISIC_0029208,nv,0,HAM10000_images_part_1/ISIC_0029208.jpg,histo,35.0,male,ear
HAM_0005479,ISIC_0028009,nv,0,HAM10000_images_part_1/ISIC_0028009.jpg,histo,10.0,female,hand
HAM_0006600,ISIC_0028891,nv,0,HAM10000_images_part_1/ISIC_0028891.jpg,consensus,25.0,female,lower extremity
HAM_0006600,ISIC_0032018,nv,0,HAM10000_images_part_2/ISIC_0032018.jpg,consensus,25.0,female,lower extremity
HAM_0001083,ISIC_0025540,nv,0,HAM10000_images_part_1/ISIC_0025540.jpg,consensus,35.0,female,unknown
HAM_0001083,ISIC_0032333,nv,0,HAM10000_images_part_2/ISIC_0032333.jpg,consensus,35.0,female,unknown
HAM_0003322,ISIC_0028596,nv,0,HAM10000_images_part_1/ISIC_0028596.jpg,consensus,50.0,female,face
HAM_0000505,ISIC_0024902,nv,0,HAM10000_images_part_1/ISIC_0024902.jpg,consensus,25.0,male,face
HAM_0000505,ISIC_0027415,nv,0,HAM10000_images_part_1/ISIC_0027415.jpg,consensus,25.0,male,face
HAM_0007543,ISIC_0024519,nv,0,HAM10000_images_part_1/ISIC_0024519.jpg,consensus,55.0,female,lower extremity
HAM_0007543,ISIC_0026676,nv,0,HAM10000_images_part_1/ISIC_0026676.jpg,consensus,55.0,female,lower extremity
HAM_0001689,ISIC_0025166,nv,0,HAM10000_images_part_1/ISIC_0025166.jpg,consensus,0.0,female,upper extremity
HAM_0001689,ISIC_0028938,nv,0,HAM10000_images_part_1/ISIC_0028938.jpg,consensus,0.0,female,upper extremity
HAM_0006469,ISIC_0024479,nv,0,HAM10000_images_part_1/ISIC_0024479.jpg,consensus,5.0,male,upper extremity
HAM_0006469,ISIC_0032328,nv,0,HAM10000_images_part_2/ISIC_0032328.jpg,consensus,5.0,male,upper extremity
HAM_0006469,ISIC_0026358,nv,0,HAM10000_images_part_1/ISIC_0026358.jpg,consensus,5.0,male,upper extremity
HAM_0006469,ISIC_0025193,nv,0,HAM10000_images_part_1/ISIC_0025193.jpg,consensus,5.0,male,upper extremity
HAM_0005914,ISIC_0028884,nv,0,HAM10000_images_part_1/ISIC_0028884.jpg,consensus,30.0,female,lower extremity
HAM_0005914,ISIC_0028785,nv,0,HAM10000_images_part_1/ISIC_0028785.jpg,consensus,30.0,female,lower extremity
HAM_0006599,ISIC_0025141,nv,0,HAM10000_images_part_1/ISIC_0025141.jpg,consensus,60.0,female,abdomen
HAM_0006599,ISIC_0026660,nv,0,HAM10000_images_part_1/ISIC_0026660.jpg,consensus,60.0,female,abdomen
HAM_0001541,ISIC_0026218,nv,0,HAM10000_images_part_1/ISIC_0026218.jpg,consensus,30.0,male,trunk
HAM_0001541,ISIC_0028766,nv,0,HAM10000_images_part_1/ISIC_0028766.jpg,consensus,30.0,male,trunk
HAM_0006358,ISIC_0027549,nv,0,HAM10000_images_part_1/ISIC_0027549.jpg,consensus,0.0,male,foot
HAM_0006358,ISIC_0025581,nv,0,HAM10000_images_part_1/ISIC_0025581.jpg,consensus,0.0,male,foot
HAM_0005817,ISIC_0028384,nv,0,HAM10000_images_part_1/ISIC_0028384.jpg,consensus,0.0,male,upper extremity
HAM_0005817,ISIC_0030155,nv,0,HAM10000_images_part_2/ISIC_0030155.jpg,consensus,0.0,male,upper extremity
HAM_0005712,ISIC_0026451,nv,0,HAM10000_images_part_1/ISIC_0026451.jpg,consensus,5.0,female,foot
HAM_0005712,ISIC_0032385,nv,0,HAM10000_images_part_2/ISIC_0032385.jpg,consensus,5.0,female,foot
HAM_0001498,ISIC_0027523,nv,0,HAM10000_images_part_1/ISIC_0027523.jpg,consensus,30.0,female,abdomen
HAM_0001498,ISIC_0028531,nv,0,HAM10000_images_part_1/ISIC_0028531.jpg,consensus,30.0,female,abdomen
HAM_0002708,ISIC_0029247,nv,0,HAM10000_images_part_1/ISIC_0029247.jpg,consensus,0.0,male,lower extremity
HAM_0002708,ISIC_0024752,nv,0,HAM10000_images_part_1/ISIC_0024752.jpg,consensus,0.0,male,lower extremity
HAM_0001169,ISIC_0029328,nv,0,HAM10000_images_part_2/ISIC_0029328.jpg,consensus,10.0,male,upper extremity
HAM_0001169,ISIC_0030384,nv,0,HAM10000_images_part_2/ISIC_0030384.jpg,consensus,10.0,male,upper extremity
HAM_0005254,ISIC_0031036,nv,0,HAM10000_images_part_2/ISIC_0031036.jpg,consensus,5.0,female,face
HAM_0005254,ISIC_0026820,nv,0,HAM10000_images_part_1/ISIC_0026820.jpg,consensus,5.0,female,face
HAM_0001329,ISIC_0029650,nv,0,HAM10000_images_part_2/ISIC_0029650.jpg,consensus,40.0,female,lower extremity
HAM_0001329,ISIC_0029879,nv,0,HAM10000_images_part_2/ISIC_0029879.jpg,consensus,40.0,female,lower extremity
HAM_0000690,ISIC_0028586,nv,0,HAM10000_images_part_1/ISIC_0028586.jpg,consensus,30.0,female,back
HAM_0000690,ISIC_0030182,nv,0,HAM10000_images_part_2/ISIC_0030182.jpg,consensus,30.0,female,back
HAM_0001265,ISIC_0026182,nv,0,HAM10000_images_part_1/ISIC_0026182.jpg,consensus,45.0,female,foot
HAM_0001265,ISIC_0025061,nv,0,HAM10000_images_part_1/ISIC_0025061.jpg,consensus,45.0,female,foot
HAM_0001306,ISIC_0028272,nv,0,HAM10000_images_part_1/ISIC_0028272.jpg,consensus,75.0,female,back
HAM_0001306,ISIC_0026603,nv,0,HAM10000_images_part_1/ISIC_0026603.jpg,consensus,75.0,female,back
HAM_0002798,ISIC_0025647,nv,0,HAM10000_images_part_1/ISIC_0025647.jpg,consensus,60.0,female,abdomen
HAM_0002798,ISIC_0025323,nv,0,HAM10000_images_part_1/ISIC_0025323.jpg,consensus,60.0,female,abdomen
HAM_0004360,ISIC_0026371,nv,0,HAM10000_images_part_1/ISIC_0026371.jpg,consensus,30.0,male,foot
HAM_0004360,ISIC_0024857,nv,0,HAM10000_images_part_1/ISIC_0024857.jpg,consensus,30.0,male,foot
HAM_0006967,ISIC_0026295,nv,0,HAM10000_images_part_1/ISIC_0026295.jpg,consensus,60.0,female,back
HAM_0006967,ISIC_0030019,nv,0,HAM10000_images_part_2/ISIC_0030019.jpg,consensus,60.0,female,back
HAM_0003579,ISIC_0028042,nv,0,HAM10000_images_part_1/ISIC_0028042.jpg,consensus,60.0,male,back
HAM_0003579,ISIC_0030229,nv,0,HAM10000_images_part_2/ISIC_0030229.jpg,consensus,60.0,male,back
HAM_0004604,ISIC_0027133,nv,0,HAM10000_images_part_1/ISIC_0027133.jpg,consensus,5.0,male,upper extremity
HAM_0004604,ISIC_0028756,nv,0,HAM10000_images_part_1/ISIC_0028756.jpg,consensus,5.0,male,upper extremity
HAM_0002587,ISIC_0030485,nv,0,HAM10000_images_part_2/ISIC_0030485.jpg,consensus,60.0,female,abdomen
HAM_0002587,ISIC_0031803,nv,0,HAM10000_images_part_2/ISIC_0031803.jpg,consensus,60.0,female,abdomen
HAM_0002795,ISIC_0025278,nv,0,HAM10000_images_part_1/ISIC_0025278.jpg,consensus,30.0,female,back
HAM_0002795,ISIC_0032312,nv,0,HAM10000_images_part_2/ISIC_0032312.jpg,consensus,30.0,female,back
HAM_0002296,ISIC_0029055,nv,0,HAM10000_images_part_1/ISIC_0029055.jpg,consensus,35.0,female,lower extremity
HAM_0002296,ISIC_0026834,nv,0,HAM10000_images_part_1/ISIC_0026834.jpg,consensus,35.0,female,lower extremity
HAM_0002768,ISIC_0026657,nv,0,HAM10000_images_part_1/ISIC_0026657.jpg,consensus,60.0,female,abdomen
HAM_0002768,ISIC_0028067,nv,0,HAM10000_images_part_1/ISIC_0028067.jpg,consensus,60.0,female,abdomen
HAM_0005154,ISIC_0030977,nv,0,HAM10000_images_part_2/ISIC_0030977.jpg,consensus,55.0,male,back
HAM_0005154,ISIC_0024762,nv,0,HAM10000_images_part_1/ISIC_0024762.jpg,consensus,55.0,male,back
HAM_0006734,ISIC_0029794,nv,0,HAM10000_images_part_2/ISIC_0029794.jpg,consensus,50.0,female,back
HAM_0001172,ISIC_0024821,nv,0,HAM10000_images_part_1/ISIC_0024821.jpg,consensus,65.0,male,back
HAM_0003430,ISIC_0027266,nv,0,HAM10000_images_part_1/ISIC_0027266.jpg,consensus,65.0,male,back
HAM_0003430,ISIC_0025271,nv,0,HAM10000_images_part_1/ISIC_0025271.jpg,consensus,65.0,male,back
HAM_0003430,ISIC_0027867,nv,0,HAM10000_images_part_1/ISIC_0027867.jpg,consensus,65.0,male,back
HAM_0001765,ISIC_0026788,nv,0,HAM10000_images_part_1/ISIC_0026788.jpg,consensus,65.0,female,lower extremity
HAM_0001765,ISIC_0029759,nv,0,HAM10000_images_part_2/ISIC_0029759.jpg,consensus,65.0,female,lower extremity
HAM_0003035,ISIC_0025168,nv,0,HAM10000_images_part_1/ISIC_0025168.jpg,consensus,10.0,female,upper extremity
HAM_0003035,ISIC_0024617,nv,0,HAM10000_images_part_1/ISIC_0024617.jpg,consensus,10.0,female,upper extremity
HAM_0002416,ISIC_0026816,nv,0,HAM10000_images_part_1/ISIC_0026816.jpg,consensus,20.0,female,foot
HAM_0002416,ISIC_0028635,nv,0,HAM10000_images_part_1/ISIC_0028635.jpg,consensus,20.0,female,foot
HAM_0003619,ISIC_0028562,nv,0,HAM10000_images_part_1/ISIC_0028562.jpg,consensus,65.0,female,face
HAM_0003619,ISIC_0025553,nv,0,HAM10000_images_part_1/ISIC_0025553.jpg,consensus,65.0,female,face
HAM_0005829,ISIC_0030589,nv,0,HAM10000_images_part_2/ISIC_0030589.jpg,consensus,50.0,female,scalp
HAM_0005829,ISIC_0030091,nv,0,HAM10000_images_part_2/ISIC_0030091.jpg,consensus,50.0,female,scalp
HAM_0002589,ISIC_0028720,nv,0,HAM10000_images_part_1/ISIC_0028720.jpg,consensus,5.0,male,lower extremity
HAM_0002589,ISIC_0026318,nv,0,HAM10000_images_part_1/ISIC_0026318.jpg,consensus,5.0,male,lower extremity
HAM_0005193,ISIC_0026742,nv,0,HAM10000_images_part_1/ISIC_0026742.jpg,consensus,50.0,female,ear
HAM_0005193,ISIC_0028665,nv,0,HAM10000_images_part_1/ISIC_0028665.jpg,consensus,50.0,female,ear
HAM_0001902,ISIC_0026480,nv,0,HAM10000_images_part_1/ISIC_0026480.jpg,consensus,5.0,female,lower extremity
HAM_0001902,ISIC_0029668,nv,0,HAM10000_images_part_2/ISIC_0029668.jpg,consensus,5.0,female,lower extremity
HAM_0006553,ISIC_0026942,nv,0,HAM10000_images_part_1/ISIC_0026942.jpg,consensus,20.0,female,face
HAM_0006553,ISIC_0030410,nv,0,HAM10000_images_part_2/ISIC_0030410.jpg,consensus,20.0,female,face
HAM_0007484,ISIC_0031750,nv,0,HAM10000_images_part_2/ISIC_0031750.jpg,consensus,15.0,female,lower extremity
HAM_0007484,ISIC_0030710,nv,0,HAM10000_images_part_2/ISIC_0030710.jpg,consensus,15.0,female,lower extremity
HAM_0003609,ISIC_0030567,nv,0,HAM10000_images_part_2/ISIC_0030567.jpg,consensus,30.0,male,foot
HAM_0003609,ISIC_0025729,nv,0,HAM10000_images_part_1/ISIC_0025729.jpg,consensus,30.0,male,foot
HAM_0004646,ISIC_0029140,nv,0,HAM10000_images_part_1/ISIC_0029140.jpg,consensus,25.0,male,back
HAM_0004646,ISIC_0030557,nv,0,HAM10000_images_part_2/ISIC_0030557.jpg,consensus,25.0,male,back
HAM_0005160,ISIC_0025865,nv,0,HAM10000_images_part_1/ISIC_0025865.jpg,consensus,65.0,male,upper extremity
HAM_0005160,ISIC_0024935,nv,0,HAM10000_images_part_1/ISIC_0024935.jpg,consensus,65.0,male,upper extremity
HAM_0006551,ISIC_0030336,nv,0,HAM10000_images_part_2/ISIC_0030336.jpg,consensus,25.0,male,lower extremity
HAM_0006551,ISIC_0027970,nv,0,HAM10000_images_part_1/ISIC_0027970.jpg,consensus,25.0,male,lower extremity
HAM_0000406,ISIC_0031985,nv,0,HAM10000_images_part_2/ISIC_0031985.jpg,consensus,20.0,female,back
HAM_0000406,ISIC_0030890,nv,0,HAM10000_images_part_2/ISIC_0030890.jpg,consensus,20.0,female,back
HAM_0003027,ISIC_0031896,nv,0,HAM10000_images_part_2/ISIC_0031896.jpg,consensus,35.0,female,back
HAM_0003027,ISIC_0025355,nv,0,HAM10000_images_part_1/ISIC_0025355.jpg,consensus,35.0,female,back
HAM_0000378,ISIC_0032388,nv,0,HAM10000_images_part_2/ISIC_0032388.jpg,consensus,5.0,male,face
HAM_0000378,ISIC_0031973,nv,0,HAM10000_images_part_2/ISIC_0031973.jpg,consensus,5.0,male,face
HAM_0002726,ISIC_0025860,nv,0,HAM10000_images_part_1/ISIC_0025860.jpg,consensus,5.0,male,foot
HAM_0002726,ISIC_0025473,nv,0,HAM10000_images_part_1/ISIC_0025473.jpg,consensus,5.0,male,foot
HAM_0007058,ISIC_0029786,nv,0,HAM10000_images_part_2/ISIC_0029786.jpg,consensus,50.0,male,back
HAM_0007058,ISIC_0027642,nv,0,HAM10000_images_part_1/ISIC_0027642.jpg,consensus,50.0,male,back
HAM_0004667,ISIC_0032008,nv,0,HAM10000_images_part_2/ISIC_0032008.jpg,consensus,55.0,male,neck
HAM_0004667,ISIC_0031317,nv,0,HAM10000_images_part_2/ISIC_0031317.jpg,consensus,55.0,male,neck
HAM_0007445,ISIC_0024734,nv,0,HAM10000_images_part_1/ISIC_0024734.jpg,consensus,25.0,male,foot
HAM_0007445,ISIC_0027012,nv,0,HAM10000_images_part_1/ISIC_0027012.jpg,consensus,25.0,male,foot
HAM_0001418,ISIC_0025062,nv,0,HAM10000_images_part_1/ISIC_0025062.jpg,consensus,55.0,female,back
HAM_0005365,ISIC_0025253,nv,0,HAM10000_images_part_1/ISIC_0025253.jpg,consensus,0.0,male,chest
HAM_0005365,ISIC_0027961,nv,0,HAM10000_images_part_1/ISIC_0027961.jpg,consensus,0.0,male,chest
HAM_0005246,ISIC_0030059,nv,0,HAM10000_images_part_2/ISIC_0030059.jpg,consensus,0.0,male,scalp
HAM_0004703,ISIC_0028658,nv,0,HAM10000_images_part_1/ISIC_0028658.jpg,consensus,10.0,male,abdomen
HAM_0007437,ISIC_0032020,nv,0,HAM10000_images_part_2/ISIC_0032020.jpg,consensus,0.0,female,lower extremity
HAM_0007437,ISIC_0024745,nv,0,HAM10000_images_part_1/ISIC_0024745.jpg,consensus,0.0,female,lower extremity
HAM_0005712,ISIC_0029970,nv,0,HAM10000_images_part_2/ISIC_0029970.jpg,consensus,5.0,female,foot
HAM_0005712,ISIC_0025101,nv,0,HAM10000_images_part_1/ISIC_0025101.jpg,consensus,5.0,female,foot
HAM_0005960,ISIC_0030358,nv,0,HAM10000_images_part_2/ISIC_0030358.jpg,consensus,60.0,male,neck
HAM_0005960,ISIC_0028632,nv,0,HAM10000_images_part_1/ISIC_0028632.jpg,consensus,60.0,male,neck
HAM_0002147,ISIC_0029537,nv,0,HAM10000_images_part_2/ISIC_0029537.jpg,consensus,5.0,female,hand
HAM_0007566,ISIC_0030479,nv,0,HAM10000_images_part_2/ISIC_0030479.jpg,consensus,50.0,male,back
HAM_0007566,ISIC_0028834,nv,0,HAM10000_images_part_1/ISIC_0028834.jpg,consensus,50.0,male,back
HAM_0002284,ISIC_0030300,nv,0,HAM10000_images_part_2/ISIC_0030300.jpg,consensus,15.0,male,back
HAM_0007239,ISIC_0025252,nv,0,HAM10000_images_part_1/ISIC_0025252.jpg,consensus,25.0,male,neck
HAM_0007239,ISIC_0027143,nv,0,HAM10000_images_part_1/ISIC_0027143.jpg,consensus,25.0,male,neck
HAM_0005974,ISIC_0031395,nv,0,HAM10000_images_part_2/ISIC_0031395.jpg,consensus,80.0,male,upper extremity
HAM_0006459,ISIC_0033011,nv,0,HAM10000_images_part_2/ISIC_0033011.jpg,consensus,70.0,male,trunk
HAM_0000412,ISIC_0032706,nv,0,HAM10000_images_part_2/ISIC_0032706.jpg,consensus,70.0,male,trunk
HAM_0000765,ISIC_0033445,nv,0,HAM10000_images_part_2/ISIC_0033445.jpg,consensus,70.0,male,trunk
HAM_0006218,ISIC_0032589,nv,0,HAM10000_images_part_2/ISIC_0032589.jpg,consensus,70.0,male,trunk
HAM_0003360,ISIC_0033140,nv,0,HAM10000_images_part_2/ISIC_0033140.jpg,consensus,45.0,female,unknown
HAM_0003362,ISIC_0033313,nv,0,HAM10000_images_part_2/ISIC_0033313.jpg,consensus,45.0,female,unknown
HAM_0003361,ISIC_0033234,nv,0,HAM10000_images_part_2/ISIC_0033234.jpg,consensus,45.0,female,unknown
HAM_0003358,ISIC_0032939,nv,0,HAM10000_images_part_2/ISIC_0032939.jpg,consensus,45.0,female,unknown
HAM_0003365,ISIC_0033682,nv,0,HAM10000_images_part_2/ISIC_0033682.jpg,consensus,45.0,female,unknown
HAM_0003356,ISIC_0033105,nv,0,HAM10000_images_part_2/ISIC_0033105.jpg,consensus,45.0,female,unknown
HAM_0003365,ISIC_0033890,nv,0,HAM10000_images_part_2/ISIC_0033890.jpg,consensus,45.0,female,unknown
HAM_0003363,ISIC_0033381,nv,0,HAM10000_images_part_2/ISIC_0033381.jpg,consensus,45.0,female,unknown
HAM_0003364,ISIC_0033474,nv,0,HAM10000_images_part_2/ISIC_0033474.jpg,consensus,45.0,female,unknown
HAM_0003368,ISIC_0034270,nv,0,HAM10000_images_part_2/ISIC_0034270.jpg,consensus,45.0,female,unknown
HAM_0003356,ISIC_0032572,nv,0,HAM10000_images_part_2/ISIC_0032572.jpg,consensus,45.0,female,unknown
HAM_0003357,ISIC_0032912,nv,0,HAM10000_images_part_2/ISIC_0032912.jpg,consensus,45.0,female,unknown
HAM_0003540,ISIC_0029808,nv,0,HAM10000_images_part_2/ISIC_0029808.jpg,consensus,75.0,male,back
HAM_0003040,ISIC_0028170,nv,0,HAM10000_images_part_1/ISIC_0028170.jpg,consensus,55.0,female,back
HAM_0007206,ISIC_0031524,nv,0,HAM10000_images_part_2/ISIC_0031524.jpg,consensus,60.0,female,lower extremity
HAM_0001017,ISIC_0024507,nv,0,HAM10000_images_part_1/ISIC_0024507.jpg,consensus,30.0,female,abdomen
HAM_0006625,ISIC_0034043,nv,0,HAM10000_images_part_2/ISIC_0034043.jpg,consensus,75.0,female,foot
HAM_0000556,ISIC_0033484,nv,0,HAM10000_images_part_2/ISIC_0033484.jpg,consensus,50.0,female,upper extremity
HAM_0000556,ISIC_0033540,nv,0,HAM10000_images_part_2/ISIC_0033540.jpg,consensus,50.0,female,upper extremity
HAM_0000556,ISIC_0034279,nv,0,HAM10000_images_part_2/ISIC_0034279.jpg,consensus,50.0,female,upper extremity
HAM_0006925,ISIC_0033589,nv,0,HAM10000_images_part_2/ISIC_0033589.jpg,consensus,50.0,female,chest
HAM_0006925,ISIC_0033888,nv,0,HAM10000_images_part_2/ISIC_0033888.jpg,consensus,50.0,female,chest
HAM_0006925,ISIC_0033338,nv,0,HAM10000_images_part_2/ISIC_0033338.jpg,consensus,50.0,female,chest
HAM_0001916,ISIC_0032721,nv,0,HAM10000_images_part_2/ISIC_0032721.jpg,consensus,20.0,male,back
HAM_0001916,ISIC_0033537,nv,0,HAM10000_images_part_2/ISIC_0033537.jpg,consensus,20.0,male,back
HAM_0005313,ISIC_0033335,nv,0,HAM10000_images_part_2/ISIC_0033335.jpg,consensus,20.0,male,back
HAM_0000488,ISIC_0032930,nv,0,HAM10000_images_part_2/ISIC_0032930.jpg,consensus,40.0,male,back
HAM_0007376,ISIC_0032616,nv,0,HAM10000_images_part_2/ISIC_0032616.jpg,consensus,40.0,male,back
HAM_0007333,ISIC_0033614,nv,0,HAM10000_images_part_2/ISIC_0033614.jpg,consensus,40.0,male,unknown
HAM_0007184,ISIC_0033436,nv,0,HAM10000_images_part_2/ISIC_0033436.jpg,consensus,40.0,male,unknown
HAM_0005316,ISIC_0033907,nv,0,HAM10000_images_part_2/ISIC_0033907.jpg,consensus,35.0,male,unknown
HAM_0005316,ISIC_0033139,nv,0,HAM10000_images_part_2/ISIC_0033139.jpg,consensus,35.0,male,unknown
HAM_0001106,ISIC_0033225,nv,0,HAM10000_images_part_2/ISIC_0033225.jpg,consensus,35.0,male,chest
HAM_0001106,ISIC_0033615,nv,0,HAM10000_images_part_2/ISIC_0033615.jpg,consensus,35.0,male,chest
HAM_0000675,ISIC_0033418,nv,0,HAM10000_images_part_2/ISIC_0033418.jpg,consensus,35.0,male,abdomen
HAM_0000675,ISIC_0034054,nv,0,HAM10000_images_part_2/ISIC_0034054.jpg,consensus,35.0,male,abdomen
HAM_0000214,ISIC_0033364,nv,0,HAM10000_images_part_2/ISIC_0033364.jpg,consensus,25.0,female,foot
HAM_0005263,ISIC_0034163,nv,0,HAM10000_images_part_2/ISIC_0034163.jpg,consensus,40.0,male,trunk
HAM_0005263,ISIC_0034277,nv,0,HAM10000_images_part_2/ISIC_0034277.jpg,consensus,40.0,male,trunk
HAM_0005263,ISIC_0034147,nv,0,HAM10000_images_part_2/ISIC_0034147.jpg,consensus,40.0,male,trunk
HAM_0005263,ISIC_0033247,nv,0,HAM10000_images_part_2/ISIC_0033247.jpg,consensus,40.0,male,trunk
HAM_0005263,ISIC_0033918,nv,0,HAM10000_images_part_2/ISIC_0033918.jpg,consensus,40.0,male,trunk
HAM_0005263,ISIC_0032889,nv,0,HAM10000_images_part_2/ISIC_0032889.jpg,consensus,40.0,male,trunk
HAM_0004387,ISIC_0033132,nv,0,HAM10000_images_part_2/ISIC_0033132.jpg,consensus,55.0,female,trunk
HAM_0004387,ISIC_0033821,nv,0,HAM10000_images_part_2/ISIC_0033821.jpg,consensus,55.0,female,trunk
HAM_0005434,ISIC_0033457,nv,0,HAM10000_images_part_2/ISIC_0033457.jpg,consensus,55.0,female,trunk
HAM_0003774,ISIC_0033588,nv,0,HAM10000_images_part_2/ISIC_0033588.jpg,consensus,85.0,male,back
HAM_0003774,ISIC_0033144,nv,0,HAM10000_images_part_2/ISIC_0033144.jpg,consensus,85.0,male,back
HAM_0005641,ISIC_0033916,nv,0,HAM10000_images_part_2/ISIC_0033916.jpg,consensus,85.0,male,unknown
HAM_0005641,ISIC_0032554,nv,0,HAM10000_images_part_2/ISIC_0032554.jpg,consensus,85.0,male,unknown
HAM_0006353,ISIC_0033997,nv,0,HAM10000_images_part_2/ISIC_0033997.jpg,consensus,40.0,female,lower extremity
HAM_0006353,ISIC_0032712,nv,0,HAM10000_images_part_2/ISIC_0032712.jpg,consensus,40.0,female,lower extremity
HAM_0006353,ISIC_0033164,nv,0,HAM10000_images_part_2/ISIC_0033164.jpg,consensus,40.0,female,lower extremity
HAM_0004392,ISIC_0033395,nv,0,HAM10000_images_part_2/ISIC_0033395.jpg,consensus,20.0,female,lower extremity
HAM_0004392,ISIC_0033355,nv,0,HAM10000_images_part_2/ISIC_0033355.jpg,consensus,20.0,female,lower extremity
HAM_0004392,ISIC_0033095,nv,0,HAM10000_images_part_2/ISIC_0033095.jpg,consensus,20.0,female,lower extremity
HAM_0002876,ISIC_0033082,nv,0,HAM10000_images_part_2/ISIC_0033082.jpg,consensus,25.0,male,abdomen
HAM_0002876,ISIC_0034098,nv,0,HAM10000_images_part_2/ISIC_0034098.jpg,consensus,25.0,male,abdomen
HAM_0007478,ISIC_0033040,nv,0,HAM10000_images_part_2/ISIC_0033040.jpg,consensus,30.0,male,back
HAM_0001490,ISIC_0033176,nv,0,HAM10000_images_part_2/ISIC_0033176.jpg,consensus,30.0,male,back
HAM_0005717,ISIC_0032658,nv,0,HAM10000_images_part_2/ISIC_0032658.jpg,consensus,30.0,male,back
HAM_0004572,ISIC_0032868,nv,0,HAM10000_images_part_2/ISIC_0032868.jpg,consensus,30.0,male,back
HAM_0003945,ISIC_0032528,nv,0,HAM10000_images_part_2/ISIC_0032528.jpg,consensus,30.0,male,back
HAM_0002569,ISIC_0034018,nv,0,HAM10000_images_part_2/ISIC_0034018.jpg,consensus,30.0,male,back
HAM_0005062,ISIC_0033211,nv,0,HAM10000_images_part_2/ISIC_0033211.jpg,consensus,70.0,female,back
HAM_0005062,ISIC_0033617,nv,0,HAM10000_images_part_2/ISIC_0033617.jpg,consensus,70.0,female,back
HAM_0005062,ISIC_0033889,nv,0,HAM10000_images_part_2/ISIC_0033889.jpg,consensus,70.0,female,back
HAM_0004165,ISIC_0033346,nv,0,HAM10000_images_part_2/ISIC_0033346.jpg,consensus,75.0,male,back
HAM_0004165,ISIC_0034219,nv,0,HAM10000_images_part_2/ISIC_0034219.jpg,consensus,75.0,male,back
HAM_0003777,ISIC_0033584,nv,0,HAM10000_images_part_2/ISIC_0033584.jpg,consensus,30.0,female,back
HAM_0003777,ISIC_0033118,nv,0,HAM10000_images_part_2/ISIC_0033118.jpg,consensus,30.0,female,back
HAM_0002755,ISIC_0032523,nv,0,HAM10000_images_part_2/ISIC_0032523.jpg,consensus,65.0,male,abdomen
HAM_0002755,ISIC_0033159,nv,0,HAM10000_images_part_2/ISIC_0033159.jpg,consensus,65.0,male,abdomen
HAM_0001613,ISIC_0033542,nv,0,HAM10000_images_part_2/ISIC_0033542.jpg,consensus,65.0,male,abdomen
HAM_0001613,ISIC_0032748,nv,0,HAM10000_images_part_2/ISIC_0032748.jpg,consensus,65.0,male,abdomen
HAM_0005059,ISIC_0034027,nv,0,HAM10000_images_part_2/ISIC_0034027.jpg,consensus,70.0,male,upper extremity
HAM_0002724,ISIC_0032580,nv,0,HAM10000_images_part_2/ISIC_0032580.jpg,consensus,70.0,male,upper extremity
HAM_0002724,ISIC_0033692,nv,0,HAM10000_images_part_2/ISIC_0033692.jpg,consensus,70.0,male,upper extremity
HAM_0002074,ISIC_0032575,nv,0,HAM10000_images_part_2/ISIC_0032575.jpg,consensus,40.0,female,face
HAM_0002074,ISIC_0032793,nv,0,HAM10000_images_part_2/ISIC_0032793.jpg,consensus,40.0,female,face
HAM_0005115,ISIC_0033766,nv,0,HAM10000_images_part_2/ISIC_0033766.jpg,consensus,35.0,male,upper extremity
HAM_0005115,ISIC_0033008,nv,0,HAM10000_images_part_2/ISIC_0033008.jpg,consensus,35.0,male,upper extremity
HAM_0000181,ISIC_0033543,nv,0,HAM10000_images_part_2/ISIC_0033543.jpg,consensus,45.0,male,trunk
HAM_0000181,ISIC_0034185,nv,0,HAM10000_images_part_2/ISIC_0034185.jpg,consensus,45.0,male,trunk
HAM_0005353,ISIC_0033842,nv,0,HAM10000_images_part_2/ISIC_0033842.jpg,consensus,30.0,male,back
HAM_0005353,ISIC_0032923,nv,0,HAM10000_images_part_2/ISIC_0032923.jpg,consensus,30.0,male,back
HAM_0004016,ISIC_0032935,nv,0,HAM10000_images_part_2/ISIC_0032935.jpg,consensus,30.0,male,back
HAM_0005689,ISIC_0034229,nv,0,HAM10000_images_part_2/ISIC_0034229.jpg,consensus,20.0,male,back
HAM_0005689,ISIC_0028066,nv,0,HAM10000_images_part_1/ISIC_0028066.jpg,consensus,20.0,male,back
HAM_0005308,ISIC_0032828,nv,0,HAM10000_images_part_2/ISIC_0032828.jpg,consensus,20.0,male,back
HAM_0000650,ISIC_0033464,nv,0,HAM10000_images_part_2/ISIC_0033464.jpg,consensus,20.0,male,back
HAM_0004346,ISIC_0033577,nv,0,HAM10000_images_part_2/ISIC_0033577.jpg,consensus,40.0,female,unknown
HAM_0004348,ISIC_0033895,nv,0,HAM10000_images_part_2/ISIC_0033895.jpg,consensus,40.0,female,unknown
HAM_0004344,ISIC_0032678,nv,0,HAM10000_images_part_2/ISIC_0032678.jpg,consensus,40.0,female,unknown
HAM_0004350,ISIC_0033970,nv,0,HAM10000_images_part_2/ISIC_0033970.jpg,consensus,40.0,female,unknown
HAM_0004349,ISIC_0033896,nv,0,HAM10000_images_part_2/ISIC_0033896.jpg,consensus,40.0,female,unknown
HAM_0004352,ISIC_0034250,nv,0,HAM10000_images_part_2/ISIC_0034250.jpg,consensus,40.0,female,unknown
HAM_0004347,ISIC_0033690,nv,0,HAM10000_images_part_2/ISIC_0033690.jpg,consensus,40.0,female,unknown
HAM_0004351,ISIC_0034193,nv,0,HAM10000_images_part_2/ISIC_0034193.jpg,consensus,40.0,female,unknown
HAM_0004345,ISIC_0033208,nv,0,HAM10000_images_part_2/ISIC_0033208.jpg,consensus,40.0,female,unknown
HAM_0003809,ISIC_0032402,nv,0,HAM10000_images_part_2/ISIC_0032402.jpg,consensus,40.0,male,unknown
HAM_0003810,ISIC_0034309,nv,0,HAM10000_images_part_2/ISIC_0034309.jpg,consensus,40.0,male,unknown
HAM_0003811,ISIC_0032900,nv,0,HAM10000_images_part_2/ISIC_0032900.jpg,consensus,40.0,male,unknown
HAM_0003812,ISIC_0033898,nv,0,HAM10000_images_part_2/ISIC_0033898.jpg,consensus,40.0,male,unknown
HAM_0003815,ISIC_0024715,nv,0,HAM10000_images_part_1/ISIC_0024715.jpg,consensus,40.0,male,unknown
HAM_0003816,ISIC_0029152,nv,0,HAM10000_images_part_1/ISIC_0029152.jpg,consensus,40.0,male,unknown
HAM_0003818,ISIC_0033622,nv,0,HAM10000_images_part_2/ISIC_0033622.jpg,consensus,40.0,male,unknown
HAM_0003819,ISIC_0027689,nv,0,HAM10000_images_part_1/ISIC_0027689.jpg,consensus,40.0,male,unknown
HAM_0003807,ISIC_0032655,bkl,0,HAM10000_images_part_2/ISIC_0032655.jpg,consensus,40.0,male,unknown
HAM_0006233,ISIC_0033290,nv,0,HAM10000_images_part_2/ISIC_0033290.jpg,consensus,60.0,male,unknown
HAM_0006239,ISIC_0034177,nv,0,HAM10000_images_part_2/ISIC_0034177.jpg,consensus,60.0,male,unknown
HAM_0006235,ISIC_0033681,nv,0,HAM10000_images_part_2/ISIC_0033681.jpg,consensus,60.0,male,unknown
HAM_0006236,ISIC_0033741,nv,0,HAM10000_images_part_2/ISIC_0033741.jpg,consensus,60.0,male,unknown
HAM_0006234,ISIC_0033341,nv,0,HAM10000_images_part_2/ISIC_0033341.jpg,consensus,60.0,male,unknown
HAM_0006231,ISIC_0032849,nv,0,HAM10000_images_part_2/ISIC_0032849.jpg,consensus,60.0,male,unknown
HAM_0006232,ISIC_0033043,nv,0,HAM10000_images_part_2/ISIC_0033043.jpg,consensus,60.0,male,unknown
HAM_0006230,ISIC_0032632,nv,0,HAM10000_images_part_2/ISIC_0032632.jpg,consensus,60.0,male,unknown
HAM_0004215,ISIC_0034302,nv,0,HAM10000_images_part_2/ISIC_0034302.jpg,consensus,40.0,female,unknown
HAM_0004212,ISIC_0034114,nv,0,HAM10000_images_part_2/ISIC_0034114.jpg,consensus,40.0,female,unknown
HAM_0004191,ISIC_0032562,nv,0,HAM10000_images_part_2/ISIC_0032562.jpg,consensus,40.0,female,unknown
HAM_0004206,ISIC_0033826,nv,0,HAM10000_images_part_2/ISIC_0033826.jpg,consensus,40.0,female,unknown
HAM_0004196,ISIC_0033421,nv,0,HAM10000_images_part_2/ISIC_0033421.jpg,consensus,40.0,female,unknown
HAM_0004197,ISIC_0033467,nv,0,HAM10000_images_part_2/ISIC_0033467.jpg,consensus,40.0,female,unknown
HAM_0004205,ISIC_0033797,nv,0,HAM10000_images_part_2/ISIC_0033797.jpg,consensus,40.0,female,unknown
HAM_0004204,ISIC_0033772,nv,0,HAM10000_images_part_2/ISIC_0033772.jpg,consensus,40.0,female,unknown
HAM_0004188,ISIC_0032996,nv,0,HAM10000_images_part_2/ISIC_0032996.jpg,consensus,40.0,female,unknown
HAM_0004213,ISIC_0034228,nv,0,HAM10000_images_part_2/ISIC_0034228.jpg,consensus,40.0,female,unknown
HAM_0004208,ISIC_0033892,nv,0,HAM10000_images_part_2/ISIC_0033892.jpg,consensus,40.0,female,unknown
HAM_0004181,ISIC_0032571,nv,0,HAM10000_images_part_2/ISIC_0032571.jpg,consensus,40.0,female,unknown
HAM_0004202,ISIC_0033623,nv,0,HAM10000_images_part_2/ISIC_0033623.jpg,consensus,40.0,female,unknown
HAM_0004209,ISIC_0034075,nv,0,HAM10000_images_part_2/ISIC_0034075.jpg,consensus,40.0,female,unknown
HAM_0004183,ISIC_0032606,nv,0,HAM10000_images_part_2/ISIC_0032606.jpg,consensus,40.0,female,unknown
HAM_0004192,ISIC_0033066,nv,0,HAM10000_images_part_2/ISIC_0033066.jpg,consensus,40.0,female,unknown
HAM_0004195,ISIC_0033383,nv,0,HAM10000_images_part_2/ISIC_0033383.jpg,consensus,40.0,female,unknown
HAM_0004207,ISIC_0033858,nv,0,HAM10000_images_part_2/ISIC_0033858.jpg,consensus,40.0,female,unknown
HAM_0004210,ISIC_0034081,nv,0,HAM10000_images_part_2/ISIC_0034081.jpg,consensus,40.0,female,unknown
HAM_0004193,ISIC_0033072,nv,0,HAM10000_images_part_2/ISIC_0033072.jpg,consensus,40.0,female,unknown
HAM_0004186,ISIC_0032759,nv,0,HAM10000_images_part_2/ISIC_0032759.jpg,consensus,40.0,female,unknown
HAM_0004203,ISIC_0033647,nv,0,HAM10000_images_part_2/ISIC_0033647.jpg,consensus,40.0,female,unknown
HAM_0004184,ISIC_0032634,nv,0,HAM10000_images_part_2/ISIC_0032634.jpg,consensus,40.0,female,unknown
HAM_0004187,ISIC_0032956,nv,0,HAM10000_images_part_2/ISIC_0032956.jpg,consensus,40.0,female,unknown
HAM_0004211,ISIC_0034082,nv,0,HAM10000_images_part_2/ISIC_0034082.jpg,consensus,40.0,female,unknown
HAM_0004200,ISIC_0033567,nv,0,HAM10000_images_part_2/ISIC_0033567.jpg,consensus,40.0,female,unknown
HAM_0004216,ISIC_0034312,nv,0,HAM10000_images_part_2/ISIC_0034312.jpg,consensus,40.0,female,unknown
HAM_0006766,ISIC_0033374,nv,0,HAM10000_images_part_2/ISIC_0033374.jpg,consensus,,unknown,unknown
HAM_0007460,ISIC_0032578,nv,0,HAM10000_images_part_2/ISIC_0032578.jpg,consensus,,unknown,unknown
HAM_0006644,ISIC_0033882,nv,0,HAM10000_images_part_2/ISIC_0033882.jpg,consensus,,unknown,unknown
HAM_0005257,ISIC_0033751,nv,0,HAM10000_images_part_2/ISIC_0033751.jpg,consensus,,unknown,unknown
HAM_0001619,ISIC_0033065,nv,0,HAM10000_images_part_2/ISIC_0033065.jpg,consensus,,unknown,unknown
HAM_0001147,ISIC_0033375,nv,0,HAM10000_images_part_2/ISIC_0033375.jpg,consensus,,unknown,unknown
HAM_0004508,ISIC_0033628,nv,0,HAM10000_images_part_2/ISIC_0033628.jpg,consensus,,unknown,unknown
HAM_0007191,ISIC_0032738,nv,0,HAM10000_images_part_2/ISIC_0032738.jpg,consensus,,unknown,unknown
HAM_0001000,ISIC_0033353,nv,0,HAM10000_images_part_2/ISIC_0033353.jpg,consensus,,unknown,unknown
HAM_0000627,ISIC_0034019,nv,0,HAM10000_images_part_2/ISIC_0034019.jpg,consensus,,unknown,unknown
HAM_0002164,ISIC_0032852,nv,0,HAM10000_images_part_2/ISIC_0032852.jpg,consensus,,unknown,unknown
HAM_0000421,ISIC_0034080,nv,0,HAM10000_images_part_2/ISIC_0034080.jpg,consensus,,unknown,unknown
HAM_0003561,ISIC_0034154,nv,0,HAM10000_images_part_2/ISIC_0034154.jpg,consensus,,unknown,unknown
HAM_0004430,ISIC_0032789,nv,0,HAM10000_images_part_2/ISIC_0032789.jpg,consensus,,unknown,unknown
HAM_0007301,ISIC_0033417,nv,0,HAM10000_images_part_2/ISIC_0033417.jpg,consensus,,unknown,unknown
HAM_0003935,ISIC_0033782,nv,0,HAM10000_images_part_2/ISIC_0033782.jpg,consensus,,unknown,unknown
HAM_0007172,ISIC_0034130,nv,0,HAM10000_images_part_2/ISIC_0034130.jpg,consensus,,unknown,unknown
HAM_0003696,ISIC_0032945,nv,0,HAM10000_images_part_2/ISIC_0032945.jpg,consensus,,unknown,unknown
HAM_0002282,ISIC_0034045,nv,0,HAM10000_images_part_2/ISIC_0034045.jpg,consensus,,unknown,unknown
HAM_0001139,ISIC_0033028,nv,0,HAM10000_images_part_2/ISIC_0033028.jpg,consensus,,unknown,unknown
HAM_0001366,ISIC_0032814,nv,0,HAM10000_images_part_2/ISIC_0032814.jpg,consensus,,unknown,unknown
HAM_0004670,ISIC_0033190,nv,0,HAM10000_images_part_2/ISIC_0033190.jpg,consensus,,unknown,unknown
HAM_0003017,ISIC_0033535,nv,0,HAM10000_images_part_2/ISIC_0033535.jpg,consensus,,unknown,unknown
HAM_0005156,ISIC_0033330,nv,0,HAM10000_images_part_2/ISIC_0033330.jpg,consensus,,unknown,unknown
HAM_0001209,ISIC_0033064,nv,0,HAM10000_images_part_2/ISIC_0033064.jpg,consensus,,unknown,unknown
HAM_0002402,ISIC_0033515,nv,0,HAM10000_images_part_2/ISIC_0033515.jpg,consensus,,unknown,unknown
HAM_0001433,ISIC_0033735,nv,0,HAM10000_images_part_2/ISIC_0033735.jpg,consensus,,unknown,unknown
HAM_0006643,ISIC_0033982,nv,0,HAM10000_images_part_2/ISIC_0033982.jpg,consensus,,unknown,unknown
HAM_0003300,ISIC_0034195,nv,0,HAM10000_images_part_2/ISIC_0034195.jpg,consensus,,unknown,unknown
HAM_0003807,ISIC_0033620,bkl,0,HAM10000_images_part_2/ISIC_0033620.jpg,consensus,40.0,male,unknown
HAM_0003808,ISIC_0034040,bkl,0,HAM10000_images_part_2/ISIC_0034040.jpg,consensus,40.0,male,unknown
HAM_0007069,ISIC_0029355,nv,0,HAM10000_images_part_2/ISIC_0029355.jpg,consensus,50.0,female,lower extremity
HAM_0006720,ISIC_0024725,nv,0,HAM10000_images_part_1/ISIC_0024725.jpg,consensus,0.0,female,lower extremity
HAM_0006720,ISIC_0031259,nv,0,HAM10000_images_part_2/ISIC_0031259.jpg,consensus,0.0,female,lower extremity
HAM_0000057,ISIC_0026391,nv,0,HAM10000_images_part_1/ISIC_0026391.jpg,consensus,30.0,male,unknown
HAM_0000057,ISIC_0025122,nv,0,HAM10000_images_part_1/ISIC_0025122.jpg,consensus,30.0,male,unknown
HAM_0006861,ISIC_0031216,nv,0,HAM10000_images_part_2/ISIC_0031216.jpg,consensus,50.0,female,back
HAM_0006861,ISIC_0031769,nv,0,HAM10000_images_part_2/ISIC_0031769.jpg,consensus,50.0,female,back
HAM_0007122,ISIC_0025816,nv,0,HAM10000_images_part_1/ISIC_0025816.jpg,consensus,75.0,male,lower extremity
HAM_0007069,ISIC_0031209,nv,0,HAM10000_images_part_2/ISIC_0031209.jpg,consensus,50.0,female,lower extremity
HAM_0005696,ISIC_0028014,nv,0,HAM10000_images_part_1/ISIC_0028014.jpg,consensus,30.0,male,back
HAM_0005696,ISIC_0025499,nv,0,HAM10000_images_part_1/ISIC_0025499.jpg,consensus,30.0,male,back
HAM_0005522,ISIC_0032379,nv,0,HAM10000_images_part_2/ISIC_0032379.jpg,consensus,65.0,male,upper extremity
HAM_0005522,ISIC_0029368,nv,0,HAM10000_images_part_2/ISIC_0029368.jpg,consensus,65.0,male,upper extremity
HAM_0005347,ISIC_0025653,nv,0,HAM10000_images_part_1/ISIC_0025653.jpg,consensus,55.0,female,chest
HAM_0005347,ISIC_0027265,nv,0,HAM10000_images_part_1/ISIC_0027265.jpg,consensus,55.0,female,chest
HAM_0002566,ISIC_0024437,nv,0,HAM10000_images_part_1/ISIC_0024437.jpg,consensus,55.0,female,chest
HAM_0002566,ISIC_0031105,nv,0,HAM10000_images_part_2/ISIC_0031105.jpg,consensus,55.0,female,chest
HAM_0001393,ISIC_0027418,nv,0,HAM10000_images_part_1/ISIC_0027418.jpg,consensus,55.0,female,back
HAM_0001393,ISIC_0029030,nv,0,HAM10000_images_part_1/ISIC_0029030.jpg,consensus,55.0,female,back
HAM_0002408,ISIC_0031359,nv,0,HAM10000_images_part_2/ISIC_0031359.jpg,consensus,65.0,male,neck
HAM_0002408,ISIC_0031454,nv,0,HAM10000_images_part_2/ISIC_0031454.jpg,consensus,65.0,male,neck
HAM_0000258,ISIC_0030909,nv,0,HAM10000_images_part_2/ISIC_0030909.jpg,consensus,30.0,female,scalp
HAM_0000258,ISIC_0031323,nv,0,HAM10000_images_part_2/ISIC_0031323.jpg,consensus,30.0,female,scalp
HAM_0004742,ISIC_0031791,nv,0,HAM10000_images_part_2/ISIC_0031791.jpg,consensus,50.0,female,back
HAM_0004742,ISIC_0028338,nv,0,HAM10000_images_part_1/ISIC_0028338.jpg,consensus,50.0,female,back
HAM_0001633,ISIC_0028618,nv,0,HAM10000_images_part_1/ISIC_0028618.jpg,consensus,70.0,male,unknown
HAM_0001633,ISIC_0031488,nv,0,HAM10000_images_part_2/ISIC_0031488.jpg,consensus,70.0,male,unknown
HAM_0005091,ISIC_0027345,nv,0,HAM10000_images_part_1/ISIC_0027345.jpg,consensus,50.0,female,chest
HAM_0005091,ISIC_0031148,nv,0,HAM10000_images_part_2/ISIC_0031148.jpg,consensus,50.0,female,chest
HAM_0005018,ISIC_0028008,nv,0,HAM10000_images_part_1/ISIC_0028008.jpg,consensus,55.0,male,upper extremity
HAM_0005018,ISIC_0026440,nv,0,HAM10000_images_part_1/ISIC_0026440.jpg,consensus,55.0,male,upper extremity
HAM_0007122,ISIC_0028399,nv,0,HAM10000_images_part_1/ISIC_0028399.jpg,consensus,75.0,male,lower extremity
HAM_0001410,ISIC_0029143,nv,0,HAM10000_images_part_1/ISIC_0029143.jpg,consensus,15.0,female,chest
HAM_0003965,ISIC_0025652,nv,0,HAM10000_images_part_1/ISIC_0025652.jpg,consensus,15.0,female,back
HAM_0002554,ISIC_0028585,nv,0,HAM10000_images_part_1/ISIC_0028585.jpg,consensus,30.0,male,back
HAM_0002554,ISIC_0032102,nv,0,HAM10000_images_part_2/ISIC_0032102.jpg,consensus,30.0,male,back
HAM_0003384,ISIC_0031299,nv,0,HAM10000_images_part_2/ISIC_0031299.jpg,consensus,55.0,female,chest
HAM_0003384,ISIC_0028438,nv,0,HAM10000_images_part_1/ISIC_0028438.jpg,consensus,55.0,female,chest
HAM_0001410,ISIC_0024830,nv,0,HAM10000_images_part_1/ISIC_0024830.jpg,consensus,15.0,female,chest
HAM_0003965,ISIC_0028380,nv,0,HAM10000_images_part_1/ISIC_0028380.jpg,consensus,15.0,female,back
HAM_0000102,ISIC_0031547,nv,0,HAM10000_images_part_2/ISIC_0031547.jpg,consensus,20.0,male,back
HAM_0000102,ISIC_0032221,nv,0,HAM10000_images_part_2/ISIC_0032221.jpg,consensus,20.0,male,back
HAM_0003322,ISIC_0031649,nv,0,HAM10000_images_part_2/ISIC_0031649.jpg,consensus,50.0,female,face
HAM_0002644,ISIC_0029417,akiec,1,HAM10000_images_part_2/ISIC_0029417.jpg,histo,80.0,female,neck
HAM_0000549,ISIC_0029360,akiec,1,HAM10000_images_part_2/ISIC_0029360.jpg,histo,70.0,male,upper extremity
HAM_0000549,ISIC_0026152,akiec,1,HAM10000_images_part_1/ISIC_0026152.jpg,histo,70.0,male,upper extremity
HAM_0000673,ISIC_0029659,akiec,1,HAM10000_images_part_2/ISIC_0029659.jpg,histo,70.0,female,face
HAM_0005282,ISIC_0025178,akiec,1,HAM10000_images_part_1/ISIC_0025178.jpg,histo,65.0,male,lower extremity
HAM_0005282,ISIC_0028730,akiec,1,HAM10000_images_part_1/ISIC_0028730.jpg,histo,65.0,male,lower extremity
HAM_0006898,ISIC_0029041,akiec,1,HAM10000_images_part_1/ISIC_0029041.jpg,histo,80.0,male,scalp
HAM_0006898,ISIC_0031040,akiec,1,HAM10000_images_part_2/ISIC_0031040.jpg,histo,80.0,male,scalp
HAM_0001694,ISIC_0032173,akiec,1,HAM10000_images_part_2/ISIC_0032173.jpg,histo,80.0,female,upper extremity
HAM_0002061,ISIC_0030408,akiec,1,HAM10000_images_part_2/ISIC_0030408.jpg,histo,80.0,male,scalp
HAM_0001526,ISIC_0027795,akiec,1,HAM10000_images_part_1/ISIC_0027795.jpg,histo,70.0,male,ear
HAM_0001495,ISIC_0024913,akiec,1,HAM10000_images_part_1/ISIC_0024913.jpg,histo,85.0,male,back
HAM_0005027,ISIC_0032329,akiec,1,HAM10000_images_part_2/ISIC_0032329.jpg,histo,85.0,female,back
HAM_0003422,ISIC_0031198,akiec,1,HAM10000_images_part_2/ISIC_0031198.jpg,histo,55.0,female,neck
HAM_0006746,ISIC_0026872,akiec,1,HAM10000_images_part_1/ISIC_0026872.jpg,histo,85.0,male,lower extremity
HAM_0002672,ISIC_0025948,akiec,1,HAM10000_images_part_1/ISIC_0025948.jpg,histo,75.0,male,face
HAM_0006898,ISIC_0030242,akiec,1,HAM10000_images_part_2/ISIC_0030242.jpg,histo,80.0,male,scalp
HAM_0004243,ISIC_0031119,akiec,1,HAM10000_images_part_2/ISIC_0031119.jpg,histo,80.0,male,face
HAM_0002745,ISIC_0024562,akiec,1,HAM10000_images_part_1/ISIC_0024562.jpg,histo,75.0,male,chest
HAM_0001621,ISIC_0030297,akiec,1,HAM10000_images_part_2/ISIC_0030297.jpg,histo,70.0,female,face
HAM_0006893,ISIC_0027084,akiec,1,HAM10000_images_part_1/ISIC_0027084.jpg,histo,65.0,female,lower extremity
HAM_0003989,ISIC_0030714,akiec,1,HAM10000_images_part_2/ISIC_0030714.jpg,histo,70.0,female,face
HAM_0002343,ISIC_0028158,akiec,1,HAM10000_images_part_1/ISIC_0028158.jpg,histo,70.0,female,back
HAM_0003688,ISIC_0028231,akiec,1,HAM10000_images_part_1/ISIC_0028231.jpg,histo,80.0,male,upper extremity
HAM_0004846,ISIC_0026411,akiec,1,HAM10000_images_part_1/ISIC_0026411.jpg,histo,70.0,female,hand
HAM_0004012,ISIC_0030803,akiec,1,HAM10000_images_part_2/ISIC_0030803.jpg,histo,65.0,female,face
HAM_0004012,ISIC_0025831,akiec,1,HAM10000_images_part_1/ISIC_0025831.jpg,histo,65.0,female,face
HAM_0007354,ISIC_0027719,akiec,1,HAM10000_images_part_1/ISIC_0027719.jpg,histo,60.0,male,back
HAM_0004376,ISIC_0024843,akiec,1,HAM10000_images_part_1/ISIC_0024843.jpg,histo,70.0,female,face
HAM_0001922,ISIC_0031874,akiec,1,HAM10000_images_part_2/ISIC_0031874.jpg,histo,65.0,female,face
HAM_0007601,ISIC_0032437,akiec,1,HAM10000_images_part_2/ISIC_0032437.jpg,histo,65.0,male,upper extremity
HAM_0006222,ISIC_0025069,akiec,1,HAM10000_images_part_1/ISIC_0025069.jpg,histo,75.0,male,upper extremity
HAM_0002158,ISIC_0025411,akiec,1,HAM10000_images_part_1/ISIC_0025411.jpg,histo,50.0,male,upper extremity
HAM_0000718,ISIC_0025130,akiec,1,HAM10000_images_part_1/ISIC_0025130.jpg,histo,80.0,female,face
HAM_0007085,ISIC_0030076,akiec,1,HAM10000_images_part_2/ISIC_0030076.jpg,histo,85.0,female,upper extremity
HAM_0003123,ISIC_0028816,akiec,1,HAM10000_images_part_1/ISIC_0028816.jpg,histo,60.0,male,face
HAM_0003123,ISIC_0028232,akiec,1,HAM10000_images_part_1/ISIC_0028232.jpg,histo,60.0,male,face
HAM_0003501,ISIC_0026927,akiec,1,HAM10000_images_part_1/ISIC_0026927.jpg,histo,75.0,male,lower extremity
HAM_0005958,ISIC_0027577,akiec,1,HAM10000_images_part_1/ISIC_0027577.jpg,histo,55.0,male,face
HAM_0001337,ISIC_0032455,akiec,1,HAM10000_images_part_2/ISIC_0032455.jpg,histo,80.0,male,upper extremity
HAM_0002185,ISIC_0030794,akiec,1,HAM10000_images_part_2/ISIC_0030794.jpg,histo,65.0,male,lower extremity
HAM_0005889,ISIC_0029930,akiec,1,HAM10000_images_part_2/ISIC_0029930.jpg,histo,70.0,female,face
HAM_0002012,ISIC_0026327,akiec,1,HAM10000_images_part_1/ISIC_0026327.jpg,histo,55.0,female,upper extremity
HAM_0003586,ISIC_0027678,akiec,1,HAM10000_images_part_1/ISIC_0027678.jpg,histo,60.0,male,back
HAM_0005413,ISIC_0029362,akiec,1,HAM10000_images_part_2/ISIC_0029362.jpg,histo,80.0,female,face
HAM_0005413,ISIC_0028132,akiec,1,HAM10000_images_part_1/ISIC_0028132.jpg,histo,80.0,female,face
HAM_0001453,ISIC_0030991,akiec,1,HAM10000_images_part_2/ISIC_0030991.jpg,histo,45.0,male,face
HAM_0003455,ISIC_0027958,akiec,1,HAM10000_images_part_1/ISIC_0027958.jpg,histo,75.0,male,hand
HAM_0003455,ISIC_0027896,akiec,1,HAM10000_images_part_1/ISIC_0027896.jpg,histo,75.0,male,hand
HAM_0001234,ISIC_0031940,akiec,1,HAM10000_images_part_2/ISIC_0031940.jpg,histo,55.0,female,lower extremity
HAM_0003501,ISIC_0029582,akiec,1,HAM10000_images_part_2/ISIC_0029582.jpg,histo,75.0,male,lower extremity
HAM_0006560,ISIC_0026729,akiec,1,HAM10000_images_part_1/ISIC_0026729.jpg,histo,50.0,male,face
HAM_0006482,ISIC_0028372,akiec,1,HAM10000_images_part_1/ISIC_0028372.jpg,histo,55.0,female,hand
HAM_0006482,ISIC_0027506,akiec,1,HAM10000_images_part_1/ISIC_0027506.jpg,histo,55.0,female,hand
HAM_0005356,ISIC_0028854,akiec,1,HAM10000_images_part_1/ISIC_0028854.jpg,histo,60.0,male,face
HAM_0005117,ISIC_0025712,akiec,1,HAM10000_images_part_1/ISIC_0025712.jpg,histo,70.0,female,chest
HAM_0004398,ISIC_0025358,akiec,1,HAM10000_images_part_1/ISIC_0025358.jpg,histo,60.0,female,face
HAM_0004441,ISIC_0031852,akiec,1,HAM10000_images_part_2/ISIC_0031852.jpg,histo,85.0,female,upper extremity
HAM_0004363,ISIC_0031609,akiec,1,HAM10000_images_part_2/ISIC_0031609.jpg,histo,55.0,male,face
HAM_0004384,ISIC_0032422,akiec,1,HAM10000_images_part_2/ISIC_0032422.jpg,histo,70.0,male,face
HAM_0004384,ISIC_0030826,akiec,1,HAM10000_images_part_2/ISIC_0030826.jpg,histo,70.0,male,face
HAM_0005389,ISIC_0031012,akiec,1,HAM10000_images_part_2/ISIC_0031012.jpg,histo,70.0,male,lower extremity
HAM_0005389,ISIC_0029533,akiec,1,HAM10000_images_part_2/ISIC_0029533.jpg,histo,70.0,male,lower extremity
HAM_0005389,ISIC_0024372,akiec,1,HAM10000_images_part_1/ISIC_0024372.jpg,histo,70.0,male,lower extremity
HAM_0002441,ISIC_0030491,akiec,1,HAM10000_images_part_2/ISIC_0030491.jpg,histo,80.0,male,scalp
HAM_0001967,ISIC_0029860,akiec,1,HAM10000_images_part_2/ISIC_0029860.jpg,histo,85.0,male,chest
HAM_0002648,ISIC_0027650,akiec,1,HAM10000_images_part_1/ISIC_0027650.jpg,histo,40.0,male,neck
HAM_0002232,ISIC_0025825,akiec,1,HAM10000_images_part_1/ISIC_0025825.jpg,histo,80.0,female,face
HAM_0002261,ISIC_0025808,akiec,1,HAM10000_images_part_1/ISIC_0025808.jpg,histo,50.0,male,back
HAM_0000490,ISIC_0027303,akiec,1,HAM10000_images_part_1/ISIC_0027303.jpg,histo,85.0,male,lower extremity
HAM_0004609,ISIC_0024710,akiec,1,HAM10000_images_part_1/ISIC_0024710.jpg,histo,75.0,male,back
HAM_0004780,ISIC_0029315,akiec,1,HAM10000_images_part_2/ISIC_0029315.jpg,histo,75.0,male,lower extremity
HAM_0003157,ISIC_0029811,akiec,1,HAM10000_images_part_2/ISIC_0029811.jpg,histo,65.0,male,upper extremity
HAM_0005505,ISIC_0024450,akiec,1,HAM10000_images_part_1/ISIC_0024450.jpg,histo,50.0,male,upper extremity
HAM_0005505,ISIC_0031743,akiec,1,HAM10000_images_part_2/ISIC_0031743.jpg,histo,50.0,male,upper extremity
HAM_0005505,ISIC_0026522,akiec,1,HAM10000_images_part_1/ISIC_0026522.jpg,histo,50.0,male,upper extremity
HAM_0006301,ISIC_0024771,akiec,1,HAM10000_images_part_1/ISIC_0024771.jpg,histo,75.0,male,neck
HAM_0000456,ISIC_0026466,akiec,1,HAM10000_images_part_1/ISIC_0026466.jpg,histo,65.0,female,upper extremity
HAM_0007037,ISIC_0030375,akiec,1,HAM10000_images_part_2/ISIC_0030375.jpg,histo,65.0,male,face
HAM_0003051,ISIC_0030175,akiec,1,HAM10000_images_part_2/ISIC_0030175.jpg,histo,85.0,female,upper extremity
HAM_0002705,ISIC_0025089,akiec,1,HAM10000_images_part_1/ISIC_0025089.jpg,histo,65.0,male,scalp
HAM_0002705,ISIC_0027178,akiec,1,HAM10000_images_part_1/ISIC_0027178.jpg,histo,65.0,male,scalp
HAM_0002734,ISIC_0028190,akiec,1,HAM10000_images_part_1/ISIC_0028190.jpg,histo,45.0,male,face
HAM_0006434,ISIC_0028314,akiec,1,HAM10000_images_part_1/ISIC_0028314.jpg,histo,60.0,male,lower extremity
HAM_0005027,ISIC_0026138,akiec,1,HAM10000_images_part_1/ISIC_0026138.jpg,histo,85.0,female,back
HAM_0005264,ISIC_0029371,akiec,1,HAM10000_images_part_2/ISIC_0029371.jpg,histo,45.0,male,back
HAM_0005264,ISIC_0031659,akiec,1,HAM10000_images_part_2/ISIC_0031659.jpg,histo,45.0,male,back
HAM_0005264,ISIC_0024946,akiec,1,HAM10000_images_part_1/ISIC_0024946.jpg,histo,45.0,male,back
HAM_0001890,ISIC_0030707,akiec,1,HAM10000_images_part_2/ISIC_0030707.jpg,histo,80.0,female,upper extremity
HAM_0004563,ISIC_0031211,akiec,1,HAM10000_images_part_2/ISIC_0031211.jpg,histo,75.0,male,lower extremity
HAM_0000552,ISIC_0028872,akiec,1,HAM10000_images_part_1/ISIC_0028872.jpg,histo,55.0,male,lower extremity
HAM_0005924,ISIC_0030953,akiec,1,HAM10000_images_part_2/ISIC_0030953.jpg,histo,80.0,female,upper extremity
HAM_0005924,ISIC_0025196,akiec,1,HAM10000_images_part_1/ISIC_0025196.jpg,histo,80.0,female,upper extremity
HAM_0006604,ISIC_0030821,akiec,1,HAM10000_images_part_2/ISIC_0030821.jpg,histo,75.0,male,neck
HAM_0007008,ISIC_0031292,akiec,1,HAM10000_images_part_2/ISIC_0031292.jpg,histo,60.0,male,hand
HAM_0000552,ISIC_0026083,akiec,1,HAM10000_images_part_1/ISIC_0026083.jpg,histo,55.0,male,lower extremity
HAM_0002771,ISIC_0029059,akiec,1,HAM10000_images_part_1/ISIC_0029059.jpg,histo,80.0,female,lower extremity
HAM_0006213,ISIC_0025182,akiec,1,HAM10000_images_part_1/ISIC_0025182.jpg,histo,60.0,female,hand
HAM_0001178,ISIC_0031570,akiec,1,HAM10000_images_part_2/ISIC_0031570.jpg,histo,70.0,female,back
HAM_0003380,ISIC_0024418,akiec,1,HAM10000_images_part_1/ISIC_0024418.jpg,histo,75.0,female,lower extremity
HAM_0003380,ISIC_0027343,akiec,1,HAM10000_images_part_1/ISIC_0027343.jpg,histo,75.0,female,lower extremity
HAM_0003939,ISIC_0027172,akiec,1,HAM10000_images_part_1/ISIC_0027172.jpg,histo,75.0,male,face
HAM_0001176,ISIC_0028644,akiec,1,HAM10000_images_part_1/ISIC_0028644.jpg,histo,65.0,female,abdomen
HAM_0001624,ISIC_0032277,akiec,1,HAM10000_images_part_2/ISIC_0032277.jpg,histo,85.0,male,scalp
HAM_0002461,ISIC_0025953,akiec,1,HAM10000_images_part_1/ISIC_0025953.jpg,histo,65.0,male,face
HAM_0005255,ISIC_0025811,akiec,1,HAM10000_images_part_1/ISIC_0025811.jpg,histo,55.0,male,upper extremity
HAM_0003262,ISIC_0026212,akiec,1,HAM10000_images_part_1/ISIC_0026212.jpg,histo,45.0,male,face
HAM_0006483,ISIC_0032371,akiec,1,HAM10000_images_part_2/ISIC_0032371.jpg,histo,75.0,male,upper extremity
HAM_0005459,ISIC_0029610,akiec,1,HAM10000_images_part_2/ISIC_0029610.jpg,histo,85.0,male,upper extremity
HAM_0004609,ISIC_0030785,akiec,1,HAM10000_images_part_2/ISIC_0030785.jpg,histo,75.0,male,back
HAM_0004809,ISIC_0029840,akiec,1,HAM10000_images_part_2/ISIC_0029840.jpg,histo,60.0,male,face
HAM_0005978,ISIC_0030143,akiec,1,HAM10000_images_part_2/ISIC_0030143.jpg,histo,65.0,female,face
HAM_0002307,ISIC_0032154,akiec,1,HAM10000_images_part_2/ISIC_0032154.jpg,histo,75.0,male,chest
HAM_0002307,ISIC_0026549,akiec,1,HAM10000_images_part_1/ISIC_0026549.jpg,histo,75.0,male,chest
HAM_0000982,ISIC_0032356,akiec,1,HAM10000_images_part_2/ISIC_0032356.jpg,histo,60.0,male,lower extremity
HAM_0000954,ISIC_0026100,akiec,1,HAM10000_images_part_1/ISIC_0026100.jpg,histo,70.0,male,lower extremity
HAM_0000954,ISIC_0029567,akiec,1,HAM10000_images_part_2/ISIC_0029567.jpg,histo,70.0,male,lower extremity
HAM_0002441,ISIC_0031381,akiec,1,HAM10000_images_part_2/ISIC_0031381.jpg,histo,80.0,male,scalp
HAM_0002646,ISIC_0028558,akiec,1,HAM10000_images_part_1/ISIC_0028558.jpg,histo,75.0,male,face
HAM_0004568,ISIC_0027529,akiec,1,HAM10000_images_part_1/ISIC_0027529.jpg,histo,50.0,male,upper extremity
HAM_0004568,ISIC_0024463,akiec,1,HAM10000_images_part_1/ISIC_0024463.jpg,histo,50.0,male,upper extremity
HAM_0004568,ISIC_0028795,akiec,1,HAM10000_images_part_1/ISIC_0028795.jpg,histo,50.0,male,upper extremity
HAM_0005701,ISIC_0025350,akiec,1,HAM10000_images_part_1/ISIC_0025350.jpg,histo,70.0,male,lower extremity
HAM_0003633,ISIC_0030280,akiec,1,HAM10000_images_part_2/ISIC_0030280.jpg,histo,70.0,male,upper extremity
HAM_0003157,ISIC_0031578,akiec,1,HAM10000_images_part_2/ISIC_0031578.jpg,histo,65.0,male,upper extremity
HAM_0005459,ISIC_0032397,akiec,1,HAM10000_images_part_2/ISIC_0032397.jpg,histo,85.0,male,upper extremity
HAM_0004780,ISIC_0030245,akiec,1,HAM10000_images_part_2/ISIC_0030245.jpg,histo,75.0,male,lower extremity
HAM_0004439,ISIC_0031672,akiec,1,HAM10000_images_part_2/ISIC_0031672.jpg,histo,55.0,female,face
HAM_0004439,ISIC_0030986,akiec,1,HAM10000_images_part_2/ISIC_0030986.jpg,histo,55.0,female,face
HAM_0004439,ISIC_0031431,akiec,1,HAM10000_images_part_2/ISIC_0031431.jpg,histo,55.0,female,face
HAM_0005480,ISIC_0026149,akiec,1,HAM10000_images_part_1/ISIC_0026149.jpg,histo,65.0,male,face
HAM_0005480,ISIC_0025992,akiec,1,HAM10000_images_part_1/ISIC_0025992.jpg,histo,65.0,male,face
HAM_0005459,ISIC_0029268,akiec,1,HAM10000_images_part_1/ISIC_0029268.jpg,histo,85.0,male,upper extremity
HAM_0003401,ISIC_0029598,akiec,1,HAM10000_images_part_2/ISIC_0029598.jpg,histo,55.0,male,face
HAM_0003401,ISIC_0029002,akiec,1,HAM10000_images_part_1/ISIC_0029002.jpg,histo,55.0,male,face
HAM_0002646,ISIC_0029781,akiec,1,HAM10000_images_part_2/ISIC_0029781.jpg,histo,75.0,male,face
HAM_0001565,ISIC_0026709,akiec,1,HAM10000_images_part_1/ISIC_0026709.jpg,histo,60.0,female,face
HAM_0001625,ISIC_0028224,akiec,1,HAM10000_images_part_1/ISIC_0028224.jpg,histo,40.0,female,chest
HAM_0000462,ISIC_0032897,akiec,1,HAM10000_images_part_2/ISIC_0032897.jpg,histo,60.0,female,lower extremity
HAM_0000490,ISIC_0026206,akiec,1,HAM10000_images_part_1/ISIC_0026206.jpg,histo,85.0,male,lower extremity
HAM_0003195,ISIC_0026319,akiec,1,HAM10000_images_part_1/ISIC_0026319.jpg,histo,80.0,male,chest
HAM_0003195,ISIC_0025319,akiec,1,HAM10000_images_part_1/ISIC_0025319.jpg,histo,80.0,male,chest
HAM_0002094,ISIC_0030549,akiec,1,HAM10000_images_part_2/ISIC_0030549.jpg,histo,50.0,male,upper extremity
HAM_0005231,ISIC_0025247,akiec,1,HAM10000_images_part_1/ISIC_0025247.jpg,histo,70.0,male,lower extremity
HAM_0005231,ISIC_0029043,akiec,1,HAM10000_images_part_1/ISIC_0029043.jpg,histo,70.0,male,lower extremity
HAM_0004976,ISIC_0028499,akiec,1,HAM10000_images_part_1/ISIC_0028499.jpg,histo,80.0,female,upper extremity
HAM_0004976,ISIC_0031421,akiec,1,HAM10000_images_part_2/ISIC_0031421.jpg,histo,80.0,female,upper extremity
HAM_0007601,ISIC_0027447,akiec,1,HAM10000_images_part_1/ISIC_0027447.jpg,histo,65.0,male,upper extremity
HAM_0007601,ISIC_0027536,akiec,1,HAM10000_images_part_1/ISIC_0027536.jpg,histo,65.0,male,upper extremity
HAM_0004992,ISIC_0026132,akiec,1,HAM10000_images_part_1/ISIC_0026132.jpg,histo,70.0,male,chest
HAM_0005020,ISIC_0026626,akiec,1,HAM10000_images_part_1/ISIC_0026626.jpg,histo,65.0,female,face
HAM_0005648,ISIC_0027580,akiec,1,HAM10000_images_part_1/ISIC_0027580.jpg,histo,75.0,male,upper extremity
HAM_0005024,ISIC_0025803,akiec,1,HAM10000_images_part_1/ISIC_0025803.jpg,histo,80.0,male,face
HAM_0000909,ISIC_0026981,akiec,1,HAM10000_images_part_1/ISIC_0026981.jpg,histo,55.0,male,lower extremity
HAM_0000909,ISIC_0031286,akiec,1,HAM10000_images_part_2/ISIC_0031286.jpg,histo,55.0,male,lower extremity
HAM_0005255,ISIC_0030158,akiec,1,HAM10000_images_part_2/ISIC_0030158.jpg,histo,55.0,male,upper extremity
HAM_0005718,ISIC_0029549,akiec,1,HAM10000_images_part_2/ISIC_0029549.jpg,histo,70.0,male,back
HAM_0006180,ISIC_0026905,akiec,1,HAM10000_images_part_1/ISIC_0026905.jpg,histo,70.0,male,upper extremity
HAM_0006220,ISIC_0024470,akiec,1,HAM10000_images_part_1/ISIC_0024470.jpg,histo,60.0,male,upper extremity
HAM_0006252,ISIC_0024646,akiec,1,HAM10000_images_part_1/ISIC_0024646.jpg,histo,70.0,female,face
HAM_0006442,ISIC_0033000,akiec,1,HAM10000_images_part_2/ISIC_0033000.jpg,histo,70.0,male,hand
HAM_0006442,ISIC_0033295,akiec,1,HAM10000_images_part_2/ISIC_0033295.jpg,histo,70.0,male,hand
HAM_0006524,ISIC_0031228,akiec,1,HAM10000_images_part_2/ISIC_0031228.jpg,histo,65.0,male,ear
HAM_0006524,ISIC_0024763,akiec,1,HAM10000_images_part_1/ISIC_0024763.jpg,histo,65.0,male,ear
HAM_0006434,ISIC_0028076,akiec,1,HAM10000_images_part_1/ISIC_0028076.jpg,histo,60.0,male,lower extremity
HAM_0006434,ISIC_0030142,akiec,1,HAM10000_images_part_2/ISIC_0030142.jpg,histo,60.0,male,lower extremity
HAM_0006301,ISIC_0024468,akiec,1,HAM10000_images_part_1/ISIC_0024468.jpg,histo,75.0,male,neck
HAM_0001967,ISIC_0025471,akiec,1,HAM10000_images_part_1/ISIC_0025471.jpg,histo,85.0,male,chest
HAM_0006301,ISIC_0031823,akiec,1,HAM10000_images_part_2/ISIC_0031823.jpg,histo,75.0,male,neck
HAM_0006560,ISIC_0028063,akiec,1,HAM10000_images_part_1/ISIC_0028063.jpg,histo,50.0,male,face
HAM_0006560,ISIC_0027802,akiec,1,HAM10000_images_part_1/ISIC_0027802.jpg,histo,50.0,male,face
HAM_0002954,ISIC_0024329,akiec,1,HAM10000_images_part_1/ISIC_0024329.jpg,histo,75.0,female,lower extremity
HAM_0006592,ISIC_0024925,akiec,1,HAM10000_images_part_1/ISIC_0024925.jpg,histo,75.0,male,abdomen
HAM_0000545,ISIC_0029460,akiec,1,HAM10000_images_part_2/ISIC_0029460.jpg,histo,70.0,male,face
HAM_0003107,ISIC_0030844,akiec,1,HAM10000_images_part_2/ISIC_0030844.jpg,histo,80.0,female,upper extremity
HAM_0006887,ISIC_0031993,akiec,1,HAM10000_images_part_2/ISIC_0031993.jpg,histo,45.0,male,face
HAM_0006887,ISIC_0029500,akiec,1,HAM10000_images_part_2/ISIC_0029500.jpg,histo,45.0,male,face
HAM_0007038,ISIC_0032404,akiec,1,HAM10000_images_part_2/ISIC_0032404.jpg,histo,70.0,male,face
HAM_0007088,ISIC_0024800,akiec,1,HAM10000_images_part_1/ISIC_0024800.jpg,histo,50.0,male,back
HAM_0007623,ISIC_0025264,akiec,1,HAM10000_images_part_1/ISIC_0025264.jpg,histo,75.0,male,back
HAM_0000356,ISIC_0026171,akiec,1,HAM10000_images_part_1/ISIC_0026171.jpg,histo,60.0,female,face
HAM_0007303,ISIC_0026457,akiec,1,HAM10000_images_part_1/ISIC_0026457.jpg,histo,75.0,female,lower extremity
HAM_0007308,ISIC_0026848,akiec,1,HAM10000_images_part_1/ISIC_0026848.jpg,histo,55.0,male,face
HAM_0007622,ISIC_0027562,akiec,1,HAM10000_images_part_1/ISIC_0027562.jpg,histo,60.0,female,face
HAM_0002551,ISIC_0024539,akiec,1,HAM10000_images_part_1/ISIC_0024539.jpg,histo,70.0,male,face
HAM_0000832,ISIC_0028763,akiec,1,HAM10000_images_part_1/ISIC_0028763.jpg,histo,85.0,male,upper extremity
HAM_0000918,ISIC_0029133,akiec,1,HAM10000_images_part_1/ISIC_0029133.jpg,histo,65.0,female,face
HAM_0003934,ISIC_0027767,akiec,1,HAM10000_images_part_1/ISIC_0027767.jpg,histo,85.0,male,back
HAM_0001520,ISIC_0027294,akiec,1,HAM10000_images_part_1/ISIC_0027294.jpg,histo,75.0,female,lower extremity
HAM_0001416,ISIC_0025427,akiec,1,HAM10000_images_part_1/ISIC_0025427.jpg,histo,85.0,male,upper extremity
HAM_0003144,ISIC_0032135,akiec,1,HAM10000_images_part_2/ISIC_0032135.jpg,histo,65.0,female,face
HAM_0006587,ISIC_0025780,akiec,1,HAM10000_images_part_1/ISIC_0025780.jpg,histo,70.0,male,face
HAM_0001593,ISIC_0028941,akiec,1,HAM10000_images_part_1/ISIC_0028941.jpg,histo,70.0,female,face
HAM_0002699,ISIC_0029827,akiec,1,HAM10000_images_part_2/ISIC_0029827.jpg,histo,60.0,male,back
HAM_0001023,ISIC_0026468,akiec,1,HAM10000_images_part_1/ISIC_0026468.jpg,histo,50.0,male,hand
HAM_0005228,ISIC_0026702,akiec,1,HAM10000_images_part_1/ISIC_0026702.jpg,histo,80.0,female,face
HAM_0004033,ISIC_0027452,akiec,1,HAM10000_images_part_1/ISIC_0027452.jpg,histo,70.0,male,upper extremity
HAM_0001903,ISIC_0026984,akiec,1,HAM10000_images_part_1/ISIC_0026984.jpg,histo,50.0,male,face
HAM_0001302,ISIC_0032206,akiec,1,HAM10000_images_part_2/ISIC_0032206.jpg,histo,50.0,male,neck
HAM_0000361,ISIC_0032199,akiec,1,HAM10000_images_part_2/ISIC_0032199.jpg,histo,60.0,female,face
HAM_0000462,ISIC_0033869,akiec,1,HAM10000_images_part_2/ISIC_0033869.jpg,histo,60.0,female,lower extremity
HAM_0004363,ISIC_0026857,akiec,1,HAM10000_images_part_1/ISIC_0026857.jpg,histo,55.0,male,face
HAM_0006036,ISIC_0029713,akiec,1,HAM10000_images_part_2/ISIC_0029713.jpg,histo,85.0,male,back
HAM_0005668,ISIC_0028370,akiec,1,HAM10000_images_part_1/ISIC_0028370.jpg,histo,60.0,male,face
HAM_0000239,ISIC_0033866,akiec,1,HAM10000_images_part_2/ISIC_0033866.jpg,histo,80.0,male,face
HAM_0007008,ISIC_0030036,akiec,1,HAM10000_images_part_2/ISIC_0030036.jpg,histo,60.0,male,hand
HAM_0000931,ISIC_0028820,akiec,1,HAM10000_images_part_1/ISIC_0028820.jpg,histo,80.0,male,lower extremity
HAM_0004034,ISIC_0027829,akiec,1,HAM10000_images_part_1/ISIC_0027829.jpg,histo,55.0,female,face
HAM_0003949,ISIC_0027254,akiec,1,HAM10000_images_part_1/ISIC_0027254.jpg,histo,75.0,male,face
HAM_0003910,ISIC_0026194,akiec,1,HAM10000_images_part_1/ISIC_0026194.jpg,histo,30.0,male,face
HAM_0001505,ISIC_0024511,akiec,1,HAM10000_images_part_1/ISIC_0024511.jpg,histo,55.0,female,face
HAM_0006252,ISIC_0026040,akiec,1,HAM10000_images_part_1/ISIC_0026040.jpg,histo,70.0,female,face
HAM_0006220,ISIC_0028517,akiec,1,HAM10000_images_part_1/ISIC_0028517.jpg,histo,60.0,male,upper extremity
HAM_0004809,ISIC_0031108,akiec,1,HAM10000_images_part_2/ISIC_0031108.jpg,histo,60.0,male,face
HAM_0004384,ISIC_0029025,akiec,1,HAM10000_images_part_1/ISIC_0029025.jpg,histo,70.0,male,face
HAM_0000545,ISIC_0026650,akiec,1,HAM10000_images_part_1/ISIC_0026650.jpg,histo,70.0,male,face
HAM_0000193,ISIC_0030877,akiec,1,HAM10000_images_part_2/ISIC_0030877.jpg,histo,60.0,female,face
HAM_0000193,ISIC_0027950,akiec,1,HAM10000_images_part_1/ISIC_0027950.jpg,histo,60.0,female,face
HAM_0006180,ISIC_0027615,akiec,1,HAM10000_images_part_1/ISIC_0027615.jpg,histo,70.0,male,upper extremity
HAM_0006180,ISIC_0028990,akiec,1,HAM10000_images_part_1/ISIC_0028990.jpg,histo,70.0,male,upper extremity
HAM_0000356,ISIC_0030655,akiec,1,HAM10000_images_part_2/ISIC_0030655.jpg,histo,60.0,female,face
HAM_0000020,ISIC_0031922,akiec,1,HAM10000_images_part_2/ISIC_0031922.jpg,histo,60.0,female,face
HAM_0006442,ISIC_0032947,akiec,1,HAM10000_images_part_2/ISIC_0032947.jpg,histo,70.0,male,hand
HAM_0005579,ISIC_0029309,akiec,1,HAM10000_images_part_2/ISIC_0029309.jpg,histo,80.0,male,face
HAM_0005579,ISIC_0028393,akiec,1,HAM10000_images_part_1/ISIC_0028393.jpg,histo,80.0,male,face
HAM_0004034,ISIC_0024948,akiec,1,HAM10000_images_part_1/ISIC_0024948.jpg,histo,55.0,female,face
HAM_0001565,ISIC_0028619,akiec,1,HAM10000_images_part_1/ISIC_0028619.jpg,histo,60.0,female,face
HAM_0001576,ISIC_0033705,akiec,1,HAM10000_images_part_2/ISIC_0033705.jpg,histo,60.0,male,face
HAM_0002867,ISIC_0033084,akiec,1,HAM10000_images_part_2/ISIC_0033084.jpg,histo,40.0,male,abdomen
HAM_0002867,ISIC_0033550,akiec,1,HAM10000_images_part_2/ISIC_0033550.jpg,histo,40.0,male,abdomen
HAM_0002867,ISIC_0033536,akiec,1,HAM10000_images_part_2/ISIC_0033536.jpg,histo,40.0,male,abdomen
HAM_0000239,ISIC_0032854,akiec,1,HAM10000_images_part_2/ISIC_0032854.jpg,histo,80.0,male,face
